Time_s,ECG_mV,Filtered_ECG_mV,R_Peak
0.0,0.02298228,-0.026229925705088135,False
0.004,0.01915231,-0.03468364971670879,False
0.008,-0.02333296,-0.04341878923123514,False
0.012,-0.04930507,-0.05218538949018997,False
0.016,0.00614813,-0.0557121058974272,False
0.02,0.06172421,-0.057829681352493376,False
0.024,0.00886437,-0.05856380928781471,False
0.028,-0.01509532,-0.05811306462793882,False
0.032,0.01389808,-0.05682004179520195,False
0.036,-0.03538324,-0.05512646780604484,False
0.04,0.0010266,-0.053517474857242966,False
0.044,0.00905799,-0.05245939525091983,False
0.048,0.02406729,-0.05233541125439095,False
0.052,0.0059257,-0.05338551149219958,False
0.056,0.02913125,-0.05566047818277067,False
0.06,0.00457611,-0.05900137912540656,False
0.064,0.01973461,-0.06305388740905833,False
0.068,-0.02640591,-0.0673199303145971,False
0.072,0.039104,-0.07123916704242654,False
0.076,-0.05257522,-0.07428345402497505,False
0.08,-0.09969728,-0.07604329637116294,False
0.084,-0.01093261,-0.07628832383377383,False
0.088,-0.01042953,-0.07499201908107186,False
0.092,0.03598097,-0.07232019784476541,False
0.096,0.01579019,-0.06859030687809278,False
0.1,-0.03484589,-0.06421362619585705,False
0.104,0.05275991,-0.059634167120164526,False
0.108,-0.02475543,-0.055275396860097616,False
0.112,-0.00900169,-0.051499818620216936,False
0.116,-0.00495655,-0.048580432654780056,False
0.12,0.02763961,-0.046680500098556094,False
0.124,0.04385161,-0.0458393408547617,False
0.128,0.01875758,-0.04596538930248545,False
0.132,0.0153128,-0.04684110482439165,False
0.136,0.04601346,-0.04814529821617448,False
0.14,0.03647116,-0.04949542114301656,False
0.144,-0.02228865,-0.05050621992565299,False
0.148,-0.02385672,-0.0508551862888706,False
0.152,0.00564427,-0.05034239838109611,False
0.156,0.04116408,-0.04893293251207481,False
0.16,-0.00513633,-0.04677260543859681,False
0.164,0.08182502,-0.04417153215807608,False
0.168,-0.00840686,-0.04155519834026131,False
0.172,-0.01154311,-0.039389427452250866,False
0.176,0.0350223,-0.038092118399204275,False
0.18,0.04944846,-0.0379486372844382,False
0.184,0.03568056,-0.03904804156587074,False
0.188,0.05853972,-0.04125400077677438,False
0.192,0.06289415,-0.0442181521603554,False
0.196,-0.0031096,-0.047435864410043195,False
0.2,-0.03435271,-0.05033620832292005,False
0.204,0.01209705,-0.05239036361233019,False
0.208,0.05127853,-0.05321701493415083,False
0.212,-0.04891865,-0.0526616319389641,False
0.216,0.01408423,-0.050830892054926025,False
0.22,0.04006605,-0.04807373593946265,False
0.224,0.01170829,-0.04491365295268198,False
0.228,0.02928144,-0.04194856048915913,False
0.232,0.03092159,-0.039741614428702804,False
0.236,0.11202802,-0.03872652943287884,False
0.24,0.04892196,-0.0391445638632642,False
0.244,-0.01418867,-0.04102012103165757,False
0.248,-0.01094174,-0.04417248036839829,False
0.252,0.00044299,-0.04825526190170517,False
0.256,0.06445793,-0.05281255761165911,False
0.26,-0.00879443,-0.057340474779555714,False
0.264,0.00502959,-0.061345418785623405,False
0.268,0.05390074,-0.064394946970185,False
0.272,0.00900147,-0.06616025649858712,False
0.276,0.00526334,-0.06644891003020052,False
0.28,-0.0573144,-0.06522373562179662,False
0.284,-0.01239261,-0.06260261639061387,False
0.288,0.01704989,-0.05883583741345029,False
0.292,0.03536693,-0.054261728367820464,False
0.296,0.05013662,-0.04924614475298136,False
0.3,0.02351844,-0.04411627402226008,False
0.304,0.04938155,-0.03910310586715005,False
0.308,0.03448618,-0.034307200735842994,False
0.312,0.05190092,-0.02969732998293425,False
0.316,0.05875002,-0.025142162610246013,False
0.32,0.05832661,-0.020465211893584172,False
0.324,0.00872175,-0.015507012197012903,False
0.328,0.06163667,-0.010178127441728193,False
0.332,0.05563202,-0.00449117727706878,False
0.336,0.11192467,0.0014330491263453782,False
0.34,0.0715943,0.00738343732580489,False
0.344,0.1285941,0.013092709171057579,False
0.348,0.05705089,0.018276851567888636,False
0.352,0.15369185,0.02266923815217877,False
0.356,0.11028393,0.026043687182204126,False
0.36,0.07363398,0.028227112167883362,False
0.364,0.05257866,0.029106046056521704,False
0.368,0.10899915,0.0286304786924792,False
0.372,0.17071014,0.02681569397794278,False
0.376,0.12857821,0.023741352052630664,False
0.38,0.11167809,0.019547001459191363,False
0.384,0.01710976,0.014422723319433407,False
0.388,0.12964746,0.008593124888544298,False
0.392,0.10034238,0.00229484730897573,False
0.396,0.04098799,-0.00424800326450489,False
0.4,0.04580299,-0.010843333885231596,False
0.404,0.07566802,-0.017339755226915127,False
0.408,0.11675834,-0.023623049706120332,False
0.412,-0.00256214,-0.029603048916019274,False
0.416,0.02591342,-0.035196138518028434,False
0.42,0.10296748,-0.04030952822353923,False
0.424,0.0282006,-0.04483211295332762,False
0.428,0.00995228,-0.0486333308244881,False
0.432,0.03105013,-0.05156791340964439,False
0.436,0.00313271,-0.053483177280762774,False
0.44,0.04985132,-0.05422702944010106,False
0.444,-0.02086608,-0.05365820459381686,False
0.448,0.05362391,-0.0516642774884212,False
0.452,0.04330179,-0.04819564622852189,False
0.456,0.12449808,-0.04332162593860532,False
0.46,0.03418574,-0.03730611022460384,False
0.464,0.06849376,-0.030687091385598914,False
0.468,-0.00482216,-0.024331697365798398,False
0.472,0.04308056,-0.019431023053242118,False
0.476,0.0397942,-0.01740013248228721,False
0.48,0.08106577,-0.0196608995051892,False
0.484,-0.02064489,-0.027310612713021404,False
0.488,0.08408216,-0.04071513364264374,False
0.492,0.05367417,-0.05910327218347574,False
0.496,0.07354596,-0.08026657763871958,False
0.5,0.05898865,-0.10047491703516778,False
0.504,0.04771416,-0.11469707251350147,False
0.508,0.00610881,-0.11716724183069041,False
0.512,-0.05266684,-0.10226843420819136,False
0.516,-0.01475388,-0.06562322237551309,False
0.52,-0.02941655,-0.005207210896964756,False
0.524,0.04695291,0.07774897877324831,False
0.528,-0.00315601,0.17830697511335264,False
0.532,0.17094919,0.2879988980238666,False
0.536,0.3381366,0.39570427807274877,False
0.54,0.6417854,0.4891423813242838,False
0.544,0.90041223,0.5567451162530482,False
0.548,1.08071181,0.5895648476276424,True
0.552,1.12087395,0.5828348915494038,False
0.556,0.90510138,0.536853299300105,False
0.56,0.58268431,0.45699385252554237,False
0.564,0.35478009,0.3528314004120541,False
0.568,0.14520538,0.23655782711667803,False
0.572,-0.00767266,0.12101334714005596,False
0.576,-0.15330972,0.017727726895216612,False
0.58,-0.12040753,-0.06465934011021282,False
0.584,-0.11705158,-0.12133860654584087,False
0.588,-0.04029145,-0.1515295227605104,False
0.592,0.00934786,-0.15799398818280175,False
0.596,0.00835336,-0.146049129285481,False
0.6,0.03356194,-0.12233139650399891,False
0.604,0.12460856,-0.09356980823898185,False
0.608,0.04921574,-0.06557786324827468,False
0.612,0.01537888,-0.04259279714748538,False
0.616,0.04127265,-0.027002420845736994,False
0.62,0.10754076,-0.019423524498726894,False
0.624,0.05127197,-0.019042893503599435,False
0.628,0.04640757,-0.024106273205717167,False
0.632,0.07663901,-0.0324407870905268,False
0.636,0.03695521,-0.041916639349392715,False
0.64,-0.0091293,-0.050785809872563065,False
0.644,0.04167364,-0.0578702809011515,False
0.648,0.04082374,-0.06260382505228572,False
0.652,0.03238069,-0.06495551892828984,False
0.656,0.08583435,-0.06527748889320581,False
0.66,0.05670173,-0.06412347380657346,False
0.664,-0.00268345,-0.06208002102391413,False
0.668,0.07083219,-0.05964054971479083,False
0.672,0.05297454,-0.05713663349448734,False
0.676,-0.01019836,-0.05472456839904074,False
0.68,0.04998165,-0.052413013681826555,False
0.684,0.05194838,-0.050111879008937626,False
0.688,0.04014284,-0.04768350770751944,False
0.692,0.06994592,-0.04498245933243944,False
0.696,0.05805582,-0.04187751941147414,False
0.7,0.03859791,-0.03825704648777706,False
0.704,0.0911722,-0.03402424974927355,False
0.708,0.10354505,-0.02909078517809833,False
0.712,0.03103979,-0.02337559964009796,False
0.716,0.08558723,-0.016812986562631586,False
0.72,0.09635964,-0.00937003309373059,False
0.724,0.17362681,-0.001068879134308599,False
0.728,0.01765833,0.007995219696167254,False
0.732,0.12197515,0.017650248055174286,False
0.736,0.11610795,0.02766483821506128,False
0.74,0.12958769,0.03778652496699272,False
0.744,0.19017151,0.047793600520753876,False
0.748,0.13621429,0.057548068530124036,False
0.752,0.24771354,0.06703473882086529,False
0.756,0.16782654,0.07637300315558815,False
0.76,0.18828419,0.08579378802960971,False
0.764,0.16826608,0.09558306935351213,False
0.768,0.19443911,0.10600246628230175,False
0.772,0.2402138,0.11720458342258346,False
0.776,0.22168209,0.1291640767995636,False
0.78,0.24190084,0.14164292246899016,False
0.784,0.19023985,0.15419969910721054,False
0.788,0.35501428,0.16624098714652175,False
0.792,0.27117509,0.17710310704874466,False
0.796,0.33215336,0.18614692353764598,False
0.8,0.25645622,0.1928467730364712,False
0.804,0.32073699,0.19685629131855428,False
0.808,0.41015962,0.19804010722633636,False
0.812,0.2524242,0.19647029007851685,False
0.816,0.23973912,0.19239540887407308,False
0.82,0.28730501,0.18619347017346052,False
0.824,0.30882761,0.17831819295012136,False
0.828,0.29042575,0.1692451043491101,False
0.832,0.30914606,0.1594223632737356,False
0.836,0.26505551,0.14923008496848028,False
0.84,0.20320261,0.13894988041732542,False
0.844,0.21187985,0.12874463740787792,False
0.848,0.25934816,0.11864956670806984,False
0.852,0.23989176,0.10857854809222892,False
0.856,0.14329829,0.09835066628322114,False
0.86,0.17709648,0.08773716769151046,False
0.864,0.21050613,0.0765207951061112,False
0.868,0.24334298,0.0645537093423818,False
0.872,0.18287311,0.05180121708449893,False
0.876,0.14352024,0.03836439297031685,False
0.88,0.06983141,0.024480291367381404,False
0.884,0.09178866,0.010501438115516081,False
0.888,0.12483652,-0.003141704221460407,False
0.892,0.11592019,-0.015989069113636418,False
0.896,0.0980907,-0.027602059958316272,False
0.9,0.06940311,-0.037610071043439566,False
0.904,0.05496474,-0.045747970785557396,False
0.908,0.04988361,-0.05188224190451495,False
0.912,0.01560038,-0.056023257771517995,False
0.916,0.08585176,-0.05831982372927098,False
0.92,-0.00279687,-0.059032839573352154,False
0.924,0.05503741,-0.058489688423156376,False
0.928,0.06111516,-0.05702816467216307,False
0.932,0.10313805,-0.05494425933770014,False
0.936,0.07074269,-0.052458253735987996,False
0.94,0.09821872,-0.049707765264438764,False
0.944,0.02785011,-0.04676748035918279,False
0.948,0.01626757,-0.043687316555026806,False
0.952,0.0386371,-0.04053613950952374,False
0.956,0.11650511,-0.03743737838599059,False
0.96,0.07709885,-0.03458580104935831,False
0.964,0.05522638,-0.03224082001596401,False
0.968,0.17440153,-0.03069894997055049,False
0.972,0.06289361,-0.03025327870824645,False
0.976,0.06652248,-0.0311493057008286,False
0.98,0.04674265,-0.03354522648295661,False
0.984,0.04614168,-0.03748252818183949,False
0.988,0.14592981,-0.04287001401958564,False
0.992,0.10094564,-0.049481215786317936,False
0.996,-0.01388371,-0.05696358046034021,False
1.0,0.03605404,-0.06485938522278972,False
1.004,0.07999502,-0.07264037975139456,False
1.008,0.0793108,-0.0797562207913821,False
1.012,-0.01192286,-0.08569099427551663,False
1.016,-0.03267993,-0.09001794513339255,False
1.02,-0.00247434,-0.09244399921390137,False
1.024,0.05300234,-0.09284054459893139,False
1.028,0.03277039,-0.09126015146429514,False
1.032,0.05479537,-0.08793868488336232,False
1.036,0.03564778,-0.08328087889199878,False
1.04,0.01587071,-0.07782740970842615,False
1.044,-0.03248306,-0.07220332062238755,False
1.048,0.05111167,-0.06705050345167804,False
1.052,0.07305363,-0.06295001821189296,False
1.056,0.09611931,-0.06034309708507422,False
1.06,0.06863926,-0.059462896477444925,False
1.064,0.03040765,-0.060291741931662375,False
1.068,0.10416552,-0.06255808069659376,False
1.072,0.05848016,-0.06578070198286283,False
1.076,0.02099303,-0.06935560419767112,False
1.08,0.01711973,-0.07266811053107078,False
1.084,0.0328275,-0.07520508413132233,False
1.088,-0.011543,-0.07664185988383931,False
1.092,0.05307109,-0.07688481820687841,False
1.096,0.04321005,-0.0760611639495658,False
1.1,0.036709,-0.07446035517006638,False
1.104,0.03932813,-0.07244408907966605,False
1.108,0.06419094,-0.07035003581754713,False
1.112,0.09461437,-0.06841527435036301,False
1.116,0.0468371,-0.06673798455799886,False
1.12,0.04571582,-0.06528315189998357,False
1.124,0.03405872,-0.06392450603190714,False
1.128,0.0332962,-0.06250494350971311,False
1.132,-0.00202793,-0.06089399222565747,False
1.136,0.05802664,-0.0590242916081883,False
1.14,0.061169,-0.056898222615472414,False
1.144,0.10394286,-0.05456720801188766,False
1.148,0.07477237,-0.05209546432561213,False
1.152,0.10002853,-0.04952394632312332,False
1.156,0.04231516,-0.04684805766441203,False
1.16,0.07319735,-0.044015886751781336,False
1.164,0.00970445,-0.040945306576886116,False
1.168,0.08497494,-0.037551616244034317,False
1.172,0.10056412,-0.03377485631253458,False
1.176,0.04636635,-0.02959800923696198,False
1.18,0.14152808,-0.02505248763115673,False
1.184,0.11699035,-0.020212934420993787,False
1.188,0.04927277,-0.015187130091555692,False
1.192,0.12606914,-0.010107733187856467,False
1.196,0.08611243,-0.00513074504605381,False
1.2,0.12095843,-0.0004414827401588606,False
1.204,0.15617279,0.0037366744917755788,False
1.208,0.14255743,0.007140140102267146,False
1.212,0.04096107,0.00947909245118688,False
1.216,0.08078747,0.010471030771702963,False
1.22,0.16244261,0.009888107790055955,False
1.224,0.16664341,0.007605495434142457,False
1.228,0.16182084,0.003636875466546025,False
1.232,0.15707877,-0.0018531004014299547,False
1.236,0.03399216,-0.00856377591425419,False
1.24,0.12118362,-0.016099119772656618,False
1.244,-0.0005913,-0.02402588286341768,False
1.248,0.11754185,-0.03193566905149685,False
1.252,0.08462198,-0.03949537712877327,False
1.256,0.03217685,-0.04647396185305664,False
1.26,0.11807224,-0.052741178666653205,False
1.264,0.06323806,-0.05824229474057047,False
1.268,-0.00804535,-0.06295840576530605,False
1.272,0.07292719,-0.06686393646474989,False
1.276,0.01662293,-0.06989206644058601,False
1.28,0.0363879,-0.07191683174741093,False
1.284,0.03350509,-0.07275839914395792,False
1.288,0.10835625,-0.07221547182646443,False
1.292,-0.00651867,-0.07012565005174949,False
1.296,0.04103018,-0.06645003103282664,False
1.3,0.10815934,-0.06137115038966226,False
1.304,0.03049538,-0.055383618390559275,False
1.308,0.05354733,-0.04934738970710577,False
1.312,0.03646755,-0.04446942526650475,False
1.316,0.01610465,-0.04218470990481244,False
1.32,0.08076173,-0.04392328436287681,False
1.324,0.05258313,-0.05077458549785462,False
1.328,-0.00310045,-0.06309097938189664,False
1.332,0.09775312,-0.08010337458405606,False
1.336,0.08331107,-0.09964430195309605,False
1.34,0.04483612,-0.1180786958023165,False
1.344,0.00477707,-0.13052437117171609,False
1.348,-0.00739229,-0.13140168691637807,False
1.352,0.06723911,-0.1152874818808112,False
1.356,-0.00340696,-0.07797009176735287,False
1.36,-0.02308072,-0.017526861614264234,False
1.364,-0.04513723,0.06480372793578329,False
1.368,0.05855054,0.16418539541898383,False
1.372,0.16796917,0.2723575243234731,False
1.376,0.3871813,0.3784839616772546,False
1.38,0.60904881,0.47059734412096366,False
1.384,0.92188351,0.5374116393907973,False
1.388,1.09655129,0.5701667837809616,True
1.392,1.06300242,0.5641344737401839,False
1.396,0.86947641,0.5194683829579116,False
1.4,0.62132183,0.44121470044403444,False
1.404,0.36216433,0.33847785298629773,False
1.408,0.10366345,0.22291706160691055,False
1.412,-0.01271521,0.10688611636654914,False
1.416,-0.12415528,0.0015873252385322223,False
1.42,-0.07668498,-0.08441979118537907,False
1.424,-0.04167873,-0.1461185016746942,False
1.428,-0.09666468,-0.18225142091823773,False
1.432,-0.09914564,-0.19490762207488177,False
1.436,-0.00240861,-0.18864818671425385,False
1.44,0.02659887,-0.1693980953678397,False
1.444,-0.03220497,-0.14333438299174675,False
1.448,0.01687829,-0.11595645169360239,False
1.452,0.05764218,-0.09145451926892806,False
1.456,0.03308111,-0.07241640429651072,False
1.46,0.0018131,-0.05984685972658865,False
1.464,-0.00186145,-0.053427396693480934,False
1.468,0.10694252,-0.05192130982135591,False
1.472,0.04499524,-0.05362608823479982,False
1.476,0.00228166,-0.05678896343264442,False
1.48,0.00939212,-0.05992613886992318,False
1.484,0.07372396,-0.062016203072013484,False
1.488,0.02727559,-0.06256624137394215,False
1.492,0.05144514,-0.06157018471440271,False
1.496,0.04697459,-0.05939182496767145,False
1.5,0.06276495,-0.056610280179528974,False
1.504,0.10066866,-0.053863528322982766,False
1.508,0.01959319,-0.051716706218902536,False
1.512,0.06229624,-0.05056967011455285,False
1.516,0.0064734,-0.05060743396719691,False
1.52,0.03910807,-0.051789914732495015,False
1.524,0.08711212,-0.05387343902409859,False
1.528,0.05622739,-0.0564546847338106,False
1.532,0.03548616,-0.05902809232026666,False
1.536,0.0156138,-0.06104992766295131,False
1.54,0.07557708,-0.06200420482057611,False
1.544,0.01644011,-0.061465617741116946,False
1.548,0.01098164,-0.059152656920035476,False
1.552,0.04532157,-0.054962282522911035,False
1.556,0.08276087,-0.04897796689555616,False
1.56,-0.01490053,-0.04144649423172922,False
1.564,0.07447449,-0.032725188006385075,False
1.568,0.09500416,-0.02320860052872193,False
1.572,0.08282143,-0.01324965224678947,False
1.576,0.12933551,-0.0030924741674373734,False
1.58,0.11538089,0.0071678846098499035,False
1.584,0.1012223,0.017589268429490365,False
1.588,0.12118095,0.028348086027408084,False
1.592,0.16416225,0.0396744274314278,False
1.596,0.08600628,0.05177229404635251,False
1.6,0.15509464,0.06474442386441163,False
1.604,0.17252028,0.07853935738221104,False
1.608,0.19687673,0.09293196475324492,False
1.612,0.19792901,0.10753996979355634,False
1.616,0.21514361,0.12187063982708399,False
1.62,0.28324846,0.1353862074473757,False
1.624,0.25358179,0.1475751291624055,False
1.628,0.22521448,0.1580179782556126,False
1.632,0.20865316,0.16643901710272732,False
1.636,0.30316634,0.1727360723543972,False
1.64,0.29788834,0.176983480249286,False
1.644,0.31340522,0.17940662253454095,False
1.648,0.23951551,0.18033076365963133,False
1.652,0.2870137,0.18011017264186746,False
1.656,0.28331345,0.1790467499209901,False
1.66,0.25806824,0.1773118613228899,False
1.664,0.2520243,0.17488903052409924,False
1.668,0.20426852,0.17155450254783114,False
1.672,0.2907273,0.16690556886077038,False
1.676,0.25553444,0.16043529594261094,False
1.68,0.25229544,0.15164117053306578,False
1.684,0.29736518,0.14014719548250307,False
1.688,0.20570488,0.1258151562210997,False
1.692,0.18577984,0.1088212250221226,False
1.696,0.16086326,0.08967909651130869,False
1.7,0.23001841,0.06920069448073203,False
1.704,0.10314607,0.048398919006971845,False
1.708,0.15472292,0.028350519588835776,False
1.712,0.0571931,0.010046499220560615,False
1.716,0.01750027,-0.005740686958922705,False
1.72,0.04400943,-0.018549317817513733,False
1.724,0.0472962,-0.028266002567200046,False
1.728,0.10446298,-0.03510585413693337,False
1.732,0.03432405,-0.03954301269952795,False
1.736,0.06881052,-0.04220818676549377,False
1.74,0.02518661,-0.04377541970991755,False
1.744,0.06069478,-0.04486052493273743,False
1.748,-0.00344457,-0.04594786029481965,False
1.752,0.09699598,-0.04735225665365024,False
1.756,0.01326354,-0.04921315052786906,False
1.76,-0.00269039,-0.051512418214573835,False
1.764,0.02147191,-0.05410730603489373,False
1.768,0.0353318,-0.05677263663511566,False
1.772,0.08847296,-0.05924820691743578,False
1.776,0.02186613,-0.061286559642509175,False
1.78,-0.03493768,-0.06269524788560815,False
1.784,0.00439537,-0.06336863335639586,False
1.788,0.01384324,-0.06330644209091257,False
1.792,0.04170208,-0.06261757491034761,False
1.796,0.01585594,-0.06150798745277409,False
1.8,0.01251529,-0.06025276018053427,False
1.804,0.06149118,-0.05915552460651963,False
1.808,-0.00107069,-0.05850170925917529,False
1.812,-0.00443733,-0.05851392451201557,False
1.816,0.01722376,-0.05931761267013062,False
1.82,0.08197584,-0.06092276913215485,False
1.824,0.01591882,-0.06322364918989898,False
1.828,-0.01236329,-0.06601477725639388,False
1.832,-0.03068749,-0.069020051184108,False
1.836,0.04948663,-0.0719316132715696,False
1.84,0.00073369,-0.07445416291353786,False
1.844,0.01263603,-0.07634821308697044,False
1.848,-0.06497559,-0.07746480503681828,False
1.852,0.05831568,-0.07776590081183198,False
1.856,-0.0238354,-0.0773276901642979,False
1.86,-0.02510905,-0.0763264174252534,False
1.864,0.03499083,-0.07500801634257653,False
1.868,-0.02918368,-0.07364494254241259,False
1.872,0.0207792,-0.07248637716335872,False
1.876,0.00675602,-0.0717106960019354,False
1.88,-0.03984532,-0.07139074588802435,False
1.884,0.05979392,-0.07148152301425477,False
1.888,0.07594315,-0.07183496443650964,False
1.892,-0.06244456,-0.07223899592415868,False
1.896,-0.05755276,-0.07247135121772674,False
1.9,0.03611059,-0.07235535409345024,False
1.904,-0.02312272,-0.07180446187477352,False
1.908,-0.00451882,-0.0708441635026445,False
1.912,-0.00330447,-0.06960439830479373,False
1.916,0.02707457,-0.06828322953100648,False
1.92,0.01274189,-0.06709073977583982,False
1.924,0.01485345,-0.06618754082444007,False
1.928,-0.03503402,-0.065633439438311,False
1.932,0.04348299,-0.06535928239747903,False
1.936,0.00060299,-0.06516954569626224,False
1.94,0.02584981,-0.06477573905159512,False
1.944,-0.02434578,-0.0638532495081176,False
1.948,-0.00128999,-0.062109052902220206,False
1.952,0.0100072,-0.059345461729927246,False
1.956,0.01218207,-0.055505506582053415,False
1.96,-0.0368787,-0.05068898043783413,False
1.964,0.02428311,-0.045134804514783265,False
1.968,0.06811294,-0.03917358754011518,False
1.972,0.03658512,-0.03316129312743583,False
1.976,0.0385979,-0.027409152961481713,False
1.98,0.03846461,-0.02212621822757982,False
1.984,0.06542169,-0.017389051918722497,False
1.988,0.06117448,-0.013147423021295153,False
1.992,0.04857575,-0.009265998622128414,False
1.996,0.06579228,-0.005592377073156808,False
2.0,0.06033275,-0.0020341539146239603,False
2.004,0.04567065,0.0013762596245705822,False
2.008,0.07336876,0.004449508339347632,False
2.012,-0.00573372,0.006853526520827654,False
2.016,0.07382523,0.008175556309903539,False
2.02,0.10716253,0.008019137885698566,False
2.024,0.12580033,0.0061119326560505685,False
2.028,0.06534039,0.0023952558876824074,False
2.032,0.09371812,-0.002931147071326537,False
2.036,0.07454375,-0.009425234084819281,False
2.04,0.02735912,-0.016479581160124636,False
2.044,-0.01463736,-0.02344126234726948,False
2.048,-0.00600666,-0.02974413651417364,False
2.052,-0.00715009,-0.03501966681531849,False
2.056,0.05693638,-0.03915872616919815,False
2.06,0.00072339,-0.04231014147470467,False
2.064,0.01861778,-0.04481852741627008,False
2.068,0.0165569,-0.047119831228588704,False
2.072,0.05318773,-0.04962264490994923,False
2.076,0.03175164,-0.05260346905265824,False
2.08,-0.03893092,-0.056136263632370384,False
2.084,-0.0096571,-0.06006581169142938,False
2.088,-0.00899127,-0.06402529058238651,False
2.092,-0.06467954,-0.06749297399896288,False
2.096,0.00185779,-0.06988068279376382,False
2.1,0.03421051,-0.07064556988993456,False
2.104,0.00686181,-0.06941489894622498,False
2.108,-0.02368193,-0.06610935977015553,False
2.112,0.01477476,-0.06104466222986655,False
2.116,-0.09482184,-0.05498587858268469,False
2.12,0.0111308,-0.04912702287970788,False
2.124,0.00087082,-0.044972404156864446,False
2.128,-0.04353218,-0.04410886160323742,False
2.132,0.03118819,-0.04787946618007831,False
2.136,0.03603889,-0.05699613772890132,False
2.14,-0.01125159,-0.07115467159884212,False
2.144,-0.02593778,-0.08873455127166151,False
2.148,-0.03602719,-0.10667231650654668,False
2.152,-0.02210243,-0.12058677045845419,False
2.156,-0.05469689,-0.12520376138660402,False
2.16,0.00590831,-0.11507746809593984,False
2.164,-0.03185005,-0.08553943489004684,False
2.168,-0.04394487,-0.03373804880946139,False
2.172,-0.11259248,0.04042347267788412,False
2.176,0.01162539,0.1336655837062979,False
2.18,0.09723012,0.2392199511112594,False
2.184,0.22948164,0.3473445922906633,False
2.188,0.44869212,0.44646602940800595,False
2.192,0.70394163,0.5248058424927471,False
2.196,0.95092514,0.572220032809689,False
2.2,0.99749201,0.5819026689882483,True
2.204,0.95010507,0.5516072299970962,False
2.208,0.74789053,0.4841240381088931,False
2.212,0.35778724,0.38690120688156737,False
2.216,0.23185154,0.27087476575248187,False
2.22,0.03991232,0.14873909750609976,False
2.224,-0.18608147,0.033000896167847384,False
2.228,-0.26193568,-0.06580995711944981,False
2.232,-0.21298945,-0.1404561435824658,False
2.236,-0.18315138,-0.18764206223694674,False
2.24,-0.11315527,-0.20795528951476921,False
2.244,-0.17373529,-0.20520142271640684,False
2.248,-0.0626464,-0.18533575434928387,False
2.252,0.04379861,-0.15524041663235538,False
2.256,-0.05062645,-0.12158132714252863,False
2.26,-0.03925011,-0.08991941904175442,False
2.264,-0.08517611,-0.06416943981707247,False
2.268,0.00911874,-0.04641993638823506,False
2.272,-0.01498353,-0.03706428171780369,False
2.276,0.04148158,-0.035151715789873215,False
2.28,-0.0281977,-0.03885211449028006,False
2.284,-0.03070362,-0.045936382119074026,False
2.288,0.01236761,-0.054197838524784214,False
2.292,-0.04141923,-0.06176852214968369,False
2.296,-0.08383182,-0.06731109929929226,False
2.3,-0.01154232,-0.07008933403899176,False
2.304,-0.01333471,-0.06993656860766909,False
2.308,-0.01449355,-0.06715143147558458,False
2.312,-0.02371667,-0.062353303027508654,False
2.316,-0.04354242,-0.0563283968924239,False
2.32,0.00736796,-0.049891644008991175,False
2.324,0.04513972,-0.04378021804836698,False
2.328,-0.07290868,-0.03858333544212733,False
2.332,0.03388309,-0.034703735174896236,False
2.336,-0.01440352,-0.032342126675470775,False
2.34,-0.03514021,-0.031496989877380956,False
2.344,0.05808262,-0.03197605673354727,False
2.348,-0.01791853,-0.03341979734859712,False
2.352,0.0478756,-0.035339207585184454,False
2.356,0.0330804,-0.03716910117841213,False
2.36,-0.0708614,-0.03833431711575572,False
2.364,-0.00712545,-0.038321245811953744,False
2.368,-0.00459373,-0.0367425196273586,False
2.372,-0.02079937,-0.03338062503121589,False
2.376,-0.04810768,-0.02819900604105836,False
2.38,0.01640589,-0.021317610789179892,False
2.384,0.05999275,-0.012960646786473495,False
2.388,0.07335882,-0.0033922694504654382,False
2.392,0.04251981,0.007142134782116503,False
2.396,0.02308866,0.018454692456105738,False
2.4,0.04304104,0.03042569535474992,False
2.404,0.08525931,0.04298605481538409,False
2.408,0.06801269,0.05607988814498796,False
2.412,0.09328491,0.0696215289421184,False
2.416,0.12354039,0.08346202197701802,False
2.42,0.12381012,0.0973757626969858,False
2.424,0.15081578,0.11107080886522709,False
2.428,0.1252,0.12421908339796746,False
2.432,0.16919829,0.13649696487538707,False
2.436,0.21719859,0.14762425191676737,False
2.44,0.21083662,0.15739123730571045,False
2.444,0.20835483,0.16566850365189137,False
2.448,0.14133366,0.17239917514094127,False
2.452,0.21076693,0.17757703169573152,False
2.456,0.23752117,0.18121679412419017,False
2.46,0.23055758,0.1833254284051171,False
2.464,0.14710613,0.1838835958566012,False
2.468,0.22540019,0.18284274244395665,False
2.472,0.26349971,0.18013750585291094,False
2.476,0.18933171,0.1757085779699162,False
2.48,0.17536698,0.1695292293299869,False
2.484,0.20290233,0.16162840352780009,False
2.488,0.19605293,0.15210418520177452,False
2.492,0.18268456,0.1411243269362196,False
2.496,0.13604142,0.12891501786278547,False
2.5,0.14080868,0.11574274564233067,False
2.504,0.10974232,0.1018949849424202,False
2.508,0.10466418,0.08766408620244473,False
2.512,0.12457107,0.07333676605557733,False
2.516,0.07155018,0.059189604997410085,False
2.52,0.078213,0.04548873407921811,False
2.524,0.04615781,0.032489825927224825,False
2.528,0.06048544,0.020433738089472114,False
2.532,-0.00121128,0.009534653750698292,False
2.536,0.07069149,-3.881721622390295e-05,False
2.54,-0.00675108,-0.008185082432301413,False
2.544,-0.03944186,-0.014887068646216393,False
2.548,-0.00117648,-0.02022045445159318,False
2.552,0.01026087,-0.02435032865511946,False
2.556,0.0117285,-0.02751659481228571,False
2.56,0.01316651,-0.03000977959979446,False
2.564,-0.04660706,-0.03213988011589821,False
2.568,-0.00047021,-0.03420236727391244,False
2.572,-0.04462768,-0.03644667433462986,False
2.576,0.00951756,-0.03905207034507574,False
2.58,-0.0234153,-0.042113706376982564,False
2.584,-0.01066611,-0.0456391220445323,False
2.588,-0.01344079,-0.049553875161871645,False
2.592,-0.06543759,-0.053714679282378344,False
2.596,-0.06357786,-0.05792908810922803,False
2.6,-0.02048965,-0.06198114136096791,False
2.604,-0.02450279,-0.06566136350020882,False
2.608,-0.03321595,-0.06879745719103267,False
2.612,-0.10227953,-0.07128067034516643,False
2.616,-0.03778737,-0.07308308643578862,False
2.62,-0.05072647,-0.0742620667691773,False
2.624,-0.07349862,-0.07494885168463891,False
2.628,-0.06037922,-0.07532010120245895,False
2.632,-0.11385493,-0.07555566689458706,False
2.636,-0.00477024,-0.07579190579117527,False
2.64,-0.00346346,-0.07608334090014497,False
2.644,-0.0557299,-0.07638395601274824,False
2.648,-0.08754269,-0.07655419486201975,False
2.652,-0.06549337,-0.07639333264371288,False
2.656,-0.03658011,-0.07569058639726012,False
2.66,-0.13666543,-0.07428313932050708,False
2.664,-0.04953136,-0.07210696652103514,False
2.668,-0.01286328,-0.06922819858580326,False
2.672,-0.04084717,-0.06584805266023369,False
2.676,-0.06648512,-0.06228122904330808,False
2.68,-0.05170971,-0.05891422041387998,False
2.684,-0.02796121,-0.056154080935445,False
2.688,0.00891618,-0.05437782827308293,False
2.692,-0.04549696,-0.05388835917534596,False
2.696,-0.08351827,-0.05487855641194178,False
2.7,-0.0606943,-0.057404608360549884,False
2.704,-0.02335337,-0.06137129907710791,False
2.708,0.01151511,-0.06653242146957215,False
2.712,-0.07091398,-0.07250737676379751,False
2.716,-0.08567524,-0.07881274283117137,False
2.72,-0.06142878,-0.08490686395159446,False
2.724,-0.11322312,-0.09024505024344799,False
2.728,-0.04753292,-0.09434075309718046,False
2.732,-0.1005031,-0.09682464847996249,False
2.736,-0.07626162,-0.0974917445709194,False
2.74,-0.106215,-0.09632827713489311,False
2.744,-0.09666725,-0.09351413873056251,False
2.748,-0.03644814,-0.08940032685726262,False
2.752,-0.08177512,-0.08446323912402162,False
2.756,-0.09586033,-0.07923970841480064,False
2.76,-0.04873465,-0.07424989578735576,False
2.764,-0.07065019,-0.06991901320993067,False
2.768,-0.02344494,-0.06651089483571805,False
2.772,-0.00586577,-0.06408482739091162,False
2.776,-0.05046504,-0.062482678258587714,False
2.78,-0.10325244,-0.06134867174860446,False
2.784,-0.04260511,-0.06018003684196792,False
2.788,-0.00759133,-0.05840219124744393,False
2.792,-0.05922308,-0.05545723984806372,False
2.796,-0.09848743,-0.05089168834199215,False
2.8,0.01002748,-0.04443022437048495,False
2.804,-0.02255909,-0.036026130915541896,False
2.808,-0.02900455,-0.02588289828613388,False
2.812,-0.02358894,-0.014444835657507834,False
2.816,0.03053352,-0.0023575102707025517,False
2.82,0.02941835,0.009597909509018922,False
2.824,0.00721346,0.020589046072949452,False
2.828,0.03032909,0.029824952623825285,False
2.832,0.09341136,0.03664422526950424,False
2.836,0.0905908,0.04058579546875301,False
2.84,0.06368422,0.04143243900676661,False
2.844,-0.01961163,0.03922160272628893,False
2.848,0.15013512,0.03422341755429933,False
2.852,-0.00664301,0.026891508099898126,False
2.856,0.01794819,0.017797266585039676,False
2.86,-0.02074906,0.007560307687533081,False
2.864,0.04925019,-0.0032140401933209274,False
2.868,0.01902482,-0.013983381474174869,False
2.872,-0.04704763,-0.02430023912585215,False
2.876,-0.01412126,-0.033827940893821344,False
2.88,-0.01966678,-0.042343389259157684,False
2.884,-0.03766922,-0.04973016989045272,False
2.888,-0.06300857,-0.05596382647483501,False
2.892,-0.06616719,-0.06108945867934321,False
2.896,-0.07221077,-0.06519229550721112,False
2.9,-0.04346766,-0.06836421792664174,False
2.904,-0.04919869,-0.07067109871198811,False
2.908,-0.01958824,-0.07212610265238217,False
2.912,-0.09604475,-0.07267387011712072,False
2.916,-0.11298162,-0.07219128109155495,False
2.92,-0.06066316,-0.07051159168854311,False
2.924,0.0034183,-0.06747754455147748,False
2.928,-0.08312316,-0.0630236218509861,False
2.932,0.02509405,-0.057278222476017646,False
2.936,-0.01982197,-0.05066529341398526,False
2.94,-0.08168487,-0.04397487420499779,False
2.944,-0.09054808,-0.03836667727256505,False
2.948,-0.0515752,-0.03527372771973713,False
2.952,-0.08080327,-0.03618651667028894,False
2.956,0.04478843,-0.042322149208264485,False
2.96,-0.0934059,-0.05421525961038874,False
2.964,-0.03880411,-0.07130249563250667,False
2.968,0.00810062,-0.09160037973592647,False
2.972,-0.0415135,-0.11158595715163852,False
2.976,-0.09503321,-0.1263733229134869,False
2.98,-0.08719207,-0.13023570886629715,False
2.984,-0.06398014,-0.11745614322239545,False
2.988,-0.05886459,-0.08340845177739747,False
2.992,-0.12338059,-0.02569049830917631,False
2.996,-0.17971787,0.054924173942391026,False
3.0,-0.05295425,0.15395943541876772,False
3.004,0.07244898,0.26332772772081997,False
3.008,0.22020805,0.37212521831480017,False
3.012,0.52199383,0.46806859356816455,False
3.016,0.76274302,0.539353982798936,False
3.02,1.00961477,0.5765954674431292,True
3.024,1.04480119,0.5744521425579324,False
3.028,0.85676836,0.532599125533762,False
3.032,0.51295136,0.4558303177045779,False
3.036,0.25733117,0.35326586235814816,False
3.04,0.062675,0.23682957392161486,False
3.044,-0.10266776,0.11931412798044023,False
3.048,-0.23771538,0.012426199745913122,False
3.052,-0.22985446,-0.07481760654875727,False
3.056,-0.12431878,-0.13707924238778643,False
3.06,-0.18144524,-0.17296265440873793,False
3.064,-0.15256332,-0.1846025037755472,False
3.068,-0.07637101,-0.17675383589140792,False
3.072,-0.03263452,-0.15562557909503263,False
3.076,-0.09722301,-0.1277048351981026,False
3.08,-0.07455999,-0.09877218500828383,False
3.084,-0.08717821,-0.07323308462724624,False
3.088,-0.04461908,-0.05380919220844222,False
3.092,0.01435793,-0.04156209475659199,False
3.096,-0.03837713,-0.03617043708023686,False
3.1,-0.05252536,-0.036355628709480364,False
3.104,-0.06688419,-0.040351128186873586,False
3.108,-0.05810797,-0.046329198024968134,False
3.112,-0.02691882,-0.052727187688380375,False
3.116,-0.07219324,-0.05844472321494341,False
3.12,0.01641874,-0.06290937345273362,False
3.124,-0.0909296,-0.0660296609715311,False
3.128,-0.07180271,-0.06806913808788657,False
3.132,0.00606025,-0.06948178429434823,False
3.136,-0.10485984,-0.07074670628940469,False
3.14,0.0037339,-0.07223139182326827,False
3.144,-0.12232082,-0.07410179814715129,False
3.148,-0.05850362,-0.07628741662230619,False
3.152,-0.03976567,-0.07850017610795906,False
3.156,-0.00225435,-0.08029681119373949,False
3.16,-0.16026471,-0.08116703389342081,False
3.164,-0.11886328,-0.08062788330901963,False
3.168,-0.0493006,-0.07830802826052276,False
3.172,-0.01904126,-0.07401069154755859,False
3.176,-0.06736502,-0.06774730817957836,False
3.18,-0.04867772,-0.059737104422100305,False
3.184,-0.05993277,-0.050372714118610315,False
3.188,-0.01622947,-0.04015803378250043,False
3.192,-0.04246229,-0.02962904835674487,False
3.196,-0.01061113,-0.019270293464894006,False
3.2,0.0237556,-0.009439850703720318,False
3.204,0.0769584,-0.00031473310068179427,False
3.208,1.387e-05,0.008134079714250312,False
3.212,0.00534218,0.016131601315120862,False
3.216,0.04002749,0.024053273066520685,False
3.22,0.05762731,0.032349401691526045,False
3.224,0.06960649,0.041452005799240424,False
3.228,0.01038104,0.05168178769533914,False
3.232,0.09750018,0.06317396316092566,False
3.236,0.0856247,0.07583797826796947,False
3.24,0.093592,0.08935923211146293,False
3.244,0.06419778,0.10324218035658052,False
3.248,0.17435182,0.11688493001472168,False
3.252,0.16132516,0.1296683414493959,False
3.256,0.21888414,0.14104075540911007,False
3.26,0.17782836,0.15058299055969548,False
3.264,0.11355301,0.15804427565202123,False
3.268,0.16237174,0.16334585773741428,False
3.272,0.23877781,0.16655528678731388,False
3.276,0.17020261,0.16784069288511616,False
3.28,0.15210044,0.1674181363394681,False
3.284,0.20210246,0.16550398896368462,False
3.288,0.21143026,0.16227965115749768,False
3.292,0.16199406,0.1578715169339965,False
3.296,0.16754751,0.15234703173644715,False
3.3,0.17019487,0.14572667156209007,False
3.304,0.10279247,0.13800968908221573,False
3.308,0.18817769,0.12920854898266237,False
3.312,0.11471195,0.1193846353163754,False
3.316,0.18803489,0.10867703986954522,False
3.32,0.10773797,0.09731696801759927,False
3.324,0.07115596,0.08562222895004314,False
3.328,0.13590441,0.07396945033264253,False
3.332,0.03220017,0.0627462200122596,False
3.336,0.07248899,0.05229094267352571,False
3.34,0.0993624,0.042833445716449654,False
3.344,0.03459855,0.03445189352257286,False
3.348,-0.02183583,0.027059167905664715,False
3.352,0.05262059,0.020424533436684305,False
3.356,0.0307082,0.01422675512624587,False
3.36,0.05307541,0.008126442977485677,False
3.364,0.01674392,0.0018409361213688998,False
3.368,0.11497316,-0.004794615609854566,False
3.372,-0.04902354,-0.011792130522574815,False
3.376,-0.01696716,-0.019007619804165043,False
3.38,-0.06723743,-0.026170572153741724,False
3.384,0.0242483,-0.03294031116142064,False
3.388,0.01997505,-0.0389781875330115,False
3.392,-0.00206404,-0.044019475387978846,False
3.396,-0.07129217,-0.04792765001821356,False
3.4,-0.05728368,-0.050718368329331076,False
3.404,-0.08896627,-0.05254891437988048,False
3.408,0.02745961,-0.05367682192252018,False
3.412,-0.03226495,-0.05439684927786176,False
3.416,-0.04899972,-0.05496963128312136,False
3.42,0.01018296,-0.055558680840116836,False
3.424,-0.00539959,-0.05619247710495812,False
3.428,-0.01695063,-0.05676267941381285,False
3.432,-0.10175898,-0.05705941907892057,False
3.436,-0.05013397,-0.05683449452626806,False
3.44,-0.0221908,-0.05587643203559735,False
3.444,-0.03694213,-0.054078544890131114,False
3.448,-0.01452025,-0.051482610293470066,False
3.452,-0.06268524,-0.04828724731800075,False
3.456,-0.02150986,-0.04482022994466359,False
3.46,0.03100313,-0.04148353044428765,False
3.464,-0.02564652,-0.038684902606817964,False
3.468,0.00067822,-0.03677005104580827,False
3.472,-0.02392626,-0.03596731491834381,False
3.476,-0.01528394,-0.03635395654663515,False
3.48,0.01244865,-0.03784929713876973,False
3.484,-0.0287539,-0.040234706834300756,False
3.488,0.02156893,-0.04319507727368598,False
3.492,-0.06829939,-0.04637294529476612,False
3.496,-0.02988884,-0.049425658939356285,False
3.5,-0.00370451,-0.05207672273157035,False
3.504,-0.04648007,-0.054153256577817305,False
3.508,0.00540748,-0.05560247833990571,False
3.512,-0.07304969,-0.056483037802536606,False
3.516,-0.06636882,-0.05693301229050491,False
3.52,-0.02000286,-0.05712355774691223,False
3.524,0.03914409,-0.05721168628214895,False
3.528,-0.0365185,-0.057305106458468855,False
3.532,-0.00800793,-0.05744745983278672,False
3.536,-0.04624833,-0.0576258828057871,False
3.54,-0.0215359,-0.05779623682896947,False
3.544,-0.08556541,-0.05791593933838873,False
3.548,-0.06284642,-0.057971996173499275,False
3.552,0.00716736,-0.057993972406395575,False
3.556,-0.02188972,-0.05804753138035373,False
3.56,0.0101253,-0.05821148841797051,False
3.564,-0.05134371,-0.05854770413822401,False
3.568,-0.03102206,-0.05907640835078623,False
3.572,0.0272331,-0.059767753989492266,False
3.576,-0.05891065,-0.060553734579857986,False
3.58,-0.09774804,-0.061356281802452534,False
3.584,0.0194749,-0.06212100210595605,False
3.588,6.065e-05,-0.06284324959522483,False
3.592,-0.10600019,-0.06357469576074304,False
3.596,-0.04063588,-0.06440466409156868,False
3.6,-0.0398607,-0.06541967873628894,False
3.604,0.05230378,-0.06665264132725147,False
3.608,-0.04475817,-0.06803613528619043,False
3.612,-0.05282947,-0.06937301157237824,False
3.616,-0.04916028,-0.0703343036078001,False
3.62,-0.03107534,-0.07049015687726781,False
3.624,-0.0214056,-0.06937256697099442,False
3.628,-0.05934925,-0.06656027185962167,False
3.632,-0.03126035,-0.06176977077902551,False
3.636,-0.02350743,-0.054934640387728065,False
3.64,-0.01546195,-0.04625749496209715,False
3.644,-0.03030949,-0.036223350462819985,False
3.648,0.01422328,-0.025568904972148056,False
3.652,0.03470398,-0.015208937768392139,False
3.656,0.02098085,-0.006127840895720165,False
3.66,0.06233017,0.0007497481086349567,False
3.664,0.04005342,0.004690667953078924,False
3.668,0.04445879,0.005265990715978209,False
3.672,0.04577032,0.002423692428157594,False
3.676,0.09319715,-0.0034951224256290245,False
3.68,0.03047976,-0.011803053241402652,False
3.684,0.04941188,-0.021570047543900815,False
3.688,-0.0542817,-0.031765336106250264,False
3.692,-0.01064313,-0.041411186940755906,False
3.696,-0.08371335,-0.04972038290109613,False
3.7,-0.01381003,-0.0561936823054377,False
3.704,0.02388711,-0.06066205782155918,False
3.708,-0.03019884,-0.06326930242675191,False
3.712,-0.00848965,-0.06440184914529797,False
3.716,-0.05403961,-0.06458207776383415,False
3.72,0.01801036,-0.06434654530518315,False
3.724,-0.06657198,-0.06413075793854497,False
3.728,-0.04129382,-0.06417918798325378,False
3.732,-0.01158713,-0.06449580314424497,False
3.736,0.01213514,-0.06484689780459954,False
3.74,-0.01497414,-0.06482259001903447,False
3.744,0.03707135,-0.06395410032563681,False
3.748,-0.04387492,-0.06187134345091605,False
3.752,-0.02440621,-0.058472241888415925,False
3.756,-0.10366871,-0.05406495365715608,False
3.76,0.03471859,-0.04943998369738998,False
3.764,-0.04367863,-0.04583377720213166,False
3.768,-0.05174726,-0.0447607987389075,False
3.772,0.04228097,-0.04771629185710792,False
3.776,0.02048934,-0.055782332373847686,False
3.78,-0.02742026,-0.06919922816095563,False
3.784,-0.06319865,-0.08698695307174537,False
3.788,0.01269502,-0.10671194718895292,False
3.792,-0.0412369,-0.12448848033896226,False
3.796,-0.07712174,-0.13527750131638158,False
3.8,0.00601829,-0.13349961438458288,False
3.804,-0.10798842,-0.11391730469270514,False
3.808,-0.05044111,-0.07267364719055486,False
3.812,-0.08775989,-0.008313011576574242,False
3.816,-0.00766714,0.07742994955166248,False
3.82,0.02001315,0.1792854269569103,False
3.824,0.07377482,0.2887049059343122,False
3.828,0.3202986,0.3947674523300626,False
3.832,0.62776682,0.4856422274825511,False
3.836,0.90612791,0.5503745983142014,False
3.84,1.06472213,0.5806669067950042,True
3.844,0.91608663,0.5722996530715498,False
3.848,0.79175819,0.525894620536539,False
3.852,0.58668097,0.44685001499927185,False
3.856,0.33254789,0.34445246621256737,False
3.86,0.1008432,0.23034889395990968,False
3.864,-0.12989766,0.11669432233152371,False
3.868,-0.13353866,0.01434425345788791,False
3.872,-0.12103575,-0.06857625371151563,False
3.876,-0.13173973,-0.12750188711732297,False
3.88,-0.11132143,-0.1615741326691589,False
3.884,-0.04433562,-0.17316945875140488,False
3.888,-0.05631348,-0.1669835643131782,False
3.892,-0.07596277,-0.14890512115297982,False
3.896,0.00579927,-0.12491301586938876,False
3.9,-0.02167155,-0.10018384160104507,False
3.904,0.00604329,-0.07852091966860958,False
3.908,-0.0256428,-0.06213441186571437,False
3.912,-0.03534413,-0.05173244708924268,False
3.916,-0.00209273,-0.04683657726512322,False
3.92,-0.0276633,-0.04621422469529069,False
3.924,0.00210919,-0.04832347926721541,False
3.928,-0.01040154,-0.05168650535331794,False
3.932,-0.01498514,-0.05514040065109296,False
3.936,-0.01799688,-0.057950695557546235,False
3.94,0.03216545,-0.05980442595410043,False
3.944,0.05029856,-0.06072050396182651,False
3.948,-0.03444288,-0.060922468040010586,False
3.952,0.05097143,-0.060713621017446595,False
3.956,0.04089925,-0.06038064691295896,False
3.96,-0.10262845,-0.06013486059273962,False
3.964,-0.03927858,-0.060086613313696954,False
3.968,-0.01385172,-0.060241693451312556,False
3.972,0.04346721,-0.06050847407910628,False
3.976,0.00521342,-0.06070856969817931,False
3.98,0.00837648,-0.06058947162061196,False
3.984,0.03428398,-0.059842729108005276,False
3.988,-0.00579836,-0.058132890107758045,False
3.992,-0.01397596,-0.05513900341339409,False
3.996,-0.04011539,-0.0506038792356345,False
4.0,0.01589998,-0.044380493817418626,False
4.004,0.03750565,-0.036462751388279785,False
4.008,0.04011892,-0.02699023413335981,False
4.012,-0.00165034,-0.01622349553752585,False
4.016,0.07362396,-0.004496009966243038,False
4.02,0.09990156,0.007843296160520909,False
4.024,0.12193917,0.020481154260107562,False
4.028,0.08320519,0.03317333575108623,False
4.032,0.08155976,0.04575622279582185,False
4.036,0.12967818,0.05813927712893759,False
4.04,0.13552587,0.07028586092861476,False
4.044,0.08349409,0.08219147190299061,False
4.048,0.16570898,0.09386609017307342,False
4.052,0.21458629,0.10532232293695915,False
4.056,0.23840837,0.11656670976915502,False
4.06,0.16353436,0.1275901353137802,False
4.064,0.1830281,0.13835437983827797,False
4.068,0.21891142,0.14877443295266732,False
4.072,0.22268234,0.1587001944377836,False
4.076,0.23653118,0.16790551116062294,False
4.08,0.21192534,0.1760938597207896,False
4.084,0.23610913,0.18292593646299354,False
4.088,0.32268357,0.18806669961596065,False
4.092,0.255838,0.19124217866092014,False
4.096,0.24312381,0.1922921683361342,False
4.1,0.28856505,0.19120424648265524,False
4.104,0.27798461,0.1881178402107511,False
4.108,0.26801588,0.18329456867042979,False
4.112,0.23531306,0.17706092397962728,False
4.116,0.20042543,0.16973769762909824,False
4.12,0.25303172,0.1615745356743635,False
4.124,0.19710036,0.15270711570500883,False
4.128,0.21539773,0.14314906410873632,False
4.132,0.16221559,0.1328213798331733,False
4.136,0.24387106,0.1216110230795552,False
4.14,0.22186811,0.10944163971639725,False
4.144,0.17239522,0.09633649657220797,False
4.148,0.14749607,0.08245699184986059,False
4.152,0.17326513,0.06810767493838603,False
4.156,0.07858029,0.05370786380297645,False
4.16,0.07634258,0.039737903837384896,False
4.164,0.09394863,0.02667276335679853,False
4.168,0.1200367,0.014916541441764318,False
4.172,0.10115179,0.00474955134404169,False
4.176,0.04009469,-0.003703984907594223,False
4.18,0.06242853,-0.01048423219615076,False
4.184,0.05196252,-0.01578113123163565,False
4.188,0.03437109,-0.0199009627549568,False
4.192,0.06043331,-0.023219622745258465,False
4.196,0.02298636,-0.02612952503656297,False
4.2,0.08244467,-0.028988858459539003,False
4.204,0.07477658,-0.0320823931678264,False
4.208,0.06067536,-0.03560020237401805,False
4.212,0.02673867,-0.03963508238290367,False
4.216,-0.00546217,-0.044193923151263345,False
4.22,0.00744489,-0.04921538889420196,False
4.224,-0.02158171,-0.05458655965950455,False
4.228,0.1103716,-0.06015368170648269,False
4.232,-0.02275536,-0.0657260309124082,False
4.236,0.0268821,-0.07107651886711146,False
4.24,0.01727153,-0.07594638328359976,False
4.244,-0.00065798,-0.0800614959911026,False
4.248,-0.0101693,-0.08316329553274755,False
4.252,-0.03467336,-0.08505001498657368,False
4.256,-0.00293292,-0.0856176693861547,False
4.26,-0.03698042,-0.0848882901668578,False
4.264,0.00352452,-0.08301562761139047,False
4.268,0.00406432,-0.08026451406499469,False
4.272,0.0104961,-0.07696729355078161,False
4.276,0.02322301,-0.07346723615744963,False
4.28,-0.01324206,-0.07006281837244191,False
4.284,0.05802044,-0.0669666202721626,False
4.288,0.02314008,-0.06428795850457154,False
4.292,0.02818478,-0.062040954231791595,False
4.296,-0.03890441,-0.06017277386159774,False
4.3,0.04571228,-0.05860264136893083,False
4.304,0.02378316,-0.05726095089726067,False
4.308,0.0394544,-0.056118494037941793,False
4.312,0.02035802,-0.05519847656927161,False
4.316,0.0140157,-0.054569108324576496,False
4.32,0.04596698,-0.05432108623620397,False
4.324,0.01640103,-0.054539497244831696,False
4.328,0.05817913,-0.05528100625051047,False
4.332,0.05038392,-0.056564006762528735,False
4.336,0.05473393,-0.058373059309255314,False
4.34,-0.00703571,-0.06067222717186199,False
4.344,-0.0243112,-0.06341797237311067,False
4.348,-0.00751235,-0.06656278485129949,False
4.352,0.02795194,-0.07004499615126192,False
4.356,0.05376386,-0.07376638939497202,False
4.36,-0.01340423,-0.07756563395726608,False
4.364,0.05558876,-0.0812004202989384,False
4.368,0.03467187,-0.08435173117925768,False
4.372,-0.02929263,-0.08665806927169636,False
4.376,0.00568589,-0.0877771478558199,False
4.38,-0.076643,-0.08746205566688306,False
4.384,0.00578367,-0.08563241373797326,False
4.388,0.02413726,-0.08242005322581504,False
4.392,0.00563604,-0.07817313670368434,False
4.396,0.00278392,-0.07341212494602596,False
4.4,0.01560316,-0.06874397934697694,False
4.404,0.02384731,-0.0647532782406723,False
4.408,0.08439113,-0.06189543570844977,False
4.412,0.0579873,-0.060415714837047114,False
4.416,-0.0132002,-0.06031015381437584,False
4.42,0.08897261,-0.06133445652948114,False
4.424,-0.02002904,-0.06305688427158551,False
4.428,-0.01042981,-0.06494255676904895,False
4.432,0.07838884,-0.06645047573233921,False
4.436,-0.03272699,-0.06712241169485354,False
4.44,0.06294063,-0.06664560732189605,False
4.444,-0.02006112,-0.06487884296530504,False
4.448,0.02188252,-0.06184178437192584,False
4.452,0.04355535,-0.05767704143412379,False
4.456,0.11366353,-0.052599472096360685,False
4.46,0.00944265,-0.04684721157137117,False
4.464,0.03637454,-0.04064559590123395,False
4.468,0.08637639,-0.0341902199936227,False
4.472,0.06859271,-0.027649266216468606,False
4.476,0.03690856,-0.021179109753747025,False
4.48,0.06274201,-0.014943505993416156,False
4.484,0.09413651,-0.009126902769981307,False
4.488,0.14063152,-0.003935564269520827,False
4.492,0.06720599,0.000415609509154346,False
4.496,0.07740072,0.0037280876453754342,False
4.5,0.12384349,0.00584964447504977,False
4.504,0.12424789,0.006700119620668544,False
4.508,0.11106848,0.006285512615235647,False
4.512,0.09882076,0.0046971523410442514,False
4.516,0.08260818,0.002096638252956716,False
4.52,0.09185409,-0.0013103646250243832,False
4.524,0.12013479,-0.005306805505225123,False
4.528,0.0400678,-0.00969736786631949,False
4.532,0.11794233,-0.01433542482022674,False
4.536,0.09711835,-0.01913805329979405,False
4.54,0.03386636,-0.024085681028760304,False
4.544,0.06163679,-0.0292066314439351,False
4.548,0.05328134,-0.03455092455524133,False
4.552,0.08996408,-0.04016021339238304,False
4.556,0.10137568,-0.046040098874859936,False
4.56,0.02470139,-0.05213810294233449,False
4.564,0.00673347,-0.058328018074174405,False
4.568,0.02863486,-0.06440081028063938,False
4.572,0.0207964,-0.07006307859858678,False
4.576,0.00924018,-0.07494527059959911,False
4.58,0.03618648,-0.07862337668392526,False
4.584,0.04456747,-0.08065941340727853,False
4.588,0.03778579,-0.08066595062442189,False
4.592,0.01256781,-0.07839596018179668,False
4.596,0.03758881,-0.07385053469461275,False
4.6,0.02295974,-0.06738513195589793,False
4.604,0.01923441,-0.059783472992982534,False
4.608,0.03740652,-0.05226171914750184,False
4.612,0.01701527,-0.04636873231521457,False
4.616,-6.3e-07,-0.04376353323197036,False
4.62,0.08457267,-0.045876890005141197,False
4.624,0.07665777,-0.05349540724824892,False
4.628,0.02952437,-0.0663377255890127,False
4.632,0.03901143,-0.08271729229604648,False
4.636,0.07212369,-0.09939714404380157,False
4.64,0.04607879,-0.1117312009765938,False
4.644,0.05055335,-0.11414841892684599,False
4.648,0.06320681,-0.10097201352690045,False
4.652,0.00555606,-0.06748511796018954,False
4.656,-0.00166362,-0.01107289900260914,False
4.66,-0.00517474,0.0677895466291384,False
4.664,-0.00035945,0.16495186980882032,False
4.668,0.11458858,0.27261209332028935,False
4.672,0.39404731,0.3800514109485507,False
4.676,0.5496512,0.4750325398352271,False
4.68,0.92152116,0.5456525735151514,False
4.684,1.08715167,0.5823119112664827,True
4.688,1.09915263,0.5794031468264064,False
4.692,0.93537072,0.5363598028365308,False
4.696,0.72713921,0.4578308497731898,False
4.7,0.36571906,0.35293370339210306,False
4.704,0.13161952,0.2337388616027704,False
4.708,-0.03207501,0.11330228535291889,False
4.712,-0.13272454,0.003646073986552832,False
4.716,-0.17907127,-0.0859247406036795,False
4.72,-0.10411545,-0.14988229228544311,False
4.724,-0.07121701,-0.18678229120716858,False
4.728,-0.07665749,-0.19885397927960954,False
4.732,0.05169012,-0.1910484329552091,False
4.736,-0.00971903,-0.16979991237669154,False
4.74,0.00254472,-0.14176912822988608,False
4.744,0.04518453,-0.11279466120021131,False
4.748,0.02794516,-0.08719872793234106,False
4.752,0.07101388,-0.06749927489181223,False
4.756,0.0362798,-0.05449381671890266,False
4.76,0.00156542,-0.04761802651246121,False
4.764,0.01143708,-0.04545187783234656,False
4.768,0.0301481,-0.04624668445795332,False
4.772,0.07895817,-0.04836987334562722,False
4.776,0.02487062,-0.05060158711898963,False
4.78,0.05977826,-0.05225994718044394,False
4.784,0.07194054,-0.053171807902670606,False
4.788,0.09905628,-0.05353504924861001,False
4.792,0.07787172,-0.05373165465480036,False
4.796,0.06110046,-0.054147899877689,False
4.8,0.0760396,-0.05504305339095066,False
4.804,0.04656278,-0.05648675507311718,False
4.808,0.04310353,-0.05836361683463487,False
4.812,-0.02752563,-0.06042717360008258,False
4.816,0.05881299,-0.0623776008968482,False
4.82,0.04431973,-0.06393826565827128,False
4.824,0.07479434,-0.0649120839909329,False
4.828,0.06201885,-0.06520692469552085,False
4.832,0.00487254,-0.06482843239902822,False
4.836,0.03933471,-0.0638471128610283,False
4.84,0.0619752,-0.06235190595006912,False
4.844,0.03950397,-0.06040325735350166,False
4.848,0.06916919,-0.057995894175616444,False
4.852,0.0485145,-0.055037444208691534,False
4.856,0.09772354,-0.05134533364294662,False
4.86,0.02320921,-0.04666162110932292,False
4.864,0.01045267,-0.040683552092550555,False
4.868,0.13911585,-0.03310594598454701,False
4.872,0.08379343,-0.0236692095533566,False
4.876,0.10071406,-0.012204392538264462,False
4.88,0.07267305,0.0013335286766808247,False
4.884,0.10240514,0.016849673504125216,False
4.888,0.16083509,0.03411093119209416,False
4.892,0.15642387,0.05276159509068115,False
4.896,0.20505753,0.07234764548479683,False
4.9,0.2145656,0.09234421326539863,False
4.904,0.21788863,0.11218136733542634,False
4.908,0.25350553,0.13126544820083955,False
4.912,0.26210754,0.14899707906770332,False
4.916,0.26046471,0.1647910323705003,False
4.92,0.26103685,0.17810451262178573,False
4.924,0.31229283,0.18847762935520207,False
4.928,0.3283022,0.19558374093060285,False
4.932,0.30326768,0.19928047385299322,False
4.936,0.36779578,0.19964759666124324,False
4.94,0.3384429,0.1969979414233073,False
4.944,0.31755191,0.19185273193635216,False
4.948,0.25129657,0.18488124457757255,False
4.952,0.26944769,0.17681378905894918,False
4.956,0.30455852,0.16834388941885808,False
4.96,0.22228791,0.16003827542695767,False
4.964,0.24925998,0.15227087040829224,False
4.968,0.31189347,0.14519043172538365,False
4.972,0.25490247,0.13872392606296613,False
4.976,0.26691956,0.13261187970897106,False
4.98,0.18047498,0.12646828045898373,False
4.984,0.21605292,0.1198552791100671,False
4.988,0.26725692,0.11236194160252996,False
4.992,0.20897998,0.10367691768318897,False
4.996,0.18557854,0.09364612866958634,False
5.0,0.23704151,0.08230743599167613,False
5.004,0.22505421,0.06989567837827036,False
5.008,0.12368611,0.05681517050766029,False
5.012,0.17229249,0.04358265870905268,False
5.016,0.10474106,0.030749803902316485,False
5.02,0.13353047,0.018818662165942142,False
5.024,0.11662594,0.008165733988878137,False
5.028,0.12608518,-0.0010106669830406132,False
5.032,0.0477198,-0.00870963250801867,False
5.036,0.11614306,-0.015111095400109659,False
5.04,0.10880502,-0.020528904193787192,False
5.044,0.09322697,-0.02534414111686209,False
5.048,0.05418174,-0.029931448165518904,False
5.052,0.11327329,-0.034591156920905836,False
5.056,0.05119145,-0.03949831594302117,False
5.06,0.09303856,-0.044676097093720196,False
5.064,0.05899996,-0.049996180565884646,False
5.068,0.01558742,-0.05520425105496921,False
5.072,0.08358564,-0.05996563172113376,False
5.076,0.05515568,-0.06392380273262277,False
5.08,0.02660186,-0.06676268866666765,False
5.084,0.03039792,-0.0682628471548797,False
5.088,0.05805573,-0.0683427374431675,False
5.092,-0.00119585,-0.06707871003760664,False
5.096,0.09490892,-0.06470036619636348,False
5.1,0.01084933,-0.06156139409759676,False
5.104,0.04187114,-0.05809035282276021,False
5.108,0.09175974,-0.05473055022885325,False
5.112,0.05535606,-0.0518812106383972,False
5.116,0.07093171,-0.04985174362063903,False
5.12,0.11666829,-0.04883680051388314,False
5.124,0.04379724,-0.04891363337883249,False
5.128,-0.00110313,-0.05005769404379209,False
5.132,0.0713255,-0.052168852086296486,False
5.136,0.08944953,-0.055098922260944976,False
5.14,0.04620731,-0.05867159177434263,False
5.144,-0.00710191,-0.06268944926204957,False
5.148,0.08177395,-0.06692938618076733,False
5.152,0.07901599,-0.07113399357682466,False
5.156,0.01200023,-0.07500887967492731,False
5.16,0.06691599,-0.07823325723903442,False
5.164,-0.01474558,-0.08048608574989186,False
5.168,0.03860561,-0.08148485236143518,False
5.172,0.02244426,-0.08102943391165601,False
5.176,0.02025642,-0.07904033143295737,False
5.18,0.00458358,-0.07558094364596168,False
5.184,0.03019096,-0.0708581284643957,False
5.188,0.08791941,-0.0652017819988637,False
5.192,0.05617407,-0.05902920692730421,False
5.196,0.05468427,-0.052801953713387154,False
5.2,0.08578486,-0.046981948995235265,False
5.204,0.04938066,-0.04199135669430042,False
5.208,0.05203126,-0.03817815911166936,False
5.212,0.05135423,-0.035788118508996526,False
5.216,0.10315508,-0.03494408874277606,False
5.22,0.09277774,-0.035634891404548785,False
5.224,0.1008131,-0.03771673971698175,False
5.228,0.06891939,-0.04092956981039917,False
5.232,0.0764956,-0.04492866587678235,False
5.236,-0.00319251,-0.049329025332707534,False
5.24,0.08614077,-0.053756363031886946,False
5.244,0.04227716,-0.057895456065381753,False
5.248,0.03790317,-0.06152553387838294,False
5.252,0.03798607,-0.06453510239009196,False
5.256,0.04275557,-0.06691434865501787,False
5.26,0.0517655,-0.06872938515001797,False
5.264,0.06272231,-0.07008626963426413,False
5.268,0.0008265,-0.07109317992343642,False
5.272,0.0673606,-0.0718274619398127,False
5.276,0.02128647,-0.0723119860616856,False
5.28,-0.0006225,-0.07250314706486728,False
5.284,0.0651776,-0.07229104046128218,False
5.288,0.05211562,-0.07151081587577167,False
5.292,0.02563499,-0.06996330270490139,False
5.296,0.01102354,-0.06744299234911409,False
5.3,0.06585276,-0.06377156450561616,False
5.304,0.07457776,-0.05883401873097045,False
5.308,0.02850021,-0.052612117216185174,False
5.312,0.02644098,-0.04520819560725215,False
5.316,0.06710244,-0.0368531740903662,False
5.32,0.11292317,-0.027895352847733625,False
5.324,0.0608818,-0.01876997927886677,False
5.328,0.1032313,-0.009953429443461451,False
5.332,0.07083762,-0.0019099378140090026,False
5.336,0.22132815,0.004958950499946709,False
5.34,0.09402619,0.010353637290189285,False
5.344,0.08217831,0.014099992913987069,False
5.348,0.11919479,0.016155925684779113,False
5.352,0.1005655,0.016600947233929755,False
5.356,0.15958701,0.015609843238061177,False
5.36,0.16865264,0.013414390697794744,False
5.364,0.08205229,0.010260120466662371,False
5.368,0.11434595,0.006365972742269678,False
5.372,0.08869482,0.0018932901178378154,False
5.376,0.07972399,-0.0030711314167050537,False
5.38,0.11332425,-0.008514259296417425,False
5.384,0.10528789,-0.014476168124519795,False
5.388,0.04689272,-0.02101103789939027,False
5.392,0.11047079,-0.028136695068920435,False
5.396,0.07930851,-0.03578390153826028,False
5.4,0.06688062,-0.0437574347305692,False
5.404,0.03880884,-0.051718327807419355,False
5.408,0.048832,-0.05919230519493978,False
5.412,0.00038092,-0.06560518170237598,False
5.416,0.05433867,-0.07034226418154857,False
5.42,0.04397196,-0.07282576805502744,False
5.424,-0.03259702,-0.07260276334205691,False
5.428,0.05844161,-0.06943636102039893,False
5.432,0.03867855,-0.06339283887049242,False
5.436,0.08929799,-0.05491479814275686,False
5.44,0.04266607,-0.044865308520359394,False
5.444,0.0334122,-0.03452339574388212,False
5.448,0.06691626,-0.02551068739692841,False
5.452,0.06177259,-0.019634137920382433,False
5.456,0.05935705,-0.018640387270425503,False
5.46,0.1411956,-0.023893267124064765,False
5.464,0.01871703,-0.036006829660351326,False
5.468,0.05022195,-0.054489164047764924,False
5.472,0.11105001,-0.07747098662286173,False
5.476,0.00249827,-0.10160072411499008,False
5.48,-0.01620889,-0.12218009104397154,False
5.484,-0.01670639,-0.1335885760814064,False
5.488,0.05194981,-0.1300003545517539,False
5.492,0.01879359,-0.10633482855723476,False
5.496,-0.01468633,-0.059311974982687546,False
5.5,-0.08722807,0.011576035338184645,False
5.504,0.03096502,0.10339464311849621,False
5.508,0.1059378,0.20959899042985186,False
5.512,0.20299569,0.32049929996706294,False
5.516,0.45189875,0.4243725087250161,False
5.52,0.76357779,0.5090881999624018,False
5.524,0.97957004,0.5639817196713551,False
5.528,1.08468449,0.5816224282779205,True
5.532,0.97550986,0.5591188442070898,False
5.536,0.8232737,0.4986816409348374,False
5.54,0.50516479,0.4073139219143437,False
5.544,0.27924209,0.2956815320979265,False
5.548,0.06591832,0.1763895882879995,False
5.552,-0.07145801,0.06201128814838225,False
5.556,-0.12126066,-0.036748108953819594,False
5.56,-0.21389684,-0.11242159851715924,False
5.564,-0.10255963,-0.16147733587435872,False
5.568,-0.08269616,-0.18429100047542332,False
5.572,-0.01214976,-0.1844911782074841,False
5.576,0.03397887,-0.16788294494164663,False
5.58,-0.02290035,-0.14120431274736361,False
5.584,0.07146326,-0.11096057896857958,False
5.588,0.04785128,-0.08252432329829022,False
5.592,0.02866961,-0.05960375581499826,False
5.596,0.03409332,-0.04409301855615467,False
5.6,-0.01421701,-0.0362455315201875,False
5.604,0.06497356,-0.03506715884435126,False
5.608,0.03302033,-0.03881133139062985,False
5.612,0.05031011,-0.04546827092927713,False
5.616,0.01725809,-0.05316745246461441,False
5.62,0.02994856,-0.06044754772975561,False
5.624,0.04670707,-0.06638239151161504,False
5.628,0.01248199,-0.07057865923418542,False
5.632,-0.0202526,-0.07307872854164103,False
5.636,0.03392836,-0.0742108089377499,False
5.64,0.08130018,-0.07442823601263406,False
5.644,0.0134588,-0.07417182494741716,False
5.648,-0.01218284,-0.073776101895248,False
5.652,0.06429873,-0.07342581215637,False
5.656,-0.023742,-0.0731566671441866,False
5.66,-0.05264362,-0.07288626782613185,False
5.664,0.0186393,-0.07245866778874085,False
5.668,0.04637705,-0.07168835914116949,False
5.672,0.05582683,-0.07039436115700134,False
5.676,-9.807e-05,-0.0684205797932108,False
5.68,0.01973605,-0.06564375085843394,False
5.684,-0.0028294,-0.061973913726811346,False
5.688,0.06853132,-0.0573526468707635,False
5.692,-0.00793729,-0.051751094657950414,False
5.696,0.03535826,-0.045166029894200155,False
5.7,0.07053792,-0.037611223516509945,False
5.704,0.0215002,-0.029104088355802922,False
5.708,0.05906093,-0.019651989389297894,False
5.712,0.09661795,-0.009245654221421032,False
5.716,0.14338671,0.002133616699895594,False
5.72,0.0644785,0.014490987578328176,False
5.724,0.13098153,0.027783954345711008,False
5.728,0.0681322,0.041886624842906464,False
5.732,0.08264151,0.05656366152981275,False
5.736,0.21793034,0.07146423155388158,False
5.74,0.19436684,0.08614369896254565,False
5.744,0.13535438,0.10011528303354597,False
5.748,0.18529057,0.11292457181155968,False
5.752,0.23319029,0.12422953958574207,False
5.756,0.23042324,0.133863531441856,False
5.76,0.29370334,0.14186249653505384,False
5.764,0.24280236,0.1484485104036093,False
5.768,0.1459765,0.1539732540189325,False
5.772,0.25480124,0.15883346880558005,False
5.776,0.22643205,0.1633754561969151,False
5.78,0.24099315,0.1678082755760739,False
5.784,0.26948731,0.1721444289948739,False
5.788,0.25825156,0.17618095370760367,False
5.792,0.22558701,0.17952377456625343,False
5.796,0.29544302,0.18164783330977807,False
5.8,0.27903468,0.1819790653507696,False
5.804,0.24332943,0.17998279074050455,False
5.808,0.26961553,0.17524481413173865,False
5.812,0.24352715,0.1675346319286571,False
5.816,0.26469704,0.15684386111321902,False
5.82,0.18981116,0.14339698744434615,False
5.824,0.23289808,0.12763506381344136,False
5.828,0.15225026,0.11017551052366699,False
5.832,0.20695084,0.09175318071593477,False
5.836,0.16619191,0.07315009031812644,False
5.84,0.07613866,0.055122984172799136,False
5.844,0.12332855,0.038337618608930764,False
5.848,0.04815465,0.023316050953184706,False
5.852,0.11129817,0.010400250728671727,False
5.856,0.10656566,-0.0002659339092150213,False
5.86,0.06333399,-0.008734256038251165,False
5.864,0.01143713,-0.015227485258543685,False
5.868,0.03509831,-0.02009421819198259,False
5.872,0.04255539,-0.023748749926310108,False
5.876,0.03679493,-0.026605072128102328,False
5.88,0.07510147,-0.02901564743354963,False
5.884,0.06686276,-0.031225527572342544,False
5.888,0.03129469,-0.0333506820230218,False
5.892,0.07123943,-0.03538557913023681,False
5.896,-0.03825776,-0.037239099343839975,False
5.9,0.04518509,-0.03879088949301989,False
5.904,0.02715307,-0.03995402985346288,False
5.908,0.02600607,-0.04072641629846661,False
5.912,0.02138081,-0.04121467493114631,False
5.916,-0.01550988,-0.04162159857961941,False
5.92,0.05282255,-0.04219913179683015,False
5.924,0.01445303,-0.043179692128276645,False
5.928,0.07903001,-0.044705355527941595,False
5.932,-0.01059572,-0.046775740882047764,False
5.936,0.06358473,-0.049231538667884864,False
5.94,0.03728656,-0.0517821536069543,False
5.944,-0.04742444,-0.05407415563583766,False
5.948,0.04205322,-0.05578492059623455,False
5.952,-0.02262284,-0.056716954528933494,False
5.956,-0.06277489,-0.05686642891700178,False
5.96,0.02443141,-0.056445338817340825,False
5.964,0.02774915,-0.05584842275365766,False
5.968,0.01168437,-0.05557018608959016,False
5.972,0.0067238,-0.056090575227697496,False
5.976,0.05185394,-0.05775679949093898,False
5.98,0.01226371,-0.06069090442544082,False
5.984,-0.01793819,-0.06474685124158208,False
5.988,0.04130122,-0.06952831044854724,False
5.992,-0.04475267,-0.0744628765182853,False
5.996,-0.03421047,-0.07891462584975861,False
6.0,-0.03678306,-0.08230855270424342,False
6.004,-0.06234003,-0.0842392266822877,False
6.008,-0.03995067,-0.08454149977992288,False
6.012,0.02710664,-0.08331073247729831,False
6.016,-0.04340938,-0.08087105272958942,False
6.02,-0.00655501,-0.07770082479629256,False
6.024,-0.03699621,-0.07433323101632935,False
6.028,0.01452577,-0.0712545616470279,False
6.032,-0.0096964,-0.06882163462577019,False
6.036,0.02701521,-0.06721286374826395,False
6.04,0.0019783,-0.06641779946309914,False
6.044,-0.05599659,-0.06626162655004228,False
6.048,-0.04812251,-0.06645625177228069,False
6.052,0.035493,-0.06666706581476148,False
6.056,0.00515592,-0.06658229495237733,False
6.06,0.01358188,-0.06597087450398977,False
6.064,-0.12837384,-0.0647178863568351,False
6.068,0.04074959,-0.06283419834569165,False
6.072,-0.00935918,-0.06044475466735071,False
6.076,0.06457348,-0.05776330944805663,False
6.08,-0.03840849,-0.05506026276354163,False
6.084,-0.00185748,-0.052628119503150717,False
6.088,0.03096009,-0.050747840762562585,False
6.092,-0.03972906,-0.04965813166312862,False
6.096,0.00807285,-0.04952814252811487,False
6.1,-0.03038715,-0.05043364734358088,False
6.104,0.05199001,-0.05233830912543302,False
6.108,0.02126194,-0.0550836634502149,False
6.112,-0.00602641,-0.05839212559688309,False
6.116,-0.0379392,-0.061886231965635766,False
6.12,-0.00213071,-0.06512456217695083,False
6.124,0.0069178,-0.06765052967689097,False
6.128,-0.09377954,-0.06904603003076468,False
6.132,-0.03532039,-0.06898035622109676,False
6.136,0.03724765,-0.06724671599138769,False
6.14,-0.04291279,-0.06378235473967599,False
6.144,0.0272574,-0.05867142921753661,False
6.148,-0.03620299,-0.05213172427069805,False
6.152,0.02037799,-0.044487593033253094,False
6.156,-0.02623475,-0.036132476677098166,False
6.16,0.01500301,-0.027485232444284774,False
6.164,0.01581142,-0.018945808199103832,False
6.168,0.06555302,-0.010857372323329935,False
6.172,0.08649153,-0.003482250405964236,False
6.176,0.07129419,0.003003399279520597,False
6.18,0.03349846,0.00849578046662776,False
6.184,0.00844848,0.012935298402386322,False
6.188,0.11509645,0.016273493572014512,False
6.192,0.0116678,0.018447268582987,False
6.196,0.03240384,0.019371163376526182,False
6.2,0.09015167,0.018951927870437688,False
6.204,0.09441118,0.01712087515580069,False
6.208,0.11906724,0.013873200860091809,False
6.212,0.04218541,0.00930193531020706,False
6.216,-0.01176823,0.003616052347433849,False
6.22,0.04862235,-0.0028643589706310547,False
6.224,0.04775665,-0.00973802183257515,False
6.228,0.00218235,-0.01657318292834376,False
6.232,0.06226364,-0.02296876521888462,False
6.236,0.01656346,-0.028612670134175792,False
6.24,-0.03563483,-0.03332496667397565,False
6.244,0.00469346,-0.03707749438294805,False
6.248,-0.05548702,-0.0399859720731387,False
6.252,0.06065581,-0.04227472848503047,False
6.256,0.00867184,-0.04421785171870008,False
6.26,-0.07278268,-0.04606517995330975,False
6.264,0.00834605,-0.047967124281257434,False
6.268,0.07193739,-0.049916117539783145,False
6.272,-0.07586692,-0.051721654440286605,False
6.276,0.00596809,-0.05303046787742954,False
6.28,-0.01807501,-0.05339551872084831,False
6.284,-0.01137463,-0.05238848609509349,False
6.288,0.00507901,-0.04974026238930211,False
6.292,-0.00669852,-0.04548360433928673,False
6.296,-0.06158813,-0.040064875173004964,False
6.3,0.0267153,-0.034390725790430475,False
6.304,-0.05522626,-0.029780975618237993,False
6.308,0.04718009,-0.027809896094777818,False
6.312,0.01520337,-0.030034500280696576,False
6.316,-0.06905609,-0.03763080050595435,False
6.32,-0.01001847,-0.05098559498891015,False
6.324,0.03079622,-0.06931670006197097,False
6.328,-0.05571642,-0.09041152123483358,False
6.332,-0.03924465,-0.11057637869473669,False
6.336,-0.0316259,-0.12487230481192715,False
6.34,0.01006981,-0.1276737164583854,False
6.344,-0.09024007,-0.11352502708186224,False
6.348,-0.09231448,-0.07819490045256416,False
6.352,-0.0711295,-0.019754379788429297,False
6.356,-0.0860728,0.060545711289286944,False
6.36,-0.06450958,0.15783015662550953,False
6.364,0.05500653,0.2637691062506024,False
6.368,0.28636389,0.3674348549374342,False
6.372,0.57218866,0.4567697476369067,False
6.376,0.78602334,0.5204366825859403,False
6.38,0.96166272,0.5497089783766216,True
6.384,1.00135189,0.5400155556908863,False
6.388,0.82936592,0.4918086825958383,False
6.392,0.51343793,0.41055747795532604,False
6.396,0.21564768,0.3058581410922453,False
6.4,0.00392411,0.18984340823330814,False
6.404,-0.14865383,0.07522053865086281,False
6.408,-0.23713492,-0.026666561667569824,False
6.412,-0.20490149,-0.10738385733584818,False
6.416,-0.24436024,-0.16230677053136608,False
6.42,-0.13199915,-0.19077785844638526,False
6.424,-0.11769843,-0.19559117725180705,False
6.428,0.00383182,-0.1819972033369766,False
6.432,-0.11743618,-0.15648534484460042,False
6.436,-0.01810816,-0.12559901452610872,False
6.44,-0.03658736,-0.09498393514086106,False
6.444,-0.07113652,-0.06878573535134518,False
6.448,-0.03166781,-0.049422127305071506,False
6.452,-0.01685021,-0.03767896843503968,False
6.456,-0.05861578,-0.03303190634394988,False
6.46,-0.02686248,-0.034080006144768284,False
6.464,-0.03220316,-0.0389895922900644,False
6.468,0.01972084,-0.04587487834863302,False
6.472,-0.04127,-0.053075300813230156,False
6.476,0.01232139,-0.05931908256534971,False
6.48,-0.05487001,-0.06378413909717821,False
6.484,-0.09919321,-0.06608010426677244,False
6.488,-0.00070991,-0.0661794768148438,False
6.492,-0.03840427,-0.06432335233309439,False
6.496,-0.07934539,-0.06092124731077846,False
6.5,-0.00053921,-0.05645862216953183,False
6.504,-0.03430861,-0.0514212933865091,False
6.508,0.0053009,-0.04624227952469836,False
6.512,-0.04899011,-0.04127265971583624,False
6.516,-0.00777406,-0.03677357801621517,False
6.52,0.0090918,-0.03292225183741384,False
6.524,-0.00518067,-0.029821908438769595,False
6.528,-0.07486731,-0.02750579881942113,False
6.532,0.00233607,-0.025930060575949116,False
6.536,-0.00613891,-0.02495769891479654,False
6.54,0.06297036,-0.024342466688974055,False
6.544,-0.00645128,-0.02372406389771349,False
6.548,0.00934898,-0.022644765777177948,False
6.552,-0.01745205,-0.020593260905496475,False
6.556,0.00290917,-0.01707425818834089,False
6.56,0.00747476,-0.01169306372165963,False
6.564,-0.03254278,-0.0042362300191662585,False
6.568,-0.00361956,0.005273072548800425,False
6.572,0.04973334,0.016561418111733825,False
6.576,0.04234075,0.029139452258750163,False
6.58,0.05473292,0.04237853114537266,False
6.584,0.11671027,0.05561380984675862,False
6.588,0.08705546,0.0682518036634219,False
6.592,0.12108555,0.07985979822645967,False
6.596,0.09208422,0.0902192436634739,False
6.6,0.11829719,0.099333939821957,False
6.604,0.16180671,0.10739406869551771,False
6.608,0.07966024,0.11470637513822289,False
6.612,0.14938519,0.12160686233565729,False
6.616,0.14648307,0.12837439805832104,False
6.62,0.16392095,0.135162144714976,False
6.624,0.13001253,0.14195945624494763,False
6.628,0.16830572,0.14859013991019965,False
6.632,0.12964206,0.15474480887994355,False
6.636,0.24913357,0.160038086236645,False
6.64,0.20804663,0.16407788480377686,False
6.644,0.13688244,0.16653331731632762,False
6.648,0.17129675,0.16718827993737023,False
6.652,0.23781957,0.16596981410628064,False
6.656,0.18610453,0.1629457528642371,False
6.66,0.16932194,0.15829441362450286,False
6.664,0.1535392,0.15225676028627902,False
6.668,0.17172111,0.14508520542023662,False
6.672,0.11184379,0.13700233053116737,False
6.676,0.13856789,0.12817833818974775,False
6.68,0.09916404,0.11872949927610739,False
6.684,0.22694832,0.10873333909151481,False
6.688,0.11379641,0.09825216353328964,False
6.692,0.07538761,0.08735562486409654,False
6.696,0.0997419,0.07613471586335346,False
6.7,0.06192687,0.06470333794433036,False
6.704,0.079012,0.053189038954673105,False
6.708,0.01487852,0.041719815255258,False
6.712,0.07243118,0.030415830892473843,False
6.716,-0.00303989,0.019391849817876835,False
6.72,0.04081539,0.008769990766995537,False
6.724,0.05016388,-0.0013033091081127587,False
6.728,-0.02678212,-0.010645397892286496,False
6.732,-0.01652378,-0.019040052338722788,False
6.736,0.01794769,-0.02626090695486488,False
6.74,0.01225476,-0.032115014886642604,False
6.744,-0.0746885,-0.03649708573676433,False
6.748,-0.03278417,-0.03943796884906612,False
6.752,-0.05500806,-0.04112921006255522,False
6.756,-0.04953053,-0.041910269833078995,False
6.76,-0.06887441,-0.04221530008476937,False
6.764,-0.00944268,-0.04248946638479581,False
6.768,0.02213311,-0.04309606836533782,False
6.772,0.06244045,-0.04424022188262296,False
6.776,-0.05093112,-0.045930853153024795,False
6.78,-0.08804991,-0.04799268797383462,False
6.784,-0.07527374,-0.05012712081727913,False
6.788,0.02532374,-0.05200723546463511,False
6.792,-0.10188432,-0.05338075126463406,False
6.796,-0.0726243,-0.05415063899716717,False
6.8,-0.06669941,-0.054410097372263794,False
6.804,0.02906267,-0.054423705693378906,False
6.808,-0.08097023,-0.05456279475857777,False
6.812,-0.02374989,-0.05521474360151529,False
6.816,-0.00550014,-0.05669096611406055,False
6.82,-0.03945046,-0.05915656702535987,False
6.824,-0.02619099,-0.06259674012478275,False
6.828,-0.11554573,-0.06682369402153872,False
6.832,-0.05853515,-0.07151734278872761,False
6.836,-0.04317809,-0.07628614055202113,False
6.84,-0.12987501,-0.08073213624114176,False
6.844,-0.04551025,-0.0845062406804756,False
6.848,-0.04640839,-0.08734469526830621,False
6.852,-0.09764775,-0.08908397023631459,False
6.856,-0.08659353,-0.08965694560918291,False
6.86,-0.08383457,-0.08907701152965904,False
6.864,-0.0800476,-0.08741800813267726,False
6.868,-0.05242418,-0.0847965028640086,False
6.872,-0.0689538,-0.08135964716895344,False
6.876,-0.08985081,-0.07727875179245637,False
6.88,-0.05265185,-0.07274709354473291,False
6.884,-0.06207529,-0.06797975696197654,False
6.888,-0.03823161,-0.06321247298704863,False
6.892,-0.05920054,-0.05869572666002082,False
6.896,-0.04830178,-0.05468112220367013,False
6.9,-0.05478217,-0.051399505366811926,False
6.904,-0.00430447,-0.04903343215850165,False
6.908,-0.04398611,-0.047688717354519024,False
6.912,-0.03312588,-0.047370602574445066,False
6.916,-0.00961838,-0.047970100217553616,False
6.92,-0.08640122,-0.04926555751673498,False
6.924,-0.0117513,-0.050942764277550345,False
6.928,-0.00067404,-0.05263333601642764,False
6.932,-0.09066721,-0.053966493912496936,False
6.936,-0.03766949,-0.05462570932350996,False
6.94,-0.05259276,-0.054400173773343434,False
6.944,-0.04453801,-0.05322140624737177,False
6.948,-0.03971759,-0.05117677885945255,False
6.952,-0.05968859,-0.04849423443689876,False
6.956,0.01255211,-0.04549659552857989,False
6.96,-0.08156782,-0.042530084567674396,False
6.964,-0.05737998,-0.03987920980685446,False
6.968,0.0068973,-0.03768651626741146,False
6.972,0.05041093,-0.03589775643264902,False
6.976,-0.04944584,-0.034249367782406455,False
6.98,-0.00643857,-0.03230678363189421,False
6.984,-0.00095761,-0.02955107154074983,False
6.988,-0.04538192,-0.025499479948032592,False
6.992,-0.03222352,-0.01983496393222899,False
6.996,-0.0464815,-0.012514213919717396,False
7.0,-9.769e-05,-0.0038262530155146425,False
7.004,0.02360448,0.005615708741976215,False
7.008,0.0302193,0.014950937877483927,False
7.012,0.05961389,0.02320190269948092,False
7.016,0.04090821,0.02943193058030747,False
7.02,0.13513639,0.03289729373053456,False
7.024,0.02125707,0.033164430614517064,False
7.028,0.03291136,0.03017249939339023,False
7.032,0.01949383,0.02423336111841265,False
7.036,0.07016519,0.015972619363158896,False
7.04,-0.00745612,0.0062249740987060246,False
7.044,0.00730034,-0.00409642762285993,False
7.048,0.02874815,-0.014134662005163728,False
7.052,-0.03954275,-0.023207105682026226,False
7.056,-0.02137088,-0.03088974852116414,False
7.06,-0.02627559,-0.037055158618894704,False
7.064,-0.0668793,-0.041857843825683624,False
7.068,-0.06544653,-0.0456692360406188,False
7.072,0.03337662,-0.04897374486128073,False
7.076,-0.0595857,-0.052245015867902894,False
7.08,-0.00078978,-0.05582623834214599,False
7.084,-0.06209371,-0.0598394424398264,False
7.088,-0.04107433,-0.06414547268778859,False
7.092,-0.02287139,-0.06836799414594222,False
7.096,-0.07126426,-0.07198227464031914,False
7.1,-0.08064238,-0.07445559428414768,False
7.104,-0.05944654,-0.07541420688335979,False
7.108,-0.03779588,-0.07480325861599446,False
7.112,-0.08724287,-0.07300141901533044,False
7.116,-0.04980268,-0.07085259736940408,False
7.12,-0.1138446,-0.06958517463250735,False
7.124,-0.06306258,-0.07060558838843489,False
7.128,-0.06887461,-0.0751764641788252,False
7.132,-0.0741028,-0.08401704924098104,False
7.136,-0.07101644,-0.09689203098074617,False
7.14,-0.07114697,-0.11227855352540039,False
7.144,-0.05894031,-0.12721233987905423,False
7.148,-0.01099723,-0.1374038007551424,False
7.152,-0.09932076,-0.1376790780736611,False
7.156,-0.07471166,-0.12274077247405721,False
7.16,-0.07458881,-0.08816705537750893,False
7.164,-0.12152244,-0.03149078830142632,False
7.168,-0.11308159,0.04685773847495993,False
7.172,-0.06496276,0.14297846308281692,False
7.176,0.05895707,0.2494955259492967,False
7.18,0.25195113,0.35621767977906266,False
7.184,0.46006692,0.45142698111508384,False
7.188,0.78343416,0.523607784451969,False
7.192,0.89667902,0.5633063399652045,False
7.196,1.01276856,0.5647544948305728,True
7.2,0.86119832,0.5269199453220464,False
7.204,0.56153442,0.45375672215863744,False
7.208,0.32291946,0.35359659237539837,False
7.212,0.12548883,0.23780379898365278,False
7.216,-0.13735041,0.11896749059368945,False
7.22,-0.14422151,0.008991619137624106,False
7.224,-0.21410735,-0.08255779636207768,False
7.228,-0.23593203,-0.1495687403600413,False
7.232,-0.21702796,-0.18981822298516313,False
7.236,-0.13123946,-0.20473218710043994,False
7.24,-0.09275243,-0.19860437663533045,False
7.244,-0.15753515,-0.17748928262905017,False
7.248,-0.04503414,-0.14800966592086753,False
7.252,-0.04941001,-0.11629413426320079,False
7.256,-0.01899137,-0.08719899468533687,False
7.26,-0.06949313,-0.06388954303682676,False
7.264,0.04652998,-0.047777912139925854,False
7.268,-0.09635124,-0.0387530691680396,False
7.272,-0.06449573,-0.035602230294084825,False
7.276,-0.02608036,-0.036512517761771154,False
7.28,0.02322578,-0.03955205618967783,False
7.284,-0.07585234,-0.04305385610768242,False
7.288,0.03414239,-0.04585725495997231,False
7.292,-0.0783223,-0.047394939940848306,False
7.296,-0.01373643,-0.04764349824885847,False
7.3,-0.04102645,-0.04697686450865993,False
7.304,0.0497947,-0.04597166415687029,False
7.308,0.02155236,-0.045211863335635705,False
7.312,-0.07946272,-0.04513085312334956,False
7.316,0.05773617,-0.04591575228968327,False
7.32,-0.06542157,-0.04748359527262122,False
7.324,-0.04465471,-0.049523773843098154,False
7.328,0.01188686,-0.05158781451686777,False
7.332,-0.06909342,-0.05319936323648011,False
7.336,-0.04392988,-0.05395630493331096,False
7.34,-0.01836806,-0.05360262477719115,False
7.344,-0.02464106,-0.05205714901927283,False
7.348,-0.02229458,-0.04939703863053943,False
7.352,-0.03749873,-0.04580414789149147,False
7.356,0.00132027,-0.0414906458422727,False
7.36,0.0015902,-0.036624716996545036,False
7.364,0.03403788,-0.03127595750765535,False
7.368,0.01952672,-0.025393496935261838,False
7.372,-0.02189527,-0.018820626918149792,False
7.376,0.01227181,-0.011340925877651677,False
7.38,-0.00993101,-0.0027439756692482966,False
7.384,0.08603614,0.0071059553258285835,False
7.388,0.00310674,0.018216463709161204,False
7.392,0.0763201,0.030443613796342524,False
7.396,0.01858243,0.043504770322803886,False
7.4,0.1281149,0.05702305267512066,False
7.404,0.13868208,0.07059060156092109,False
7.408,0.11961626,0.0838346780415621,False
7.412,0.12635951,0.09647138946769707,False
7.416,0.12107806,0.10833475060147191,False
7.42,0.18729398,0.11937390879275596,False
7.424,0.16531057,0.12961945123828178,False
7.428,0.18484215,0.13912924632802337,False
7.432,0.1778707,0.14793100262990644,False
7.436,0.1178164,0.1559788703992921,False
7.44,0.19031515,0.1631351253668372,False
7.444,0.2468931,0.16917923220775188,False
7.448,0.25002535,0.17383949558877998,False
7.452,0.22566447,0.17683834358567535,False
7.456,0.21928535,0.1779401628713862,False
7.46,0.19010509,0.1769901732445915,False
7.464,0.21673011,0.17393526080375873,False
7.468,0.22972036,0.16882351111691637,False
7.472,0.17478435,0.16178616358892164,False
7.476,0.20487006,0.15301032159575056,False
7.48,0.20655523,0.1427113386811044,False
7.484,0.1372988,0.13111132188574864,False
7.488,0.16360325,0.11842670386166722,False
7.492,0.15749861,0.10486499977409112,False
7.496,0.14077714,0.09062927905372109,False
7.5,0.10280214,0.0759280975028793,False
7.504,0.1010383,0.06098777594423528,False
7.508,0.0774394,0.04606264739940882,False
7.512,0.0781121,0.03143814483924156,False
7.516,0.07871129,0.017422822380472616,False
7.52,0.06968078,0.00432872725278516,False
7.524,0.00324865,-0.007556789882576411,False
7.528,-0.01609025,-0.018002565812580203,False
7.532,0.04167236,-0.02686259719393063,False
7.536,-0.01164314,-0.034096685235796426,False
7.54,0.02783205,-0.039777339682319016,False
7.544,-0.01960479,-0.04407964209923905,False
7.548,-0.03248391,-0.047255428885957185,False
7.552,0.00509645,-0.04959828509755919,False
7.556,0.05985346,-0.0514076255962584,False
7.56,-0.01271454,-0.052957382243700016,False
7.564,-0.0400694,-0.05447068911140129,False
7.568,-0.06392934,-0.0561003573714436,False
7.572,0.00983942,-0.05791619316868449,False
7.576,0.01092732,-0.05990161471535649,False
7.58,-0.01767233,-0.06196164484558093,False
7.584,0.01883939,-0.06394274860509563,False
7.588,0.00493001,-0.0656633551078845,False
7.592,-0.07455761,-0.06695236146571562,False
7.596,-0.04401204,-0.06769087264264936,False
7.6,-0.00936207,-0.06784973672989236,False
7.604,0.01232416,-0.06751311527358386,False
7.608,-0.04331604,-0.06687862818911604,False
7.612,-0.04487336,-0.0662295893163946,False
7.616,-0.01877065,-0.06588367340684186,False
7.62,0.03103674,-0.06613049099129652,False
7.624,0.01313798,-0.06717327230762646,False
7.628,-0.01833373,-0.06908661574835336,False
7.632,-0.02053493,-0.07179639321069405,False
7.636,-0.050174,-0.07508280672035486,False
7.64,-0.05643611,-0.07860439856535188,False
7.644,-0.04124766,-0.08193920865765743,False
7.648,-3.638e-05,-0.08463858038485671,False
7.652,-0.00186103,-0.08628850190151732,False
7.656,0.00549071,-0.08657231653185073,False
7.66,-0.086812,-0.08532761623051502,False
7.664,-0.08899633,-0.08258966074088761,False
7.668,0.0215181,-0.07861307964823819,False
7.672,-0.01227291,-0.07386276681342252,False
7.676,-0.07586121,-0.06896648922693421,False
7.68,-0.0074762,-0.06462918211201826,False
7.684,-0.01104934,-0.06152103015232495,False
7.688,0.09450098,-0.06016179640599127,False
7.692,0.01861286,-0.06082660808722671,False
7.696,-0.02581474,-0.06349354037441529,False
7.7,-0.0279882,-0.06784458018923464,False
7.704,0.00068169,-0.07332118750334508,False
7.708,-0.02385065,-0.07922436658597468,False
7.712,-0.08694789,-0.08483901279950622,False
7.716,0.00716028,-0.0895566071041648,False
7.72,0.0025972,-0.09297086344660231,False
7.724,-0.1118965,-0.0949273722528055,False
7.728,-0.0565331,-0.09551931850950303,False
7.732,-0.05666178,-0.09503454147648206,False
7.736,0.02685678,-0.09387041006479707,False
7.74,-0.01257052,-0.0924383159091772,False
7.744,0.02095624,-0.09107865042094505,False
7.748,-0.0852063,-0.09000274880433637,False
7.752,-0.04629151,-0.08927219945094046,False
7.756,0.03035505,-0.08881724757541637,False
7.76,-0.04989823,-0.08848515411537253,False
7.764,-0.06739134,-0.0881006258443254,False
7.768,-0.02829712,-0.087518604311081,False
7.772,-0.02936468,-0.08665511640608309,False
7.776,-0.00201007,-0.0854904081738335,False
7.78,0.01080392,-0.08404619372514116,False
7.784,-0.06415342,-0.08234485450875435,False
7.788,-0.00551442,-0.08036352402583274,False
7.792,-0.00851246,-0.07799914565429324,False
7.796,-0.01549633,-0.07505951234812168,False
7.8,0.03036916,-0.07128901446527228,False
7.804,0.0259036,-0.06642772224353459,False
7.808,-0.00523755,-0.06029165473118564,False
7.812,-0.03324198,-0.052854259494635535,False
7.816,-0.03936251,-0.04430678954197415,False
7.82,0.03762203,-0.035078841740711374,False
7.824,0.05038518,-0.02580859833842026,False
7.828,0.07051886,-0.017263755701116865,False
7.832,0.03785303,-0.010226787964628642,False
7.836,0.15733668,-0.005368487206192777,False
7.84,0.0727461,-0.0031373963950010104,False
7.844,0.03939373,-0.003688152737025015,False
7.848,0.07010783,-0.006861133212675417,False
7.852,0.04055126,-0.012213271864436274,False
7.856,0.07856569,-0.01908928127320699,False
7.86,-0.02731893,-0.02671656354356659,False
7.864,0.05781823,-0.03430701313325023,False
7.868,0.04895212,-0.04115295914153739,False
7.872,0.05284051,-0.04670883144911657,False
7.876,0.02461566,-0.050652403432751736,False
7.88,-0.04069663,-0.05292055850344251,False
7.884,-0.01533169,-0.05371583030490462,False
7.888,0.07709593,-0.053480826372406,False
7.892,0.01903845,-0.052837689890039216,False
7.896,-0.03532274,-0.05249170688926719,False
7.9,0.01301301,-0.053105177153522344,False
7.904,0.02589932,-0.05515841965853387,False
7.908,0.06586538,-0.05882380527383614,False
7.912,0.01904252,-0.06388173779756016,False
7.916,0.00522331,-0.06970447776974045,False
7.92,-0.0070193,-0.07532576367267152,False
7.924,0.06241814,-0.07960051987182196,False
7.928,-0.02252267,-0.08143920299236448,False
7.932,-0.0428842,-0.08007948618725459,False
7.936,-0.03498377,-0.07534099611267461,False
7.94,-0.02603033,-0.06780213965589599,False
7.944,-0.02867102,-0.058843506474586645,False
7.948,0.01245272,-0.05051939470679727,False
7.952,0.03846903,-0.045246283293557205,False
7.956,0.04839463,-0.04533213067098961,False
7.96,-0.00660362,-0.05240886478272219,False
7.964,0.01359022,-0.06686549930269556,False
7.968,0.08365542,-0.08740196265259918,False
7.972,0.04256453,-0.11082514471826385,False
7.976,0.0460361,-0.13218404099007852,False
7.98,-0.07714283,-0.14529126740629608,False
7.984,-0.04481836,-0.1436091063659234,False
7.988,-0.05519306,-0.12139844210964815,False
7.992,-0.16248799,-0.07495220721172229,False
7.996,-0.08713913,-0.003680190846529867,False
8.0,0.00738675,0.08920136641564856,False
8.004,0.05420377,0.19658100535509992,False
8.008,0.24515845,0.3080729337340465,False
8.012,0.43944993,0.41131712953863997,False
8.016,0.73415829,0.4937752751843877,False
8.02,0.99395588,0.5447116221449644,False
8.024,1.0103609,0.5569828917205538,True
8.028,0.97989519,0.5282799409922467,False
8.032,0.64910341,0.46156459024212887,False
8.036,0.4652724,0.3646058099492455,False
8.04,0.174235,0.2487045997748431,False
8.044,0.03004432,0.1268638870682091,False
8.048,-0.11181737,0.011768268818437996,False
8.052,-0.24017935,-0.0860387591301678,False
8.056,-0.24659358,-0.15945918149656507,False
8.06,-0.18027067,-0.20543969557520564,False
8.064,-0.11905,-0.22484066782386766,False
8.068,-0.04681255,-0.22169621071969461,False
8.072,-0.00488183,-0.20208645134654457,False
8.076,0.0138298,-0.17288154446697881,False
8.08,-0.0592988,-0.14059685499845043,False
8.084,-0.05371411,-0.1105346463358708,False
8.088,0.03023471,-0.0863003666951927,False
8.092,-0.00732608,-0.06969344714194334,False
8.096,-0.01102775,-0.06090294140396894,False
8.1,-0.01455989,-0.05889946968056393,False
8.104,0.01715814,-0.061908032727143014,False
8.108,0.06251516,-0.06786346570117803,False
8.112,-0.06256723,-0.07478098079898819,False
8.116,-0.03724585,-0.08100944547710044,False
8.12,0.04652598,-0.08536674749446495,False
8.124,0.07064962,-0.08717746814375908,False
8.128,-0.00998774,-0.0862403286989683,False
8.132,-0.04006187,-0.08275057238305131,False
8.136,-0.04535773,-0.0771973375735323,False
8.14,0.03070955,-0.07025175180307927,False
8.144,-0.04162982,-0.06265784381597933,False
8.148,0.08056649,-0.05513495318027824,False
8.152,0.10813359,-0.04829760374680146,False
8.156,0.03683089,-0.04259708083362282,False
8.16,0.02723684,-0.03828759066717644,False
8.164,0.00429456,-0.03541789690515933,False
8.168,0.07066602,-0.033846133133213926,False
8.172,0.03975503,-0.03327175647738274,False
8.176,0.0262811,-0.03327665344724704,False
8.18,0.06677248,-0.033369249405394735,False
8.184,0.06351444,-0.033029735604329646,False
8.188,0.13229416,-0.03175710339665029,False
8.192,-0.010366,-0.029117424182433342,False
8.196,0.02098302,-0.024789683862954198,False
8.2,0.03116486,-0.01860310318450373,False
8.204,0.11546988,-0.010558538890060478,False
8.208,0.06471994,-0.0008261168741854471,False
8.212,0.09637495,0.0102862330991715,False
8.216,0.05609761,0.02239106479131089,False
8.22,0.12316947,0.035093972559499635,False
8.224,0.21025312,0.04806142612104786,False
8.228,0.18079892,0.06106636570946712,False
8.232,0.0771738,0.07400122110492263,False
8.236,0.18896482,0.08685645715161829,False
8.24,0.2147589,0.09967073777308652,False
8.244,0.1615631,0.11246618236790057,False
8.248,0.15458419,0.1251869649080108,False
8.252,0.2493708,0.13765873684936583,False
8.256,0.24274203,0.14957975769082504,False
8.26,0.24890255,0.1605452906717654,False
8.264,0.22969974,0.17009846049563754,False
8.268,0.34482747,0.1777954500639674,False
8.272,0.24414184,0.18327121251894288,False
8.276,0.24450772,0.18629341246249492,False
8.28,0.2741711,0.18679590441087457,False
8.284,0.30091268,0.18488742981917228,False
8.288,0.23731538,0.1808356559982831,False
8.292,0.31175897,0.17503047888121984,False
8.296,0.19782266,0.16793250634058027,False
8.3,0.25794693,0.16001265685304847,False
8.304,0.25428468,0.15168875137062288,False
8.308,0.21812259,0.14326677131285742,False
8.312,0.25569501,0.134897307990055,False
8.316,0.13366384,0.12655851597427625,False
8.32,0.19624747,0.11807312069693653,False
8.324,0.16897118,0.10915914703791407,False
8.328,0.19927431,0.09950502853700849,False
8.332,0.21634879,0.08885312905476615,False
8.336,0.19630599,0.0770737099446359,False
8.34,0.20162393,0.06421425057609272,False
8.344,0.04246681,0.050515225233378196,False
8.348,0.1158235,0.036390757196806914,False
8.352,0.07138421,0.022379264354583032,False
8.356,0.09786544,0.009074016423808076,False
8.36,0.08989331,-0.0029545697567397943,False
8.364,0.07234325,-0.013234115723121564,False
8.368,0.12946591,-0.021454464754282126,False
8.372,0.01163121,-0.02751358572176336,False
8.376,0.02656514,-0.0315375829030627,False
8.38,-0.0099591,-0.03386750909208221,False
8.384,-0.00199244,-0.035009113353225645,False
8.388,0.09773682,-0.03554853457919137,False
8.392,0.04906966,-0.036045676312005684,False
8.396,0.08137881,-0.03692528698584347,False
8.4,0.08112951,-0.0383907948866202,False
8.404,0.05520014,-0.04038463456746845,False
8.408,0.00434668,-0.042609546144879024,False
8.412,0.05525003,-0.04460968744032038,False
8.416,0.00646573,-0.04589318833118604,False
8.42,0.00603846,-0.04606524218089027,False
8.424,-0.0014576,-0.04493765076064287,False
8.428,0.02365943,-0.042587695595015906,False
8.432,0.06983747,-0.03935302997832654,False
8.436,0.04717748,-0.035764902912002586,False
8.44,0.08432175,-0.03243567326269673,False
8.444,0.02432915,-0.029926780556186486,False
8.448,0.00758351,-0.028628817431811178,False
8.452,0.13841098,-0.028683331513413922,False
8.456,0.10834817,-0.02996474179634198,False
8.46,0.03130208,-0.0321235092425172,False
8.464,-0.00837587,-0.03467573276265578,False
8.468,-0.0154738,-0.037115247425310874,False
8.472,0.06144396,-0.03902235377090436,False
8.476,0.01957293,-0.040146106161717904,False
8.48,0.03633426,-0.04044389939098193,False
8.484,0.04951153,-0.040073193720820494,False
8.488,0.06469963,-0.03934296036675673,False
8.492,0.07301503,-0.03864132867737979,False
8.496,0.0311657,-0.03835755152445872,False
8.5,0.01003874,-0.038812285282124506,False
8.504,0.02358059,-0.04020426709656608,False
8.508,0.05808798,-0.04257672459632533,False
8.512,-0.01623168,-0.04580451326139423,False
8.516,0.05764502,-0.04960285895197395,False
8.52,0.07571155,-0.053558919938909766,False
8.524,0.0406491,-0.057185842277968205,False
8.528,-0.00404618,-0.0599948374386364,False
8.532,-0.0323105,-0.061575589759486085,False
8.536,0.01062426,-0.06167111739258053,False
8.54,-0.01058307,-0.06023131725288012,False
8.544,0.02709274,-0.05743082283243038,False
8.548,0.01217864,-0.05364280196679135,False
8.552,0.01618451,-0.04937075501682061,False
8.556,0.08045676,-0.045151954459510715,False
8.56,0.03429739,-0.04145428341273842,False
8.564,0.02783865,-0.038590065932859,False
8.568,0.06588361,-0.0366657095679209,False
8.572,0.08931336,-0.03557596447966567,False
8.576,-0.02172486,-0.03503931614865473,False
8.58,0.05092873,-0.03466075529555752,False
8.584,-0.01836108,-0.03400364350603736,False
8.588,0.0291881,-0.0326544892468948,False
8.592,0.07721154,-0.03027090185429895,False
8.596,0.05478556,-0.02661060808058676,False
8.6,0.0713372,-0.021545742841480028,False
8.604,0.0726568,-0.015069601848604983,False
8.608,0.1067297,-0.007301404719630062,False
8.612,-0.0082753,0.0015103764507927728,False
8.616,0.0518888,0.01099050573235948,False
8.62,0.08898967,0.02065189033420728,False
8.624,0.15728511,0.029928657282418933,False
8.628,0.11078247,0.038229748101085745,False
8.632,0.12552626,0.04500943926324349,False
8.636,0.09007002,0.049843735371964244,False
8.64,0.19845653,0.05249615955364047,False
8.644,0.12146283,0.05295673979578461,False
8.648,0.07500367,0.051444092119728335,False
8.652,0.21488825,0.04836941713497305,False
8.656,0.08413777,0.04426972721735661,False
8.66,0.08123952,0.0397235797712882,False
8.664,0.09566442,0.03526480584703272,False
8.668,0.0839146,0.03130814001352772,False
8.672,0.1363394,0.028096700592929798,False
8.676,0.10107252,0.025676868172530825,False
8.68,0.078944,0.02390220363842728,False
8.684,0.15172855,0.022464768693901745,False
8.688,0.03222363,0.020949805405069365,False
8.692,0.11431298,0.018907964673639675,False
8.696,0.01909904,0.01593699959479645,False
8.7,0.10959466,0.011761767456184865,False
8.704,0.13645963,0.006299475852832977,False
8.708,0.13445305,-0.00030150361788992787,False
8.712,0.02854253,-0.0076568171788851756,False
8.716,0.00401687,-0.01517818230455651,False
8.72,0.07318846,-0.022140415942620777,False
8.724,0.0504387,-0.027775917347810746,False
8.728,-0.02888736,-0.031383860269199135,False
8.732,0.06468658,-0.03243973012753025,False
8.736,0.0264494,-0.03069374479072013,False
8.74,0.10535709,-0.026250506052315672,False
8.744,0.06833699,-0.01962246126038737,False
8.748,0.02607464,-0.0117460087457273,False
8.752,0.05781768,-0.003944873660406759,False
8.756,0.04945561,0.0021756603873466143,False
8.76,0.02167112,0.004916006787070079,False
8.764,0.14238328,0.002752954288450288,False
8.768,0.02117669,-0.005321910901834533,False
8.772,0.06232878,-0.019435369852838856,False
8.776,0.07605631,-0.03850148394159991,False
8.78,0.01899473,-0.060008894747891714,False
8.784,0.02742294,-0.08001367650174242,False
8.788,0.01034485,-0.09340946536844193,False
8.792,0.07281955,-0.09450777552007869,False
8.796,0.02534608,-0.07790055606326832,False
8.8,0.00788337,-0.039502903593012055,False
8.804,-0.06437378,0.02239696445529684,False
8.808,0.00398001,0.10630009404799204,False
8.812,0.04620723,0.20709472294053605,False
8.816,0.17708806,0.3162613015850454,False
8.82,0.37790437,0.4227495631031635,False
8.824,0.68372342,0.5144483190857186,False
8.828,0.88733662,0.5800206213286542,False
8.832,1.07452754,0.6107669780802103,True
8.836,1.07699386,0.6021427404355685,False
8.84,0.88280574,0.5546082872760891,False
8.844,0.63614848,0.4736227642702578,False
8.848,0.32704251,0.36877230652328286,False
8.852,0.14231777,0.25220753043961114,False
8.856,-0.01240665,0.13670739084037564,False
8.86,-0.09138323,0.03375262297026394,False
8.864,-0.18246189,-0.048032727030721645,False
8.868,-0.11635873,-0.10381798630955986,False
8.872,-0.02058522,-0.13277869163969339,False
8.876,-0.02110242,-0.13763877319981477,False
8.88,0.03827068,-0.12371670871544745,False
8.884,0.06329483,-0.09771622793054278,False
8.888,0.04259436,-0.06650856607892416,False
8.892,0.07640691,-0.03611028663069617,False
8.896,0.02488704,-0.010987451417129476,False
8.9,0.08278948,0.006264911909107142,False
8.904,0.12931348,0.01489178061614309,False
8.908,0.08963263,0.015672233794767138,False
8.912,0.11502208,0.010444216670447742,False
8.916,-0.00832808,0.0015704954571465358,False
8.92,0.04487693,-0.008558104920988746,False
8.924,0.04611864,-0.0179123939512415,False
8.928,0.02247534,-0.025068457740066462,False
8.932,0.05603886,-0.02929679998538789,False
8.936,0.05022471,-0.03051564456145131,False
8.94,0.09824328,-0.029147126436724142,False
8.944,0.07396117,-0.025924537976755584,False
8.948,0.05568406,-0.021696772040461915,False
8.952,0.02686112,-0.01726535936221646,False
8.956,0.08341346,-0.013274260372145052,False
8.96,0.06832687,-0.010156667906191266,False
8.964,0.05431456,-0.008129906942354761,False
8.968,0.0641648,-0.007221764238017501,False
8.972,0.12005746,-0.007310103367261675,False
8.976,0.03468384,-0.008161393515475956,False
8.98,0.03461969,-0.00946079138535624,False
8.984,0.09157149,-0.010833972247970253,False
8.988,0.10109433,-0.011865888700828515,False
8.992,0.09960681,-0.012122128490466073,False
8.996,0.0512348,-0.011175654610098198,False
9.0,0.0353243,-0.008638621119641261,False
9.004,0.05893324,-0.004197456056151206,False
9.008,0.08074323,0.0023516121811444917,False
9.012,0.11455742,0.011071393863073254,False
9.016,0.13394488,0.021863846222902765,False
9.02,0.06988306,0.034468334306402865,False
9.024,0.15342886,0.04848195109088435,False
9.028,0.12341668,0.06340108314794779,False
9.032,0.10786974,0.07867871699950116,False
9.036,0.2530513,0.09378845728068799,False
9.04,0.19439483,0.10828424395766416,False
9.044,0.20671568,0.12184446317882386,False
9.048,0.28205677,0.1342910669691738,False
9.052,0.20552021,0.14557898331186767,False
9.056,0.22616423,0.1557581577123519,False
9.06,0.28424911,0.1649183003725973,False
9.064,0.19430019,0.1731318492356508,False
9.068,0.27343377,0.18041112829836614,False
9.072,0.28857814,0.18669093118293065,False
9.076,0.31027428,0.1918397915703635,False
9.08,0.28871588,0.19569444216542664,False
9.084,0.26586481,0.19810472341740948,False
9.088,0.3463925,0.19897306329421688,False
9.092,0.32701454,0.19827543384068136,False
9.096,0.24735536,0.19605837795522466,False
9.1,0.27294981,0.19241542146675908,False
9.104,0.28966353,0.18745222724684552,False
9.108,0.24907122,0.18125218750477373,False
9.112,0.30264144,0.1738536734339967,False
9.116,0.25627169,0.16524735582109598,False
9.12,0.26581684,0.15539658334974554,False
9.124,0.21933374,0.1442763785017486,False
9.128,0.21074927,0.13191972333477706,False
9.132,0.27023957,0.11845672837262493,False
9.136,0.25129998,0.10413450919011062,False
9.14,0.1514143,0.08931133954257281,False
9.144,0.13978544,0.07442456522937672,False
9.148,0.18494058,0.05993652987367555,False
9.152,0.15314673,0.046267590946507176,False
9.156,0.1403699,0.03373044687711489,False
9.16,0.09773375,0.02248249107249756,False
9.164,0.06662717,0.01250943730287096,False
9.168,0.12643653,0.003644797956899792,False
9.172,0.106957,-0.004379559459293122,False
9.176,0.13274491,-0.011863166126653455,False
9.18,0.07424972,-0.019062345195896026,False
9.184,0.05411367,-0.02612863713970027,False
9.188,0.11727869,-0.03307623031479927,False
9.192,0.11833094,-0.03978717891868004,False
9.196,0.02789375,-0.046051616642357004,False
9.2,0.00517022,-0.05162960180677011,False
9.204,0.05967771,-0.05631630399997898,False
9.208,0.01331884,-0.0599933361669177,False
9.212,0.09906613,-0.06265401018594428,False
9.216,0.00208651,-0.06439789683195558,False
9.22,0.05556061,-0.0653995106566054,False
9.224,0.10851791,-0.06586419085191916,False
9.228,0.0672393,-0.06598712354942224,False
9.232,0.02420934,-0.0659278247593434,False
9.236,0.03392916,-0.06580517381685032,False
9.24,0.05052665,-0.06571083333992123,False
9.244,0.02759727,-0.06573322634235508,False
9.248,0.08925003,-0.06598066182211497,False
9.252,0.05165084,-0.06659199100900824,False
9.256,0.01080922,-0.06772765215027901,False
9.26,0.07193115,-0.06954188342470631,False
9.264,0.06963619,-0.07214439619890821,False
9.268,0.04511092,-0.07556338263007845,False
9.272,0.08623664,-0.07972052991579656,False
9.276,0.04174162,-0.08442444612129534,False
9.28,-0.01119498,-0.08938400699383119,False
9.284,0.04604666,-0.0942389028590607,False
9.288,0.01967365,-0.0986014093498737,False
9.292,0.02077925,-0.10210182347816052,False
9.296,-0.00312427,-0.10443091102200247,False
9.3,0.05621041,-0.10537544544342844,False
9.304,0.06591124,-0.10484539475611274,False
9.308,-4.247e-05,-0.10289208352163547,False
9.312,-0.00281153,-0.09971609244158045,False
9.316,0.04014332,-0.09566257039807213,False
9.32,0.07433542,-0.09120015205342893,False
9.324,0.05171431,-0.08687888787475896,False
9.328,-0.04730046,-0.08326547601879651,False
9.332,0.08116927,-0.08086194236491386,False
9.336,0.11789225,-0.08002291703015932,False
9.34,0.10728681,-0.08089083646419648,False
9.344,0.05036247,-0.08336568017834761,False
9.348,0.05596546,-0.08711874757546517,False
9.352,0.02992176,-0.09165106011724955,False
9.356,0.06054301,-0.09638674309561364,False
9.36,-0.00616998,-0.10078163618874382,False
9.364,0.0336489,-0.1044216716232082,False
9.368,-0.00092655,-0.1070879444713508,False
9.372,0.07577795,-0.10877509919273753,False
9.376,0.02363579,-0.10966232939533613,False
9.38,0.05400497,-0.11004762467135867,False
9.384,0.0514227,-0.11026325601967478,False
9.388,0.039869,-0.11059250969979477,False
9.392,0.06883435,-0.11120440242245705,False
9.396,-0.01476693,-0.1121166036083878,False
9.4,0.03222164,-0.11319013688311581,False
9.404,0.03807551,-0.11415441823070256,False
9.408,0.0705578,-0.11465757295986188,False
9.412,0.02637428,-0.1143339099310377,False
9.416,0.05109458,-0.11287762487517869,False
9.42,0.08028867,-0.1101096356447099,False
9.424,-0.02594842,-0.10602403120526668,False
9.428,0.00851872,-0.10080335842902234,False
9.432,0.05612863,-0.09479815172379971,False
9.436,0.11309937,-0.08847399611049327,False
9.44,0.10038808,-0.08233647839707275,False
9.444,0.11303738,-0.07684921393510187,False
9.448,0.06825857,-0.07236233659278407,False
9.452,0.10765266,-0.06906736238873837,False
9.456,0.09508255,-0.06698794295389084,False
9.46,0.08323012,-0.06600604251297798,False
9.464,0.07052179,-0.06591378178209309,False
9.468,0.10372516,-0.06647632201812609,False
9.472,0.12372486,-0.06749111583145319,False
9.476,0.0877245,-0.06883187814569314,False
9.48,0.09991662,-0.0704703543395122,False
9.484,0.04869888,-0.07247461639291412,False
9.488,0.13219441,-0.07498766736661665,False
9.492,0.09958439,-0.07819267175290331,False
9.496,0.08803862,-0.08227109253619662,False
9.5,0.06312289,-0.08735948253656671,False
9.504,0.06869941,-0.09351119466148806,False
9.508,0.10048844,-0.10066992360619866,False
9.512,0.037555,-0.10866070057311598,False
9.516,0.11785496,-0.11720007090916457,False
9.52,0.0123921,-0.1259221791648956,False
9.524,0.0403796,-0.1344136113819904,False
9.528,-0.01253364,-0.14224856781319287,False
9.532,0.00340824,-0.14901755204574652,False
9.536,0.02142734,-0.15434658720397598,False
9.54,0.02709112,-0.1579087139539364,False
9.544,0.04996687,-0.1594338329239388,False
9.548,-0.01690872,-0.15872558272491996,False
9.552,0.06445752,-0.15569356351203723,False
9.556,-0.00647445,-0.1504048879002996,False
9.56,0.00902528,-0.143151098461346,False
9.564,0.06524873,-0.13451661685504487,False
9.568,0.05483237,-0.1254256580048721,False
9.572,0.05426813,-0.11713902513033082,False
9.576,0.04743853,-0.11117329035749879,False
9.58,0.03654552,-0.10912409291067365,False
9.584,0.0561103,-0.11239195089978901,False
9.588,0.09400906,-0.12183095570410654,False
9.592,-0.00834265,-0.13736608425862187,False
9.596,0.01211291,-0.15765102180763177,False
9.6,0.05125103,-0.17985892800486572,False
9.604,0.0684747,-0.19970318362352207,False
9.608,0.04399146,-0.21176446588075667,False
9.612,0.04266474,-0.21015172472645147,False
9.616,-0.02910534,-0.18945341998523169,False
9.62,-0.06531677,-0.14585414290370358,False
9.624,0.00275028,-0.07821805032382431,False
9.628,-0.04198499,0.011103618980322909,False
9.632,0.02401094,0.11597613804313406,False
9.636,0.2204769,0.2268593088851626,False
9.64,0.43134229,0.3318931961850431,False
9.644,0.73218603,0.4185638471833551,False
9.648,0.96766483,0.47567051194063753,False
9.652,1.0879336,0.49521824988846475,True
9.656,1.04819615,0.47384659512612787,False
9.66,0.810122,0.413485907388065,False
9.664,0.5641947,0.32109188099938357,False
9.668,0.19395571,0.20750648922942563,False
9.672,0.02850507,0.08568020402011205,False
9.676,-0.08967454,-0.031381022473917455,False
9.68,-0.17876923,-0.13254017248603847,False
9.684,-0.1887211,-0.2099751077059056,False
9.688,-0.09306244,-0.25992485656461317,False
9.692,-0.11948986,-0.2826800272713065,False
9.696,-0.04710502,-0.28191819597157286,False
9.7,-0.00422632,-0.2635980737021558,False
9.704,0.0261747,-0.23467639321709055,False
9.708,-0.00975207,-0.20189958636095154,False
9.712,-0.00107513,-0.1708636318404336,False
9.716,0.0604341,-0.1454512506862067,False
9.72,0.05453241,-0.12766663023981187,False
9.724,0.06026352,-0.1178112626391274,False
9.728,0.00441732,-0.11489317649705794,False
9.732,-0.04626623,-0.11714245860312952,False
9.736,0.01663518,-0.12251639770052902,False
9.74,0.02361125,-0.12910820885459634,False
9.744,0.05385514,-0.13541237345301546,False
9.748,0.04916906,-0.1404378991314375,False
9.752,0.04467087,-0.14369214464960758,False
9.756,0.00101238,-0.1450780034764804,False
9.76,0.01507093,-0.14475369094775065,False
9.764,-0.00239979,-0.14299780036810045,False
9.768,0.01825691,-0.14010717122038557,False
9.772,-0.00980279,-0.13633793488245102,False
9.776,0.03090179,-0.1318862295835186,False
9.78,0.00544156,-0.12689683313163222,False
9.784,0.05341307,-0.12148517126976462,False
9.788,-0.01386171,-0.11575977322840898,False
9.792,-0.01743136,-0.1098367365988796,False
9.796,0.1382259,-0.10384270077643727,False
9.8,-0.00313421,-0.09790603560878611,False
9.804,0.05525978,-0.09213740818313469,False
9.808,0.05050841,-0.08660239931261113,False
9.812,-0.01213274,-0.08129152606612099,False
9.816,0.09803345,-0.07609568772466647,False
9.82,0.05829139,-0.07079554997951135,False
9.824,0.06285654,-0.06507113027993591,False
9.828,0.10875226,-0.058533875743633675,False
9.832,0.03117474,-0.05077879334909977,False
9.836,0.06993182,-0.04144914670188862,False
9.84,0.08014402,-0.03030172985828741,False
9.844,0.0337194,-0.01725852862211877,False
9.848,0.1033711,-0.002432307320022758,False
9.852,0.14216769,0.013880772315925771,False
9.856,0.1452672,0.03124077559366962,False
9.86,0.15384852,0.049127685953701324,False
9.864,0.1700781,0.06701556654578406,False
9.868,0.18440118,0.08444162673437211,False
9.872,0.18326365,0.10105675656307751,False
9.876,0.22789104,0.11664942163852665,False
9.88,0.16411935,0.13114092676985517,False
9.884,0.26672843,0.14455487089215657,False
9.888,0.23252626,0.1569670674145934,False
9.892,0.25870093,0.16844543324455577,False
9.896,0.29068788,0.17899242076923308,False
9.9,0.16885018,0.18850372112589783,False
9.904,0.26107523,0.19675445943764905,False
9.908,0.24350666,0.20341824840933054,False
9.912,0.30186225,0.2081172486248114,False
9.916,0.23805305,0.2104947028108875,False
9.92,0.36311029,0.21029630634742633,False
9.924,0.20085673,0.2074437157814085,False
9.928,0.24122455,0.2020830937909005,False
9.932,0.21397106,0.19459496206995602,False
9.936,0.25577827,0.18555941467812784,False
9.94,0.2039417,0.1756814405615941,False
9.944,0.17599185,0.16569094555758368,False
9.948,0.1168811,0.15623735305914616,False
9.952,0.19202344,0.1477986065917001,False
9.956,0.12375347,0.14062079146094225,False
9.96,0.09647152,0.13469883631753146,False
9.964,0.1280588,0.12980101756892018,False
9.968,0.12745645,0.1255313199975449,False
9.972,0.16119209,0.12141662456354163,False
9.976,0.04652228,0.11700194940887447,False
9.98,0.08825518,0.11193641053784838,False
9.984,0.09192054,0.10603474652001592,False
9.988,0.07096584,0.08853654498778003,False
9.992,0.02754916,0.07153769670989643,False
9.996,0.0314028,0.05519842771856462,False
