timestamp_ms,LeadII_mV
0.0,0.005650974947208418
2.7777777777777777,0.001002525475467671
5.555555555555555,0.026113188369977676
8.333333333333334,0.03370908170044535
11.11111111111111,-0.0191420976839813
13.88888888888889,0.03348685127328646
16.666666666666668,-0.04525159902377196
19.444444444444446,-0.012984497490044171
22.22222222222222,0.05047208489434968
25.0,0.034727334825888315
27.77777777777778,0.018239962298302787
30.555555555555557,0.0015912129958995502
33.333333333333336,0.04063032204386871
36.111111111111114,-0.005983109815359945
38.88888888888889,0.018914972686268794
41.66666666666667,0.008888232390435541
44.44444444444444,-0.004470770912281361
47.22222222222222,0.018310274449246884
50.0,-0.01429523237756933
52.77777777777778,0.06002627017125918
55.55555555555556,0.03505820386272932
58.333333333333336,-0.0345264451574996
61.111111111111114,-0.03909155596550981
63.8888888888889,0.015873879860916353
66.66666666666667,0.017194186687871708
69.44444444444444,0.005999822845160093
72.22222222222223,0.03082944464171889
75.0,-0.05665461238825882
77.77777777777779,-0.023179536707394293
80.55555555555556,0.06615162833375796
83.33333333333334,0.01854001880167802
86.11111111111111,0.06889636568900184
88.88888888888889,0.030953637691275165
91.66666666666667,2.3452684132231963e-05
94.44444444444444,-0.06532608098762224
97.22222222222223,0.07157682097089609
100.0,0.035829761646963276
102.77777777777779,-0.01163682921537531
105.55555555555556,0.03530505547552648
108.33333333333334,-0.05471090246465924
111.11111111111111,-0.014835231579267322
113.88888888888889,0.008585107224218331
116.66666666666667,-0.016725606376412096
119.44444444444446,-0.027175939034589366
122.22222222222223,0.023894003414655304
125.0,-0.042162883783228466
127.7777777777778,-0.02171337130430076
130.55555555555557,-0.005789069427790119
133.33333333333334,0.035567665611937804
136.11111111111111,0.004999346868310921
138.88888888888889,-0.014478770660288753
141.66666666666666,-0.00011033197622793527
144.44444444444446,0.024729686222802208
147.22222222222223,0.05750579696852636
150.0,0.010978884584458969
152.7777777777778,0.0455213154375719
155.55555555555557,0.0005521658699430207
158.33333333333331,0.026858366120631735
161.11111111111111,-0.005751213545504192
163.88888888888889,0.024496497639537287
166.66666666666669,0.007027262529552501
169.44444444444446,0.07567763837800517
172.22222222222223,-0.0006404388354685243
175.00000000000003,0.03848390196582329
177.77777777777777,-0.00725388208031625
180.55555555555554,-0.015504620514327478
183.33333333333334,-0.019713130085590974
186.11111111111111,0.012937566698835468
188.88888888888889,0.07914972164748096
191.66666666666669,0.03098806072627916
194.44444444444446,0.03374139881358126
197.22222222222226,-0.03777559323539749
200.0,0.04052788026731778
202.77777777777777,0.02960873245697188
205.55555555555557,0.09426686964968381
208.33333333333334,-0.010907593286097108
211.11111111111111,-0.0032569754167603455
213.8888888888889,0.04348882308400992
216.66666666666669,-0.013287144061507505
219.44444444444443,0.017218430211547314
222.22222222222223,0.05779768297114842
225.0,0.039314804171249065
227.77777777777777,-0.026893579410426353
230.55555555555557,0.06655547222278577
233.33333333333334,0.035057205935121065
236.11111111111114,0.06982710574194843
238.8888888888889,-0.06073969493963019
241.66666666666666,0.04101117257248303
244.44444444444446,-0.006742620080357311
247.22222222222223,0.01751416769240635
250.0,0.00022377473318342667
252.77777777777777,0.017780195150943045
255.5555555555556,0.023571211382578162
258.33333333333337,-0.01467374055362114
261.11111111111114,-0.027812555499167783
263.8888888888889,-0.0379850705513573
266.6666666666667,0.06068717385949874
269.44444444444446,0.02677239629275605
272.22222222222223,-0.027939871469948453
275.0,0.03336613538362333
277.77777777777777,-0.02762227439284924
280.55555555555554,-0.01864202356532481
283.3333333333333,0.020104567601948842
286.11111111111114,0.0734482187160237
288.8888888888889,0.005112484671843838
291.6666666666667,0.07032765776145994
294.44444444444446,0.0717448179936559
297.22222222222223,-0.021908983893429906
300.0,0.013977188220263084
302.7777777777778,-0.008109522408798892
305.5555555555556,0.04345670399375087
308.33333333333337,0.04218292899746971
311.11111111111114,-0.06050797235125793
313.88888888888886,0.03184621012502937
316.66666666666663,-0.02296051164971663
319.44444444444446,-0.021342885168162268
322.22222222222223,-0.021976841345831
325.0,0.06761001069768907
327.77777777777777,-0.04515816371061529
330.55555555555554,0.029237088168741415
333.33333333333337,0.018962534301177066
336.11111111111114,0.013542431461184522
338.8888888888889,0.04617736048917544
341.6666666666667,0.05484798149063863
344.44444444444446,0.11514219146069823
347.22222222222223,0.03657695963062786
350.00000000000006,0.013512024254813577
352.7777777777778,0.008259430212145334
355.55555555555554,0.0527625015445443
358.3333333333333,-0.06556174025183868
361.1111111111111,0.07808706950594105
363.8888888888889,0.03145958322535046
366.6666666666667,0.05548258532328181
369.44444444444446,0.06391082597623292
372.22222222222223,0.02909668308363505
375.0,0.08858074987264565
377.77777777777777,0.052989203731281756
380.5555555555556,-0.018107170638804404
383.33333333333337,0.014769308430708634
386.11111111111114,0.08694282816491687
388.8888888888889,0.05968428438294477
391.6666666666667,0.04666291490357935
394.4444444444445,0.029434126869664533
397.22222222222223,0.09406987925365179
400.0,0.059421554453877506
402.77777777777777,0.04284376642916557
405.55555555555554,0.06910622279721876
408.3333333333333,0.031351611710227385
411.11111111111114,0.07275362949766086
413.8888888888889,0.007086009731695462
416.6666666666667,-0.014614578010714085
419.44444444444446,0.09939697558437396
422.22222222222223,0.0460202469903387
425.0,0.019609338148482067
427.7777777777778,0.062323507402117166
430.5555555555556,0.06194560820071322
433.33333333333337,0.07627734978347589
436.11111111111114,0.03391669330480465
438.88888888888886,0.031172267794657836
441.6666666666667,0.025650936693498286
444.44444444444446,-0.00692314679157862
447.22222222222223,0.045370958379056026
450.0,-0.0002716509935139014
452.77777777777777,0.0052330605237213765
455.55555555555554,0.04684231063597722
458.33333333333337,0.02855671246511291
461.11111111111114,0.04469104785515156
463.8888888888889,0.05586965323882628
466.6666666666667,0.06445369403992149
469.44444444444446,0.07818301969988947
472.2222222222223,0.05472482280790795
475.00000000000006,0.036352216775042245
477.7777777777778,0.03273687555710908
480.55555555555554,0.04932220604476613
483.3333333333333,0.04215584431275145
486.1111111111111,0.08341523010208383
488.8888888888889,0.13550847687126133
491.6666666666667,0.07485107466527723
494.44444444444446,0.03525616764560539
497.22222222222223,0.05474312311582003
500.0,0.0905724413069217
502.77777777777777,0.201962236486245
505.55555555555554,0.1347084367317229
508.3333333333333,0.15303121457487537
511.1111111111112,0.040936490568699316
513.8888888888889,0.13470317867539588
516.6666666666667,0.09373853564036622
519.4444444444445,0.16351087569682865
522.2222222222223,0.11216220785001252
525.0,0.08092176227428849
527.7777777777778,0.05249552017151101
530.5555555555555,0.14568299915648472
533.3333333333334,0.13039475236308012
536.1111111111111,0.14308768925685444
538.8888888888889,0.10881730507322362
541.6666666666667,0.11137097713388609
544.4444444444445,0.06554292909958485
547.2222222222223,0.145222172202587
550.0,0.12119384193400905
552.7777777777778,0.05901504889076177
555.5555555555555,0.07117145643949048
558.3333333333334,0.03887033654769827
561.1111111111111,0.04436543972928879
563.8888888888889,0.04956042745884484
566.6666666666666,0.04996349805065762
569.4444444444445,0.1209190750609487
572.2222222222223,0.10170250926961293
575.0000000000001,0.032392959998876536
577.7777777777778,0.03733465083666337
580.5555555555557,0.036134355139243915
583.3333333333334,-0.04856523267027852
586.1111111111111,0.08997841154916507
588.8888888888889,0.03855451083822278
591.6666666666666,0.04453449419995612
594.4444444444445,0.04482194468337848
597.2222222222222,0.044189987552625654
600.0,0.044219058560215414
602.7777777777777,0.08797076707898445
605.5555555555557,0.019704579533395897
608.3333333333334,0.06566338309282382
611.1111111111112,-0.00445158414834191
613.8888888888889,0.07066680760426869
616.6666666666667,0.038026342907280575
619.4444444444445,0.06262354002242612
622.2222222222223,0.04672487615588439
625.0,0.05788653961972645
627.7777777777777,0.06963310755319103
630.5555555555555,-0.02507621860553301
633.3333333333333,0.06207410057766818
636.1111111111112,0.0706916987115856
638.8888888888889,0.0891087073631115
641.6666666666667,0.0665695587871175
644.4444444444445,0.03279291609902176
647.2222222222223,0.04931057716510703
650.0,-0.012989586275473024
652.7777777777778,0.06292216213193347
655.5555555555555,0.0805443642689265
658.3333333333334,0.03820608280453847
661.1111111111111,0.10763999633051234
663.8888888888889,0.013291509124182425
666.6666666666667,-0.07308869389272471
669.4444444444445,0.018031703460286472
672.2222222222223,0.03359758006777872
675.0,-0.0768901666332588
677.7777777777778,-0.018008949970490584
680.5555555555555,0.0913435760452834
683.3333333333334,0.2075225073327105
686.1111111111111,0.35657749297720664
688.8888888888889,0.524768249657203
691.6666666666666,0.7250005055358653
694.4444444444445,0.8500160262970586
697.2222222222223,0.9769744348163687
700.0000000000001,1.0963142100332854
702.7777777777778,0.9385446339712337
705.5555555555557,0.8696066162765427
708.3333333333334,0.6990222420837001
711.1111111111111,0.5438135203576607
713.8888888888889,0.32703063906814195
716.6666666666666,0.1966731811436234
719.4444444444445,0.05667615768483889
722.2222222222222,0.019895232154758656
725.0,-0.08391557614372375
727.7777777777778,-0.1245530506068417
730.5555555555557,-0.11705247347916273
733.3333333333334,-0.14779232974775836
736.1111111111112,-0.08573967603651228
738.8888888888889,-0.09817897632071633
741.6666666666667,-0.08137291947670894
744.4444444444445,-0.04546810819274843
747.2222222222223,0.014785558713630007
750.0,0.1008220195645253
752.7777777777777,0.007054646332147203
755.5555555555555,0.10042371070923214
758.3333333333334,0.019823773315175885
761.1111111111112,0.0019769721453897354
763.8888888888889,0.09589829073250059
766.6666666666667,0.053793935572596964
769.4444444444445,0.0721500097141758
772.2222222222223,0.09388380321432473
775.0,-0.003901744358076581
777.7777777777778,0.03451501617503689
780.5555555555555,0.010879642965911561
783.3333333333334,0.014200616409364757
786.1111111111111,0.09378612841234199
788.888888888889,0.14442201580188643
791.6666666666667,0.0377578343194129
794.4444444444445,0.07056084076203548
797.2222222222223,0.048242594965311456
800.0,0.14570606678857573
802.7777777777778,0.05667497493926372
805.5555555555555,0.031767122421802234
808.3333333333334,0.10250055282025712
811.1111111111111,0.06795675733468745
813.8888888888889,0.10598740066248724
816.6666666666666,0.049835538786051216
819.4444444444446,0.045719638475374885
822.2222222222223,0.05446079469146803
825.0000000000001,0.005850439130032831
827.7777777777778,0.07202771251363996
830.5555555555557,-0.036294871710470966
833.3333333333334,0.08244457293137042
836.1111111111111,0.08316815719738582
838.8888888888889,0.00784074180113975
841.6666666666666,0.027417330003957623
844.4444444444445,0.0864788045903694
847.2222222222222,0.005889255813021098
850.0,0.0585696419348774
852.7777777777778,0.029199378792325273
855.5555555555557,0.14251078561839997
858.3333333333334,0.12395025129790721
861.1111111111112,0.09476390071818681
863.8888888888889,0.13808474895991812
866.6666666666667,0.15239924869747729
869.4444444444445,0.11229696474855938
872.2222222222223,0.13141766738713234
875.0,0.11514631523555831
877.7777777777777,0.07717961596019593
880.5555555555555,0.0754810587546988
883.3333333333334,0.12790105521517653
886.1111111111112,0.1148640507444681
888.8888888888889,0.16420625718576976
891.6666666666667,0.11448567958989793
894.4444444444445,0.1976384051512725
897.2222222222223,0.062407276956441424
900.0,0.1788791301606338
902.7777777777778,0.21947870729920277
905.5555555555555,0.21792757676419566
908.3333333333334,0.16331786408175414
911.1111111111111,0.1615271727371788
913.888888888889,0.17274417413753784
916.6666666666667,0.24591019316553991
919.4444444444445,0.2269751362413342
922.2222222222223,0.18468323045404506
925.0,0.22549360590401435
927.7777777777778,0.2239362009997123
930.5555555555555,0.25930922136471873
933.3333333333334,0.24165640609650935
936.1111111111111,0.2095445297753239
938.8888888888889,0.22808661775949457
941.6666666666666,0.25018245645149195
944.4444444444446,0.18917334817826145
947.2222222222223,0.26871874657653105
950.0000000000001,0.2825975531011603
952.7777777777778,0.32497974246793065
955.5555555555557,0.2872567722637871
958.3333333333334,0.2913213806538791
961.1111111111111,0.325856061549214
963.8888888888889,0.3054988628960434
966.6666666666666,0.29921553479840557
969.4444444444445,0.2815000531454122
972.2222222222222,0.26520659685359527
975.0000000000001,0.30368918664156014
977.7777777777778,0.2802790023229867
980.5555555555557,0.2716670372361139
983.3333333333334,0.2707306710608022
986.1111111111112,0.2979760222416462
988.8888888888889,0.27541279551437436
991.6666666666667,0.23540377305545282
994.4444444444445,0.33507516782818697
997.2222222222223,0.21355355766751488
1000.0,0.1660164262228858
1002.7777777777777,0.2628316403607735
1005.5555555555555,0.1900875782639689
1008.3333333333333,0.19075509281862726
1011.1111111111111,0.08941364465534374
1013.8888888888888,0.24316808073336066
1016.6666666666666,0.1966606001243517
1019.4444444444443,0.21405313343816168
1022.2222222222224,0.12390724667215441
1025.0000000000002,0.1344807242600271
1027.7777777777778,0.1746147641873705
1030.5555555555557,0.11712503851127991
1033.3333333333335,0.15076823998525216
1036.1111111111113,0.13458332673790155
1038.888888888889,0.08016799938632097
1041.6666666666667,0.15041118739223444
1044.4444444444446,0.07671537990652816
1047.2222222222222,0.05218924696694638
1050.0,0.05954024455738816
1052.7777777777778,0.1604849646581578
1055.5555555555557,0.09758188093802897
1058.3333333333333,0.03988774680889914
1061.111111111111,0.06426234088241249
1063.888888888889,0.02547242687373124
1066.6666666666667,0.01889312273038061
1069.4444444444443,0.053147729999096484
1072.2222222222222,0.0813579446125411
1075.0,0.055187160573394026
1077.7777777777778,0.08653136707835324
1080.5555555555554,0.03596679884181511
1083.3333333333335,0.07331930971238422
1086.1111111111113,0.03439457755018336
1088.888888888889,0.1307354424428589
1091.6666666666667,0.09308057367208601
1094.4444444444446,0.051477965856616056
1097.2222222222224,0.06516836329955096
1100.0,0.04112113126002123
1102.7777777777778,0.02859720734459039
1105.5555555555557,0.05501577174014689
1108.3333333333335,0.04011049072932453
1111.111111111111,0.04385980204019169
1113.888888888889,0.03977389686344227
1116.6666666666667,0.12015534783479348
1119.4444444444446,0.07120376717909618
1122.2222222222222,0.14323723571609065
1125.0,0.10717115673113031
1127.7777777777778,0.03112348770567329
1130.5555555555554,0.054128989804222656
1133.3333333333333,0.10761267875558739
1136.111111111111,0.07172340239144336
1138.888888888889,0.07715074113630542
1141.6666666666665,0.010251204421686963
1144.4444444444446,0.04369394685899056
1147.2222222222224,0.1013877633500979
1150.0000000000002,0.08403552523991117
1152.7777777777778,0.04248484914167383
1155.5555555555557,0.13454184343967635
1158.3333333333335,0.004904969243731357
1161.1111111111113,0.050377060929038875
1163.888888888889,0.0813603179189143
1166.6666666666667,0.068634250884083
1169.4444444444446,0.12189504803893209
1172.2222222222222,0.07427093600990847
1175.0,0.016604460795216575
1177.7777777777778,0.04054221150949253
1180.5555555555557,0.08656350929084433
1183.3333333333333,-0.0036985467775172073
1186.111111111111,0.09503590929646136
1188.888888888889,0.07124583957032679
1191.6666666666667,0.07401737861928162
1194.4444444444443,0.10182817049614828
1197.2222222222222,0.007977269494464971
1200.0,0.0313792896892366
1202.7777777777778,0.12070125399064494
1205.5555555555554,0.051019082017081684
1208.3333333333335,0.11730903648110219
1211.1111111111113,-0.0126830458860413
1213.888888888889,0.036521359746447685
1216.6666666666667,0.06528866015271081
1219.4444444444446,0.08315972218607508
1222.2222222222224,0.08725770209644186
1225.0,0.08766988484324856
1227.7777777777778,0.057840131391016306
1230.5555555555557,0.05547013703018917
1233.3333333333335,0.07572720010043824
1236.111111111111,0.079993106820096
1238.888888888889,0.03748444144593
1241.6666666666667,0.03950894858816108
1244.4444444444446,0.017554218391710744
1247.2222222222222,0.05822286232208657
1250.0,-0.011749897062990733
1252.7777777777778,0.08226476511233655
1255.5555555555554,0.08698988730399959
1258.3333333333333,0.05170114572050074
1261.111111111111,0.055131825216598505
1263.888888888889,0.05832692079154176
1266.6666666666665,0.09735450232024354
1269.4444444444446,0.10294772778385969
1272.2222222222224,0.054539967706672715
1275.0000000000002,0.058995621547071844
1277.7777777777778,0.05424856884949868
1280.5555555555557,0.10296724094246035
1283.3333333333335,0.12096109182926645
1286.1111111111113,0.10398972686384045
1288.888888888889,0.11679756168959789
1291.6666666666667,0.05159123435044028
1294.4444444444446,0.10171127224216028
1297.2222222222222,0.03033748146866099
1300.0,0.05072035715181107
1302.7777777777778,0.09499001647793172
1305.5555555555557,0.06613402401131566
1308.3333333333333,0.12980367918930102
1311.111111111111,0.06970404049300961
1313.888888888889,0.15808296169250372
1316.6666666666667,0.09663285349085064
1319.4444444444443,0.14344374840398158
1322.2222222222222,0.0875933336354826
1325.0,0.14058724669299788
1327.7777777777778,0.12365485480973663
1330.5555555555557,0.10179816003803364
1333.3333333333335,0.1251890162135223
1336.1111111111113,0.17927486918938607
1338.888888888889,0.12546686136914423
1341.6666666666667,0.1050536841552169
1344.4444444444446,0.1134860323773095
1347.2222222222224,0.12344992522172031
1350.0,0.11319326997934624
1352.7777777777778,0.11420538583833002
1355.5555555555557,0.1427122300101009
1358.3333333333335,0.11948102190177372
1361.111111111111,0.040521252066495254
1363.888888888889,0.11764180312545555
1366.6666666666667,0.09127945058163478
1369.4444444444446,0.15799444589059905
1372.2222222222222,0.06858358650870625
1375.0,0.08480911148681765
1377.7777777777778,0.11353044427653025
1380.5555555555554,0.08187887115658986
1383.3333333333333,0.0653391250154044
1386.111111111111,0.06152467066126728
1388.888888888889,0.06802478663870005
1391.6666666666667,0.030713905136346156
1394.4444444444446,0.08935844987117336
1397.2222222222224,0.05561384537888951
1400.0000000000002,0.10016046655783556
1402.7777777777778,0.09908325081824157
1405.5555555555557,0.09525069700778369
1408.3333333333335,0.000306845679636146
1411.1111111111113,0.05777789763940265
1413.888888888889,0.07931438174564931
1416.6666666666667,0.015008351694398757
1419.4444444444446,0.02502316676922941
1422.2222222222222,0.0455695022694323
1425.0,0.059278226420623255
1427.7777777777778,0.01423144403338893
1430.5555555555557,0.012018411151307633
1433.3333333333333,0.08518711715646948
1436.111111111111,0.06397866398317029
1438.888888888889,0.045396960658950006
1441.6666666666667,0.016725518126256805
1444.4444444444443,0.08312795238950152
1447.2222222222222,0.0805873970672815
1450.0,-0.005132262135273187
1452.7777777777778,0.04747026059700872
1455.5555555555557,0.05516348798736981
1458.3333333333335,0.14246929456451496
1461.1111111111113,0.0721266440120681
1463.888888888889,0.03146088018403492
1466.6666666666667,-0.006459369845039309
1469.4444444444446,0.03383083801962973
1472.2222222222224,0.03787140534929042
1475.0,0.007498999865639341
1477.7777777777778,0.010596755605837897
1480.5555555555557,-0.030598825696482805
1483.3333333333335,-0.0006267057530715148
1486.111111111111,0.014087737868203741
1488.888888888889,0.029347317876855135
1491.6666666666667,0.007521050651107573
1494.4444444444446,0.11685611245601638
1497.2222222222222,0.16975397245053844
1500.0,0.24254034388092854
1502.7777777777778,0.4515517751834805
1505.5555555555554,0.6530377980903792
1508.3333333333333,0.8238783954639176
1511.111111111111,0.96550194560557
1513.888888888889,0.9752667477534692
1516.6666666666667,1.0330078441018287
1519.4444444444446,0.9675823999268062
1522.2222222222224,0.8707344775462869
1525.0000000000002,0.6738225093518408
1527.7777777777778,0.3801555508332597
1530.5555555555557,0.2886295543325656
1533.3333333333335,0.07721953444373189
1536.1111111111113,-0.011408191359341069
1538.888888888889,-0.11919612597954099
1541.6666666666667,-0.10449860429677166
1544.4444444444446,-0.17343801447279167
1547.2222222222222,-0.07647191861269427
1550.0,-0.14173444223214032
1552.7777777777778,-0.0480173606650237
1555.5555555555557,-0.024654926145218033
1558.3333333333333,-0.0250325728900105
1561.111111111111,0.02275370520021965
1563.888888888889,0.018075830130328062
1566.6666666666667,0.020080189848842463
1569.4444444444443,0.05141749012924563
1572.2222222222222,0.01047992217228657
1575.0,0.03886750441049172
1577.777777777778,0.07173843582051997
1580.5555555555557,-0.007785035238317174
1583.3333333333335,0.03421376353822829
1586.1111111111113,0.07449363010571755
1588.888888888889,0.030346748432643837
1591.6666666666667,0.13004735517485505
1594.4444444444446,0.06564067898823525
1597.2222222222224,0.025772993216513176
1600.0,0.045938724332301124
1602.7777777777778,0.023815653673762864
1605.5555555555557,0.048124360129271446
1608.3333333333335,0.05097654243243796
1611.111111111111,-0.02537670701451259
1613.888888888889,0.15603232110376766
1616.6666666666667,0.07560896158844316
1619.4444444444446,0.08822385323560028
1622.2222222222222,0.05655351636975742
1625.0,0.08972281763221038
1627.7777777777778,-0.00580560448855371
1630.5555555555554,0.05705967823342334
1633.3333333333333,0.008171698301566652
1636.111111111111,0.1300569533737351
1638.8888888888891,0.0037969290293238117
1641.6666666666667,-0.03281953477523437
1644.4444444444446,0.030458222113903373
1647.2222222222224,0.018353243187818325
1650.0000000000002,0.02776063451662624
1652.7777777777778,0.10057640626923767
1655.5555555555557,0.04117071130420859
1658.3333333333335,0.09156422613544021
1661.1111111111113,0.04998618168595344
1663.888888888889,-0.029415830848324824
1666.6666666666667,-0.020691433303056457
1669.4444444444446,0.0798674526200679
1672.2222222222222,0.026943921535308474
1675.0,0.09345128423699493
1677.7777777777778,0.057939039390059316
1680.5555555555557,0.08128143202648629
1683.3333333333333,0.07627645083222419
1686.111111111111,0.11827147771959468
1688.888888888889,0.07994163996532763
1691.6666666666667,0.09219622876445316
1694.4444444444443,0.04479883233375684
1697.2222222222222,0.05003801906867499
1700.0,0.10040017795558669
1702.777777777778,0.07699395197562287
1705.5555555555557,0.13674205851262167
1708.3333333333335,0.15951250735080408
1711.1111111111113,0.13267040116771844
1713.888888888889,0.10742320768138433
1716.6666666666667,0.12894198958412656
1719.4444444444446,0.20925520477277215
1722.2222222222224,0.1770820969015656
1725.0,0.15764179796087405
1727.7777777777778,0.1402921028110837
1730.5555555555557,0.17466196113811494
1733.3333333333335,0.22063399455569285
1736.111111111111,0.2232319537087726
1738.888888888889,0.22278878925949497
1741.6666666666667,0.22695277197713876
1744.4444444444446,0.22273701391563525
1747.2222222222222,0.1677552288871506
1750.0,0.1807192749413365
1752.7777777777778,0.24990493408015602
1755.5555555555554,0.24730188221702668
1758.3333333333333,0.23530701331487658
1761.111111111111,0.2823199465149381
1763.8888888888891,0.27827682243541624
1766.6666666666667,0.3000233960710263
1769.4444444444446,0.3165962530884243
1772.2222222222224,0.3127318153994752
1775.0000000000002,0.31904756516309835
1777.7777777777778,0.22905736731210183
1780.5555555555557,0.2511591587510563
1783.3333333333335,0.27115253576012727
1786.1111111111113,0.29516659645058396
1788.888888888889,0.24258672035728168
1791.6666666666667,0.2525117764733362
1794.4444444444446,0.2270022630485594
1797.2222222222222,0.2844167872307
1800.0,0.28343774135568567
1802.7777777777778,0.2255187123493279
1805.5555555555557,0.23296233785744316
1808.3333333333333,0.18877672748564414
1811.111111111111,0.2543760272416045
1813.888888888889,0.20353479506071376
1816.6666666666667,0.19440094297011834
1819.4444444444443,0.21672716360687666
1822.2222222222222,0.16836047347530747
1825.0000000000002,0.20709782145190328
1827.777777777778,0.07034401385978974
1830.5555555555557,0.1401842577331617
1833.3333333333335,0.08888503178924066
1836.1111111111113,0.17696195152664296
1838.888888888889,0.19977769567017264
1841.6666666666667,0.0887469630545113
1844.4444444444446,0.04668276139322224
1847.2222222222224,0.12367867459020868
1850.0,0.1341523994972974
1852.7777777777778,0.10494322878615302
1855.5555555555557,0.059588501839361305
1858.3333333333335,0.07720208151059912
1861.111111111111,0.1172192920287997
1863.888888888889,-0.007133050385987223
1866.6666666666667,0.03282164887847578
1869.4444444444446,0.0861647088420986
1872.2222222222222,0.04602409695713749
1875.0,-0.028526753520204395
1877.7777777777778,0.06208804499071886
1880.5555555555554,0.04120083221603152
1883.3333333333333,0.0470983702293829
1886.1111111111113,0.07320576044224071
1888.8888888888891,0.04696766993557056
1891.6666666666667,0.06459214565721602
1894.4444444444446,-0.003620628461159868
1897.2222222222224,0.016590272154926082
1900.0000000000002,0.08329919059998424
1902.7777777777778,0.047006891811474424
1905.5555555555557,0.04943642017010337
1908.3333333333335,-0.02299955709189306
1911.1111111111113,0.010267174897595266
1913.888888888889,-0.024059551339702976
1916.6666666666667,0.056468248120288375
1919.4444444444446,0.014508831543148592
1922.2222222222222,0.047045750866199526
1925.0,0.01769353059337369
1927.7777777777778,0.017647625657665596
1930.5555555555557,0.029976974788587997
1933.3333333333333,0.019828291947508802
1936.111111111111,-0.02010939882700024
1938.888888888889,0.08402891848155479
1941.6666666666667,0.011893729770309865
1944.4444444444443,0.036449564027370235
1947.2222222222222,-0.03283590411175753
1950.0000000000002,0.056744032707978814
1952.777777777778,0.02901175055802778
1955.5555555555557,0.04372967664052076
1958.3333333333335,0.043792450991905096
1961.1111111111113,0.030190756034601234
1963.888888888889,0.03867799063727951
1966.6666666666667,-0.00031096228451832006
1969.4444444444446,0.07330601969996108
1972.2222222222224,0.0672310431662471
1975.0,-0.0065791728969059535
1977.7777777777778,0.11060377900088997
1980.5555555555557,-0.03662377590163456
1983.3333333333335,0.005914520784900082
1986.111111111111,0.031832219242416596
1988.888888888889,0.0695574669743452
1991.6666666666667,0.01805766134478133
1994.4444444444446,0.006088651292241563
1997.2222222222222,0.007285484982272385
2000.0,0.059064528258303745
2002.7777777777778,0.013640901678810883
2005.5555555555554,0.05123854313804721
2008.3333333333333,-0.007813446100239457
2011.111111111111,0.05616852875621656
2013.888888888889,-0.023811584595657062
2016.6666666666665,-0.032269116424647276
2019.4444444444443,0.06001468101994053
2022.2222222222222,0.05146794232554055
2025.0,0.03732070696759095
2027.7777777777776,-0.0586357786421485
2030.5555555555554,0.03302317938528562
2033.3333333333333,0.1063989420957854
2036.111111111111,0.09209082096928936
2038.8888888888887,0.05863487556288775
2041.666666666667,-0.011706849396342874
2044.4444444444448,0.028864173067516756
2047.2222222222224,0.02605448423513817
2050.0000000000005,0.033821255837862885
2052.777777777778,0.04605365898897204
2055.5555555555557,0.01083279126726007
2058.3333333333335,0.04720521983099103
2061.1111111111113,0.0890062179855026
2063.888888888889,0.056848972645286065
2066.666666666667,0.06768941833983771
2069.444444444445,0.09132855420861571
2072.2222222222226,0.15320867824614315
2075.0,0.10453678612686135
2077.777777777778,0.09592008617381673
2080.5555555555557,0.1347176495811966
2083.3333333333335,0.0668130739259792
2086.1111111111113,0.1315764973426884
2088.888888888889,0.16213392068731095
2091.666666666667,0.1312186455556551
2094.4444444444443,0.04956950000176433
2097.222222222222,0.10346408584777458
2100.0,0.16725243594944494
2102.777777777778,0.11556030949072657
2105.5555555555557,0.07194540437093783
2108.3333333333335,0.053363856426623016
2111.1111111111113,0.024740085882102886
2113.888888888889,0.011219811685913142
2116.6666666666665,0.10260911860440385
2119.4444444444443,0.006251815592790484
2122.222222222222,0.08525205111088008
2125.0,-0.009626195397208704
2127.777777777778,-0.04133899928965798
2130.5555555555557,-0.01696251670977273
2133.3333333333335,0.05280602594737854
2136.111111111111,0.0648947218921652
2138.8888888888887,-0.01213754707793585
2141.6666666666665,-0.036223390422181034
2144.4444444444443,0.025019200334734565
2147.222222222222,0.044561394035349935
2150.0,0.008943653125187075
2152.777777777778,0.006646209500082668
2155.5555555555557,-0.009460742688999161
2158.333333333333,-0.03295972578104839
2161.111111111111,-0.03930388408574496
2163.8888888888887,-0.023398410987578742
2166.666666666667,-0.004230641859690288
2169.444444444445,-0.009002116452536443
2172.2222222222226,0.05051330297360655
2175.0000000000005,-0.01883319045757556
2177.777777777778,0.006984040903068002
2180.5555555555557,0.04401498540181342
2183.3333333333335,-0.016374018532095934
2186.1111111111113,0.12163168027633098
2188.888888888889,0.003737795884967707
2191.666666666667,-0.06097290860442309
2194.444444444445,0.023968772180354394
2197.2222222222226,-0.018367673565260857
2200.0,0.06658853686641932
2202.777777777778,-0.0008180069528061426
2205.5555555555557,0.054755200453075865
2208.3333333333335,0.025957666403849968
2211.1111111111113,-0.002671471142146388
2213.888888888889,0.032133689440642536
2216.666666666667,-0.060873455767394016
2219.4444444444443,0.0373013064550025
2222.222222222222,-0.035991051478032755
2225.0,-0.0014616974274060737
2227.777777777778,-0.027253768428862533
2230.5555555555557,-0.08981249044793782
2233.3333333333335,-0.11683100730307254
2236.1111111111113,-0.08685935566493148
2238.888888888889,-0.022529573458955433
2241.6666666666665,0.055955991142986335
2244.4444444444443,0.11544328676266959
2247.222222222222,0.200877496752272
2250.0,0.46402739621402256
2252.777777777778,0.6046779596906768
2255.5555555555557,0.7178210791641637
2258.3333333333335,0.9510101859287203
2261.111111111111,0.969777929094682
2263.8888888888887,0.9475936302619609
2266.6666666666665,0.8867478732421635
2269.4444444444443,0.8693843525439168
2272.222222222222,0.6766310823434857
2275.0,0.42287942170666865
2277.777777777778,0.23177560288839988
2280.5555555555557,0.08179380560334057
2283.333333333333,-0.04065398479193509
2286.111111111111,-0.11429563843514956
2288.888888888889,-0.1468032754597662
2291.666666666667,-0.18050943867619912
2294.444444444445,-0.20219884422456902
2297.2222222222226,-0.12892880796059514
2300.0000000000005,-0.16562772448193586
2302.777777777778,-0.12312964365950109
2305.5555555555557,-0.09356462035977287
2308.3333333333335,-0.12585187284695495
2311.1111111111113,-0.023956741421528815
2313.888888888889,0.032590986621273244
2316.666666666667,-0.08230508848690749
2319.444444444445,0.002335454958528529
2322.2222222222226,-0.003147369483579374
2325.0,-0.04820685517331028
2327.777777777778,-0.04698444188509589
2330.5555555555557,-0.05388333536049113
2333.3333333333335,0.014016434097095076
2336.1111111111113,0.016473341544389862
2338.888888888889,0.05331815012003083
2341.666666666667,-0.022780302245809965
2344.4444444444443,0.008683225412377517
2347.222222222222,0.040763536439116635
2350.0,0.004763480357122608
2352.777777777778,-0.054718705683738
2355.5555555555557,0.045161515151179873
2358.3333333333335,-0.040718099970551765
2361.1111111111113,0.03362241386080564
2363.888888888889,0.03668154607161346
2366.6666666666665,0.022178639157232533
2369.4444444444443,-0.015816244029379305
2372.222222222222,-0.04651912509537107
2375.0,-0.008868028962562455
2377.777777777778,-0.051479878053875286
2380.5555555555557,-0.05338147110191746
2383.3333333333335,0.07143070343735959
2386.111111111111,-0.002484989107508242
2388.8888888888887,0.010063749457940939
2391.6666666666665,0.008026706056385655
2394.4444444444443,0.04415753814296213
2397.222222222222,0.008340160915443543
2400.0,-0.08370499347147776
2402.777777777778,0.03444384367887793
2405.5555555555557,-0.0015075171722047625
2408.333333333333,-0.01708073657250149
2411.111111111111,-0.05403622582621548
2413.888888888889,-0.00029626709413798583
2416.666666666667,-0.06073262167061897
2419.444444444445,-0.0053287188791334775
2422.2222222222226,0.04010456281931153
2425.0000000000005,0.020469701161864817
2427.777777777778,-0.04265624785186329
2430.5555555555557,0.022066420472439417
2433.3333333333335,0.0375793977904744
2436.1111111111113,0.07877907141597844
2438.888888888889,0.053587840620367304
2441.666666666667,0.08900797241301679
2444.444444444445,0.06669580954728754
2447.2222222222226,0.02528917586358457
2450.0,0.04951793284453728
2452.777777777778,0.13064735379220488
2455.5555555555557,0.08990749416331145
2458.3333333333335,0.024497322021645493
2461.1111111111113,0.0852689216998035
2463.888888888889,0.08618709532862417
2466.666666666667,0.02722255901668172
2469.4444444444443,0.08434948911845302
2472.222222222222,0.11214596565371199
2475.0,0.1355624892458163
2477.777777777778,0.06854867820616077
2480.5555555555557,0.14533435323323995
2483.3333333333335,0.17781297167964952
2486.1111111111113,0.1616727480543676
2488.888888888889,0.141875823864331
2491.6666666666665,0.2341730367793765
2494.4444444444443,0.20610459018962352
2497.222222222222,0.23899371744691836
2500.0,0.17037555148708108
2502.777777777778,0.2504714818178668
2505.5555555555557,0.20684375857743978
2508.3333333333335,0.1670797639581572
2511.111111111111,0.23292120751252757
2513.8888888888887,0.20075469826198666
2516.6666666666665,0.2369943942179002
2519.4444444444443,0.2530206155651572
2522.222222222222,0.22018470882682922
2525.0,0.2527449493893369
2527.777777777778,0.21302889313146553
2530.5555555555557,0.23422190210511867
2533.333333333333,0.18786556931054227
2536.1111111111113,0.28760964648278836
2538.888888888889,0.15290852441641867
2541.666666666667,0.19368487068105267
2544.444444444445,0.11346470377964307
2547.2222222222226,0.23084745561558345
2550.0000000000005,0.19448226644698868
2552.777777777778,0.19109738845340143
2555.5555555555557,0.1464844675405642
2558.3333333333335,0.12630415485195814
2561.1111111111113,0.16358947849974093
2563.888888888889,0.08313450956137794
2566.666666666667,0.11690697758482511
2569.444444444445,0.1911301966089884
2572.2222222222226,0.11714132369196839
2575.0,0.1633183621852186
2577.777777777778,0.06893156855893814
2580.5555555555557,0.07389822392139328
2583.3333333333335,0.04816270772289376
2586.1111111111113,0.08833810364180592
2588.888888888889,0.07592068092842874
2591.666666666667,0.06802198385406105
2594.4444444444443,0.02290693354422389
2597.222222222222,0.01236951637465417
2600.0,-0.025055875969892283
2602.777777777778,-0.021408339302599826
2605.5555555555557,0.042340913804438815
2608.3333333333335,-0.025451607629600814
2611.1111111111113,0.030006170207552404
2613.888888888889,-0.04152282199326146
2616.6666666666665,-0.03556848761389851
2619.4444444444443,0.006538313121127987
2622.222222222222,0.049615818442887705
2625.0,-0.06143887640682954
2627.777777777778,0.006181082793909248
2630.5555555555557,-0.018004551369544763
2633.3333333333335,-0.027063088201309402
2636.111111111111,-0.0002687235669846487
2638.8888888888887,-0.009744303358834975
2641.6666666666665,-0.08410515028232307
2644.4444444444443,0.0038127304479867244
2647.222222222222,-0.0493940489002435
2650.0,-0.0463515855804007
2652.777777777778,-0.029651595447206934
2655.5555555555557,0.021058030678865185
2658.333333333333,-0.0211096218900361
2661.1111111111113,-0.0685332814850281
2663.888888888889,-0.0712747277764557
2666.666666666667,-0.07953301126687239
2669.444444444445,-0.027687215758226344
2672.2222222222226,0.02851371647316052
2675.0000000000005,0.04521379518396472
2677.777777777778,-0.07690520387722038
2680.5555555555557,-0.051477495598633155
2683.3333333333335,-0.04438561987645863
2686.1111111111113,0.0642168259104583
2688.888888888889,-0.03152174219043649
2691.666666666667,-0.022304803723889426
2694.444444444445,-0.04521565693799346
2697.2222222222226,-0.07314983928629192
2700.0,-0.055167509059013915
2702.777777777778,-0.024125395262366227
2705.5555555555557,-0.021981177789707915
2708.3333333333335,-0.05453993169240999
2711.1111111111113,0.005785966053947267
2713.888888888889,-0.0567614641736579
2716.666666666667,0.0018875245240165123
2719.4444444444443,-0.043116074560040046
2722.222222222222,-0.01529664202244886
2725.0,-0.0320264004909397
2727.777777777778,-0.0504671154382886
2730.5555555555557,-0.041102992828728854
2733.3333333333335,-0.048192029733914676
2736.1111111111113,-0.020377644654697498
2738.888888888889,-0.021201326364176112
2741.6666666666665,0.012577172605377995
2744.4444444444443,-0.10113781235888547
2747.222222222222,-0.09778431461152387
2750.0,-0.055505168964824284
2752.777777777778,-0.036161964654892007
2755.5555555555557,0.0541691824616449
2758.3333333333335,-0.08138629923432639
2761.111111111111,-0.031132050261841307
2763.8888888888887,-0.02162789713518032
2766.6666666666665,-0.03591965523510123
2769.4444444444443,-0.008607535730964979
2772.222222222222,-0.01564507173485619
2775.0,-0.009315944438859313
2777.777777777778,-0.052757993662202754
2780.5555555555557,0.026562135762167843
2783.3333333333335,-0.01587315307251622
2786.1111111111113,-0.10268528387008036
2788.888888888889,0.01368575213477792
2791.666666666667,-0.032523656204622685
2794.444444444445,-0.026702374215995712
2797.2222222222226,-0.07831274366924956
2800.0000000000005,-0.047327205253363494
2802.777777777778,0.03218114977501481
2805.5555555555557,0.042767615163498834
2808.3333333333335,-0.014145601733914237
2811.1111111111113,-0.03477028273161098
2813.888888888889,0.01023746317136694
2816.666666666667,0.0060591387249572266
2819.444444444445,-0.004497547482960319
2822.2222222222226,0.0034788897958104477
2825.0,0.00753700484120709
2827.777777777778,0.06751121789013809
2830.5555555555557,-0.036410951873173635
2833.3333333333335,0.053917080418969365
2836.1111111111113,0.04053661583143221
2838.888888888889,0.049246192900471546
2841.666666666667,-0.017787475095777418
2844.4444444444443,-0.00952351399280349
2847.222222222222,0.0700515249684469
2850.0,0.044553943255999734
2852.777777777778,0.01354062798459146
2855.5555555555557,0.03841863992131248
2858.3333333333335,0.044742554889395936
2861.1111111111113,-0.010810979322206815
2863.888888888889,-0.016443459771483083
2866.6666666666665,-0.016002462999209332
2869.4444444444443,0.049552264258907734
2872.222222222222,0.03127409494794664
2875.0,-0.041674641171608164
2877.777777777778,-0.014954214819310509
2880.5555555555557,-0.05723633481343799
2883.3333333333335,0.03083441496116446
2886.111111111111,-0.024905351980753436
2888.8888888888887,-0.1267465099526322
2891.6666666666665,-0.040388491638005786
2894.4444444444443,-0.07608818063471114
2897.222222222222,-0.04068481378588036
2900.0,-0.06802594382562302
2902.777777777778,-0.05719332216065595
2905.5555555555557,0.03328964639442837
2908.3333333333335,-0.019757373522363873
2911.1111111111113,-0.02771785166853978
2913.888888888889,-0.0866289134019961
2916.666666666667,-0.03671450826548383
2919.444444444445,-0.02352258634123832
2922.2222222222226,0.052855544879553885
2925.0000000000005,-0.1289817003582308
2927.777777777778,-0.0963962121307006
2930.5555555555557,-0.08835331006027539
2933.3333333333335,-0.05083029078336841
2936.1111111111113,-0.02567522482652975
2938.888888888889,-0.07217045568899368
2941.666666666667,-0.06468954309930106
2944.444444444445,-0.05418876568905272
2947.2222222222226,-0.04974238147759392
2950.0,-0.0014649204995614215
2952.777777777778,-0.03091969836665055
2955.5555555555557,-0.04998366784458123
2958.3333333333335,-0.10563495515117266
2961.1111111111113,-0.07538595207157416
2963.888888888889,-0.07542904889377139
2966.666666666667,-0.07309402970552671
2969.4444444444443,-0.012610821083711775
2972.222222222222,-0.03225703529611425
2975.0,-0.043187437035866263
2977.777777777778,-0.037468954466142165
2980.5555555555557,-0.03306697679509733
2983.3333333333335,-0.06753036142201903
2986.1111111111113,-0.08775198779029654
2988.888888888889,-0.039818965838916524
2991.6666666666665,-0.14926665398020153
2994.4444444444443,-0.12243841380875281
2997.222222222222,-0.11346471386607969
3000.0,-0.12753052330534748
3002.777777777778,-0.03023374381057163
3005.5555555555557,0.05208415553059463
3008.3333333333335,0.1831227042225561
3011.111111111111,0.3715294945216143
3013.8888888888887,0.4398830957934962
3016.6666666666665,0.6551320997492167
3019.4444444444443,0.8140605607986847
3022.222222222222,0.9882001751209614
3025.0,0.9536217100369135
3027.777777777778,0.943381634223281
3030.555555555556,0.788202654760568
3033.3333333333335,0.6323534024336597
3036.1111111111113,0.4139871498238231
3038.888888888889,0.2171573534366554
3041.666666666667,0.1090085366672186
3044.444444444445,-0.07070693290867935
3047.2222222222226,-0.20484483109359372
3050.0000000000005,-0.21454121698410256
3052.777777777778,-0.31350348055691235
3055.5555555555557,-0.20523383866524603
3058.3333333333335,-0.18389660243230324
3061.1111111111113,-0.1307342503611456
3063.888888888889,-0.15110065351866342
3066.666666666667,-0.1973913623579986
3069.444444444445,-0.15996686421984618
3072.2222222222226,-0.16137701651915648
3075.0,-0.08494760684174044
3077.777777777778,-0.07573273256952512
3080.5555555555557,-0.07929885750851202
3083.3333333333335,-0.01085058170460642
3086.1111111111113,-0.12412451084603149
3088.888888888889,-0.08071089067232748
3091.666666666667,-0.04187449918147317
3094.4444444444443,-0.02063322245563695
3097.222222222222,-0.10576415781635515
3100.0,-0.07835794863398134
3102.777777777778,-0.01138729963812233
3105.5555555555557,-0.04423665551054803
3108.3333333333335,-0.029210577272824768
3111.1111111111113,-0.10671881021914384
3113.888888888889,-0.050294362953671144
3116.6666666666665,-0.1117237639092262
3119.4444444444443,-0.009955214985459891
3122.222222222222,0.018395030030721758
3125.0,-0.022001777628196877
3127.777777777778,-0.13514843072065102
3130.5555555555557,-0.081822731171739
3133.3333333333335,-0.07512709694621511
3136.111111111111,-0.029684638682996086
3138.8888888888887,0.0019250152381946883
3141.6666666666665,-0.053554429215443206
3144.4444444444443,-0.08547765005074344
3147.222222222222,-0.053793051112422906
3150.0,-0.04811250072224878
3152.777777777778,-0.03348678340848379
3155.555555555556,-0.06044678686680752
3158.3333333333335,-0.05117134972024179
3161.1111111111113,-0.04472291859370521
3163.888888888889,-0.02380512072720411
3166.666666666667,-0.09449731966395603
3169.444444444445,-0.06888991555277992
3172.2222222222226,-0.022960730772058312
3175.0000000000005,-0.01994049949330267
3177.777777777778,-0.07824973684827877
3180.5555555555557,-0.11300105341223407
3183.3333333333335,-0.022820604329999758
3186.1111111111113,0.011270806599669222
3188.888888888889,-0.010531315910768986
3191.666666666667,-0.017919227831191264
3194.444444444445,-0.1038729627112095
3197.2222222222226,0.04581721332021544
3200.0,0.03640950210646551
3202.777777777778,-0.011087876582242298
3205.5555555555557,-0.006273827456902815
3208.3333333333335,-0.012268842064101497
3211.1111111111113,0.007848070028323766
3213.888888888889,-0.06425974557679277
3216.666666666667,-0.055772688216057124
3219.4444444444443,-0.010851019868004685
3222.222222222222,0.0729903303144379
3225.0,0.04276039605605226
3227.777777777778,0.03714254667482679
3230.5555555555557,0.029601030557890415
3233.3333333333335,0.07963984718322553
3236.1111111111113,0.12107985263023063
3238.888888888889,0.13175039910708633
3241.6666666666665,0.14362255526680892
3244.4444444444443,0.12087377099257395
3247.222222222222,0.07923299780985758
3250.0,0.056460750016753186
3252.777777777778,0.19601645778316287
3255.5555555555557,0.13422106006508833
3258.3333333333335,0.1995524942514525
3261.111111111111,0.11334781442900697
3263.8888888888887,0.1414432094459123
3266.6666666666665,0.1792237262585426
3269.4444444444443,0.16694608033094882
3272.222222222222,0.2360069335821035
3275.0,0.17698414822810585
3277.7777777777783,0.22225878700447493
3280.555555555556,0.13712831924801516
3283.3333333333335,0.11843815348799408
3286.1111111111113,0.1882268037883822
3288.888888888889,0.18240474458081984
3291.666666666667,0.12421358253253958
3294.444444444445,0.18773260696590316
3297.2222222222226,0.15839141419807454
3300.0000000000005,0.12656480957203342
3302.777777777778,0.18559636610222077
3305.5555555555557,0.141147628062871
3308.3333333333335,0.09182923819006417
3311.1111111111113,0.1401829952519562
3313.888888888889,0.06731487003146808
3316.666666666667,0.12713500315790283
3319.444444444445,0.18098126583313498
3322.2222222222226,0.14391986688977285
3325.0,0.12080568501411859
3327.777777777778,0.0782043953889271
3330.5555555555557,0.0845974223755605
3333.3333333333335,0.02851925407395592
3336.1111111111113,0.07423149129498322
3338.888888888889,0.03566540245638745
3341.666666666667,0.049904864005870866
3344.4444444444443,0.08980312373452246
3347.222222222222,0.03236665940369783
3350.0,-0.041825417443286994
3352.777777777778,0.028015024783667755
3355.5555555555557,0.0014466849026826753
3358.3333333333335,0.03432987655120393
3361.1111111111113,-0.027773040930987102
3363.888888888889,0.015323114915819436
3366.6666666666665,0.008280737719896942
3369.4444444444443,-0.00842450002153052
3372.222222222222,-0.025916697533014652
3375.0,0.018694726343744788
3377.777777777778,-0.02158889747091489
3380.5555555555557,-0.032427032909190065
3383.3333333333335,-0.0031845862972739447
3386.111111111111,-0.10213444010183485
3388.8888888888887,-0.0342723175673601
3391.6666666666665,-0.08323632654387358
3394.4444444444443,-0.05947556565137544
3397.222222222222,-0.1014145736448511
3400.0,-0.041956594146978304
3402.7777777777783,-0.052035917522897705
3405.555555555556,0.004022791787183802
3408.3333333333335,-0.02831487500966771
3411.1111111111113,-0.12292327129747976
3413.888888888889,-0.05057077109857628
3416.666666666667,-0.10124334614704793
3419.444444444445,-0.0780153314777058
3422.2222222222226,-0.028618697498415203
3425.0000000000005,-0.11898737254417369
3427.777777777778,-0.07350483178077111
3430.5555555555557,-0.09432458753250185
3433.3333333333335,-0.02021422454350092
3436.1111111111113,-0.07816973681508636
3438.888888888889,-0.03640360887980774
3441.666666666667,-0.01981152403904527
3444.444444444445,-0.06874714394540457
3447.2222222222226,-0.06377863322252096
3450.0,-0.07093639684315022
3452.777777777778,0.01919418480226811
3455.5555555555557,-0.018793054182846894
3458.3333333333335,-0.11533710591373206
3461.1111111111113,-0.03627664029178437
3463.888888888889,-0.10173843017195164
3466.666666666667,-0.09076005448815327
3469.4444444444443,-0.023329964736558767
3472.222222222222,-0.045411526061815824
3475.0,-0.06300268778119153
3477.777777777778,0.035747251407218336
3480.5555555555557,-0.08676992615312908
3483.3333333333335,-0.08291948575032913
3486.1111111111113,0.013298382020741576
3488.888888888889,-0.026701954106340152
3491.6666666666665,-0.026508091273757313
3494.4444444444443,0.05839663750559606
3497.222222222222,0.018544721948423763
3500.0,-0.04799861370471968
3502.777777777778,-0.010314878952527976
3505.5555555555557,0.013367250334469859
3508.3333333333335,-0.011669090440409455
3511.111111111111,0.05938010338888488
3513.8888888888887,-0.028147870528787415
3516.6666666666665,0.010565568589399176
3519.4444444444443,0.028633469094406543
3522.222222222222,-0.005795893910605643
3525.0000000000005,-0.003732537937854795
3527.7777777777783,0.04128251724708262
3530.555555555556,-0.009826087495301552
3533.3333333333335,0.09406392962599783
3536.1111111111113,0.0420638106495655
3538.888888888889,0.051510778714687504
3541.666666666667,-0.04356403011598129
3544.444444444445,-0.040966674157921254
3547.2222222222226,-0.03672977861592118
3550.0000000000005,-0.034830215155592474
3552.777777777778,-0.04536589935996446
3555.5555555555557,-0.02945678765600859
3558.3333333333335,-0.07853678884707055
3561.1111111111113,-0.049511761951465234
3563.888888888889,-0.003999398244775701
3566.666666666667,-0.055440503527692045
3569.444444444445,0.005800252425470852
3572.2222222222226,-0.03387002773567019
3575.0,-0.07696816952584105
3577.777777777778,-0.010706430472041402
3580.5555555555557,-0.06654685158673868
3583.3333333333335,0.008389591034123192
3586.1111111111113,-0.0628325519610853
3588.888888888889,-0.05019303823375494
3591.666666666667,-0.047768248759744045
3594.4444444444443,-0.04701826354641076
3597.222222222222,-0.06527456094349698
3600.0,-0.025875773761819654
3602.777777777778,0.005026604274828643
3605.5555555555557,-0.06426870387227758
3608.3333333333335,-0.04909226967829378
3611.1111111111113,-0.05729509974800435
3613.888888888889,-0.08476762432101671
3616.6666666666665,-0.12430843801206398
3619.4444444444443,-0.040991550487085235
3622.222222222222,-0.07314156482564994
3625.0,-0.04304178196176845
3627.777777777778,-0.006877818695681728
3630.5555555555557,-0.058598551800051864
3633.3333333333335,-0.014566529514077643
3636.111111111111,-0.024790228354305673
3638.8888888888887,-0.09640136584495751
3641.6666666666665,-0.11188461358571325
3644.4444444444443,-0.07031410304388243
3647.222222222222,-0.04691332783281622
3650.0000000000005,-0.01394632973675218
3652.7777777777783,0.02801354361495604
3655.555555555556,0.0016339042916679522
3658.3333333333335,-0.0790094603073345
3661.1111111111113,-0.15261741934938472
3663.888888888889,-0.07537882665104509
3666.666666666667,-0.14540381785439888
3669.444444444445,-0.1458005767670332
3672.2222222222226,-0.20791389813000316
3675.0000000000005,-0.14675187531969242
3677.777777777778,-0.06201780142498195
3680.5555555555557,-0.010729768348930344
3683.3333333333335,0.1901498661718306
3686.1111111111113,0.32542671209521157
3688.888888888889,0.49611979481877566
3691.666666666667,0.641303390570862
3694.444444444445,0.7867659741351734
3697.2222222222226,0.8898465733177139
3700.0,0.9626229415602915
3702.777777777778,0.8661671383088471
3705.5555555555557,0.7671881276879585
3708.3333333333335,0.5767526308850042
3711.1111111111113,0.35093393876097895
3713.888888888889,0.2051079290814091
3716.666666666667,0.09248179324056624
3719.4444444444443,0.05048988940501686
3722.222222222222,-0.14999827585610478
3725.0,-0.2370694063556411
3727.777777777778,-0.26597097122191876
3730.5555555555557,-0.24180949404445384
3733.3333333333335,-0.18078003328145015
3736.1111111111113,-0.2005109282172235
3738.888888888889,-0.10766827092874301
3741.6666666666665,-0.13583502306236564
3744.4444444444443,-0.12140462138840669
3747.222222222222,-0.06603526894741676
3750.0,-0.10309959636778145
3752.777777777778,-0.09795553504500742
3755.5555555555557,-0.03877855811200725
3758.3333333333335,-0.0009514518560773191
3761.111111111111,-0.05809784708053578
3763.8888888888887,-0.08206128982857422
3766.6666666666665,-0.05688752882218238
3769.4444444444443,-0.04130337789389134
3772.2222222222226,-0.040771563689666494
3775.0000000000005,-0.07497091225635073
3777.7777777777783,0.00301765971453255
3780.555555555556,-0.09195753590969377
3783.3333333333335,-0.03781170999632565
3786.1111111111113,-0.06139911224524132
3788.888888888889,-0.0879303876851505
3791.666666666667,-0.038921741882090084
3794.444444444445,-0.04854187314492753
3797.2222222222226,-0.03532951003121411
3800.0000000000005,-0.10268749617115344
3802.777777777778,0.007850080554144469
3805.5555555555557,0.012111983810664917
3808.3333333333335,-0.034990820196140686
3811.1111111111113,-0.03855646892847528
3813.888888888889,-0.006687122622095587
3816.666666666667,-0.08072736588820972
3819.444444444445,-0.059423889167815054
3822.2222222222226,-0.07937119473178275
3825.0,-0.08958643295141658
3827.777777777778,-0.04660216802540739
3830.5555555555557,-0.0057631075441016075
3833.3333333333335,-0.05285602465020027
3836.1111111111113,-0.01096289677997811
3838.888888888889,-0.07625458490051908
3841.666666666667,-0.05831886747531712
3844.4444444444443,-0.026831997845293967
3847.222222222222,-0.04551036998213704
3850.0,0.010881798658314144
3852.777777777778,-0.03007802724487126
3855.5555555555557,-0.06094824721705586
3858.3333333333335,-0.02425378803239889
3861.1111111111113,-0.05081564923258484
3863.888888888889,-0.04414964188068062
3866.6666666666665,0.05184678221060674
3869.4444444444443,-0.01335487433405697
3872.222222222222,0.04798831407738418
3875.0,0.001928240025500307
3877.777777777778,-0.027667341353425072
3880.5555555555557,0.04088970974010857
3883.3333333333335,0.0006201294860838577
3886.111111111111,0.025362693114366598
3888.8888888888887,0.07877768228206888
3891.6666666666665,0.01579662866902473
3894.4444444444443,0.01993376985904382
3897.2222222222226,0.07348180867257129
3900.0000000000005,0.08132507597704963
3902.7777777777783,0.09513431556658886
3905.555555555556,0.1264501582843916
3908.3333333333335,0.033106542919492984
3911.1111111111113,0.10964046225509086
3913.888888888889,0.08453585733538149
3916.666666666667,0.0967205767881347
3919.444444444445,0.13644372912128097
3922.2222222222226,0.13205642296035613
3925.0000000000005,0.1510172662317086
3927.777777777778,0.1279678342751861
3930.5555555555557,0.13468684658048144
3933.3333333333335,0.13306161557193139
3936.1111111111113,0.12390017644067515
3938.888888888889,0.192345077309543
3941.666666666667,0.26653789702378083
3944.444444444445,0.10212202015869248
3947.2222222222226,0.20370170532252982
3950.0,0.1373322063464308
3952.777777777778,0.19203500456659278
3955.5555555555557,0.2260457944776518
3958.3333333333335,0.18681749064857797
3961.1111111111113,0.2287859747477429
3963.888888888889,0.1940005576998616
3966.666666666667,0.23652821732993373
3969.4444444444443,0.17371662265764692
3972.222222222222,0.20013501584854154
3975.0,0.16570385237045843
3977.777777777778,0.14166914936461483
3980.5555555555557,0.22294780702559822
3983.3333333333335,0.15263307478854105
3986.1111111111113,0.18032341760597262
3988.888888888889,0.14881076886651906
3991.6666666666665,0.15711346229846318
3994.4444444444443,0.16146128224931128
3997.222222222222,0.09358732987545404
4000.0,0.14789407045426328
4002.7777777777783,0.12194328614299106
4005.5555555555557,0.025937546903116268
4008.333333333334,0.13694368634035844
4011.111111111111,0.12350896949917514
4013.888888888889,0.12300406437757937
4016.6666666666665,0.08071945574537574
4019.444444444445,0.08921081340795184
4022.222222222222,0.10500179571257476
4025.0000000000005,0.028926907974037692
4027.777777777778,0.04894191834464637
4030.555555555556,0.035531915995030146
4033.333333333333,0.0483659587515445
4036.1111111111113,0.05636618139670431
4038.8888888888887,0.062235677450988736
4041.666666666667,0.05061615467275825
4044.4444444444443,-0.05008631537691681
4047.2222222222226,0.030535471326142878
4050.0,0.03317521414113702
4052.777777777778,-0.025693241772364407
4055.555555555555,-0.04544656571757075
4058.3333333333335,0.018604787649785397
4061.111111111111,-0.026870842859968214
4063.888888888889,-0.045651308808919565
4066.6666666666665,-0.06105295770758856
4069.444444444445,-0.08338412678404346
4072.222222222222,-0.022100285590856302
4075.0,-0.03597181794332587
4077.7777777777774,-0.009887341907613825
4080.5555555555557,-0.041889922300709925
4083.333333333334,-0.0019055228080535162
4086.1111111111113,-0.013916616952643134
4088.8888888888896,0.046322154939736924
4091.666666666667,0.006331018007002524
4094.444444444445,-0.0370522689226115
4097.222222222223,-0.05798859200911269
4100.000000000001,-0.036860455933249124
4102.777777777778,-0.05445559357877428
4105.555555555556,-0.08346978433441006
4108.333333333333,0.0063756019378887335
4111.111111111111,-0.043455417583272794
4113.888888888889,-0.02901936588996909
4116.666666666667,0.0026458483595318757
4119.444444444444,-0.011587256776931351
4122.222222222223,-0.02069892119346658
4125.0,-0.01410915164230805
4127.777777777778,-0.12835766832524387
4130.555555555556,-0.06358381943453156
4133.333333333334,-0.04065271838877703
4136.111111111111,0.003412676956932696
4138.88888888889,-0.06634258333181929
4141.666666666667,-0.07649809166942784
4144.444444444445,-0.059837028567979594
4147.222222222222,-0.04559754612293927
4150.0,0.017306694361722812
4152.777777777777,-0.07024032198239971
4155.555555555556,-0.02347923404342374
4158.333333333333,-0.03456836844342714
4161.111111111111,-0.03176166349771336
4163.888888888889,-0.04641868764740276
4166.666666666667,0.03962517059764506
4169.444444444444,-0.02103001589184419
4172.222222222223,-0.020012678136043013
4175.0,-0.039207550507455106
4177.777777777778,0.04129853249928985
4180.555555555556,-0.03013403730308377
4183.333333333334,-0.01809258607401311
4186.111111111111,-0.0360190871885674
4188.888888888889,0.012495596237070934
4191.666666666666,-0.0911001414901701
4194.444444444444,-0.03329426514909699
4197.222222222222,-0.020123169590902178
4200.0,-0.05413707061920115
4202.777777777777,0.011805549377592355
4205.555555555556,0.02242034918529185
4208.333333333334,0.014279794709167404
4211.111111111111,-0.032590230460947646
4213.88888888889,-0.030897363118835286
4216.666666666667,-0.06385055703358739
4219.444444444445,-0.02088928896830125
4222.222222222223,0.0036039468692320373
4225.000000000001,0.004538071487771918
4227.777777777778,-0.04906330811228482
4230.555555555556,-0.014873224024244354
4233.333333333333,-0.033961396222065086
4236.111111111111,0.0030953385485400966
4238.888888888889,-0.01653025778154652
4241.666666666667,-0.031296525080913136
4244.444444444444,-0.03130023988253195
4247.222222222223,-0.023248308123593842
4250.0,-0.0072252933162070855
4252.777777777778,0.05594859426547555
4255.555555555556,0.002353154813383773
4258.333333333334,-0.006203205747479564
4261.111111111111,0.04938140450728076
4263.88888888889,0.07579765787159022
4266.666666666667,0.033118966960229826
4269.444444444445,0.008329749047320055
4272.222222222222,0.07423897550980474
4275.0,0.056184672766711234
4277.777777777777,0.09465758203400661
4280.555555555556,0.08851011655451557
4283.333333333333,0.046358653903749505
4286.111111111111,0.08430856854182658
4288.888888888889,0.07479566415705152
4291.666666666667,0.066875448033968
4294.444444444444,0.1424357415398389
4297.222222222223,-0.03396647499955324
4300.0,0.013964490758349907
4302.777777777778,0.06259179727158341
4305.555555555556,0.11668178277964493
4308.333333333334,0.08779917820799818
4311.111111111111,-0.002294151801244166
4313.888888888889,0.015051047351699385
4316.666666666666,0.05164597877096659
4319.444444444444,-0.02497646536187064
4322.222222222222,0.04983293595516486
4325.0,-0.011929430365913676
4327.777777777777,0.024944332000556704
4330.555555555556,-0.006818433229557311
4333.333333333334,0.02461958587528614
4336.111111111111,-0.05468422694012834
4338.88888888889,-0.08904967705628808
4341.666666666667,0.026163264026113915
4344.444444444445,-0.003946937789301053
4347.222222222223,-0.03834170242326063
4350.000000000001,-0.09008623053561791
4352.777777777778,0.019164797533381267
4355.555555555556,0.006912338842791245
4358.333333333333,-0.010404663963698655
4361.111111111111,0.019359837871593996
4363.888888888889,-0.026882760154407187
4366.666666666667,-0.10855475169991326
4369.444444444444,-0.02219805847644682
4372.222222222223,-0.03948431486629685
4375.0,-0.03686211274463605
4377.777777777778,-0.0704390179334132
4380.555555555556,-0.022902799033634267
4383.333333333334,0.006844747407023687
4386.111111111111,0.07146050822389431
4388.88888888889,-0.014702365947174782
4391.666666666667,-0.01122742810588975
4394.444444444445,0.04796801952679262
4397.222222222222,-0.05275664915996912
4400.0,0.003798950786039191
4402.777777777777,0.017163393887380467
4405.555555555556,-0.03914240839764287
4408.333333333333,-0.06524445821369268
4411.111111111111,-0.007460487297079125
4413.888888888889,-0.036833867357601774
4416.666666666667,0.036072868496852914
4419.444444444444,-0.009114253319145456
4422.222222222223,-0.03374492926553489
4425.0,0.00849471628508331
4427.777777777778,-0.024687565661028595
4430.555555555556,-0.0816588286194036
4433.333333333334,-0.14248564244152478
4436.111111111111,-0.009418586302440704
4438.888888888889,-0.012621485222372643
4441.666666666666,-0.039391056311761756
4444.444444444444,0.015892305501585463
4447.222222222222,0.13580160026030133
4450.0,0.30659208883096467
4452.777777777778,0.48361308317165186
4455.555555555556,0.6638083887565354
4458.333333333334,0.8393792148319631
4461.111111111111,0.9637151910981978
4463.88888888889,0.9290642264253869
4466.666666666667,0.9637282895026673
4469.444444444445,0.8502676909300013
4472.222222222223,0.7353263860595447
4475.000000000001,0.5216840642545961
4477.777777777778,0.3270625519317067
4480.555555555556,0.16308853224395645
4483.333333333333,0.03338935084122131
4486.111111111111,-0.036046202445156716
4488.888888888889,-0.19020551286823764
4491.666666666667,-0.1248937187960335
4494.444444444444,-0.20573531364824985
4497.222222222223,-0.21031808330348983
4500.0,-0.14290212030655347
4502.777777777778,-0.07737812493108043
4505.555555555556,-0.09244378021526864
4508.333333333334,-0.09726502747625748
4511.111111111111,-0.0287873111117466
4513.88888888889,-0.041955822623490915
4516.666666666667,-0.05428959864048326
4519.444444444445,0.038888817898937014
4522.222222222222,0.03130579433850985
4525.0,-0.029148784266996592
4527.777777777777,-0.001496154165878687
4530.555555555556,-0.06579947203646996
4533.333333333333,0.0669201758631966
4536.111111111111,-0.0407406706707328
4538.888888888889,0.006693917696949342
4541.666666666667,0.011441272525358228
4544.444444444444,-0.002456534756274246
4547.222222222223,0.029611545379134508
4550.0,-0.007450315588270414
4552.777777777778,0.0866551962097298
4555.555555555556,-0.010653692836567107
4558.333333333334,-0.005176227096235872
4561.111111111111,-0.0470829338305568
4563.888888888889,-0.034660923127978194
4566.666666666666,-0.017348181218106884
4569.444444444444,0.013332101856461115
4572.222222222222,0.047171121160910545
4575.0,-0.002408642835641973
4577.777777777778,-0.04665706040664679
4580.555555555556,-0.1014281011961641
4583.333333333334,-0.009700837793845788
4586.111111111111,-0.03513506172734678
4588.88888888889,-0.006863741874716684
4591.666666666667,0.014182945512229983
4594.444444444445,-0.04851732679044941
4597.222222222223,-0.03269741586793014
4600.000000000001,0.057215689867205884
4602.777777777778,0.04350312195520546
4605.555555555556,0.024523820666342004
4608.333333333333,0.0632747909442562
4611.111111111111,-0.010328125859535544
4613.888888888889,0.015574759416182285
4616.666666666667,-0.00033390079376001414
4619.444444444444,0.04120264688260859
4622.222222222223,0.05998600795311276
4625.0,0.010213094941663416
4627.777777777778,-0.0007812919311556872
4630.555555555556,0.04330672197298671
4633.333333333334,-0.007406090187376382
4636.111111111111,0.04696877291511072
4638.88888888889,-0.0008214131869465138
4641.666666666667,-0.008876370645318432
4644.444444444445,0.01518932731939826
4647.222222222222,0.08327062586076232
4650.0,0.10659952202011028
4652.777777777777,0.11975024680680538
4655.555555555556,0.03425004374929176
4658.333333333333,0.09446712868973747
4661.111111111111,0.07123713127679782
4663.888888888889,0.12094190599206321
4666.666666666667,0.17178888523219635
4669.444444444444,0.10512011893662643
4672.222222222223,0.13977775321271596
4675.0,0.18966546324730604
4677.777777777778,0.14899671785423055
4680.555555555556,0.13414585862830658
4683.333333333334,0.1658867766371591
4686.111111111111,0.17893539420380825
4688.888888888889,0.15113437383916445
4691.666666666666,0.17963595656360126
4694.444444444444,0.17723956171615618
4697.222222222222,0.24155144618718308
4700.0,0.20073025984256776
4702.777777777778,0.1871327815913556
4705.555555555556,0.2600712427273855
4708.333333333334,0.2241567618897169
4711.111111111111,0.22453753576386937
4713.88888888889,0.2505154421200457
4716.666666666667,0.27860719605169953
4719.444444444445,0.25641219460075415
4722.222222222223,0.26174564337120537
4725.000000000001,0.2808120385935711
4727.777777777778,0.1949296019718198
4730.555555555556,0.2817131524554853
4733.333333333333,0.2170542972697463
4736.111111111111,0.2386555652943534
4738.888888888889,0.3187515475222783
4741.666666666667,0.23732229561474377
4744.444444444444,0.18923606699979867
4747.222222222223,0.2053746577697172
4750.0,0.2123976858072797
4752.777777777778,0.2846466532681753
4755.555555555556,0.12425788736358652
4758.333333333334,0.22470794477242884
4761.111111111111,0.22174701799617733
4763.88888888889,0.23440735311038946
4766.666666666667,0.17401816409333906
4769.444444444445,0.18274999981047826
4772.222222222222,0.13525165975968312
4775.0,0.08277628477176824
4777.777777777777,0.15114349663958593
4780.555555555556,0.11834531800634683
4783.333333333333,0.12002326584153429
4786.111111111111,0.0987411538874737
4788.888888888889,0.11249368752672423
4791.666666666667,0.0859662131237418
4794.444444444444,0.029590055043570193
4797.222222222223,0.12153077259289992
4800.0,0.10286237179944487
4802.777777777778,0.10907549597653543
4805.555555555556,0.07874907710014879
4808.333333333334,0.12913995493417602
4811.111111111111,0.11004845778421574
4813.888888888889,0.13938089298062536
4816.666666666666,0.09664233943454546
4819.444444444444,0.009223912201647831
4822.222222222222,0.09599361305123484
4825.0,0.06024021378535438
4827.777777777778,0.004390069044633654
4830.555555555556,0.06673614240636566
4833.333333333334,0.03309830232494869
4836.111111111111,0.04402869385857397
4838.88888888889,0.10299947714195452
4841.666666666667,0.07458338459255504
4844.444444444445,0.030133985779115476
4847.222222222223,0.06774107227560161
4850.000000000001,-0.012780472451965598
4852.777777777778,0.07944499270826913
4855.555555555556,0.08164591415940839
4858.333333333333,0.09935422537801189
4861.111111111111,0.013024733880460802
4863.888888888889,0.028553856377821346
4866.666666666667,0.023332629295951784
4869.444444444444,0.0760738707720278
4872.222222222223,0.03399438257148883
4875.0,-0.020698940237754884
4877.777777777778,-0.04549396587827656
4880.555555555556,-0.00956554590290597
4883.333333333334,0.061510114506463424
4886.111111111111,0.061510156662634236
4888.88888888889,0.10002606048575473
4891.666666666667,0.03248352583960627
4894.444444444445,0.0416978633981894
4897.222222222222,0.038419652223382866
4900.0,0.06391688198496984
4902.777777777777,0.11254639931929336
4905.555555555556,0.07819927905156979
4908.333333333333,0.04676909218558796
4911.111111111111,-0.03327820007321221
4913.888888888889,-0.069721143065798
4916.666666666667,0.03935451649781625
4919.444444444444,0.012716356471680176
4922.222222222223,0.06928682181056786
4925.0,0.05436771570243499
4927.777777777778,-0.003951911113083573
4930.555555555556,0.010573018538543226
4933.333333333334,0.031524148372223414
4936.111111111111,-0.008859771407424631
4938.888888888889,0.01186405819435727
4941.666666666666,-0.010840523511006544
4944.444444444444,0.03484295995977884
4947.222222222223,0.030014447824688463
4950.0,-0.023579133688629322
4952.777777777778,-0.005209053967249709
4955.555555555556,0.019202211116109934
4958.333333333334,0.06260840928707553
4961.111111111111,0.03607950704522789
4963.88888888889,-0.028838616450288776
4966.666666666667,-0.008032137758051186
4969.444444444445,0.026926558912136907
4972.222222222223,-0.029788747292153715
4975.000000000001,0.0005149096701554529
4977.777777777778,0.07429199441407491
4980.555555555556,0.04041426517114433
4983.333333333333,-0.0050551569937149834
4986.111111111111,0.04510836737568326
4988.888888888889,0.06458957747106846
4991.666666666667,0.08402656386483678
4994.444444444444,0.02943921001325703
4997.222222222223,0.0050530570677440045
5000.0,0.010287921107966481
5002.777777777778,0.10246389883641402
5005.555555555556,0.04968716024968032
5008.333333333334,0.045540387351043474
5011.111111111111,0.04490247681368496
5013.88888888889,0.06044648154297612
5016.666666666667,0.081553425854904
5019.444444444445,0.04888516400978011
5022.222222222222,0.03276781133983479
5025.0,0.021978298317305904
5027.777777777777,0.03748699617490122
5030.555555555556,-0.020506278910469522
5033.333333333333,0.06496585372107223
5036.111111111111,0.04826222962857144
5038.888888888889,0.0422107905373494
5041.666666666667,-0.026883758073811506
5044.444444444444,0.08516063401750049
5047.222222222223,0.09057033260009931
5050.0,0.09311032013111782
5052.777777777778,0.0874167516489113
5055.555555555556,0.13070154377951723
5058.333333333334,0.12041062816982581
5061.111111111111,0.10481984307425683
5063.888888888889,0.05073573930547321
5066.666666666666,0.1281592147475315
5069.444444444444,0.06770655302797784
5072.222222222223,0.07022646169735791
5075.0,0.09157758930542939
5077.777777777778,0.09384458351165509
5080.555555555556,0.08965670891688556
5083.333333333334,0.06888216303643455
5086.111111111111,0.11253102690952078
5088.88888888889,0.16119310978097587
5091.666666666667,0.1200693048208114
5094.444444444445,0.12486649861712859
5097.222222222223,0.0750797615710196
5100.000000000001,0.061033047138229504
5102.777777777778,0.08163317702507916
5105.555555555556,0.08299691976948144
5108.333333333333,0.07458896388495286
5111.111111111111,0.06337105926084148
5113.888888888889,0.07862703323157791
5116.666666666667,0.022497642620721826
5119.444444444444,0.09068544785947791
5122.222222222223,0.11632583952168915
5125.0,0.04174416407980254
5127.777777777778,0.0075333695948947565
5130.555555555556,-0.00644138075021377
5133.333333333334,0.06101817162931351
5136.111111111111,0.04992123026814468
5138.88888888889,0.06866168056791676
5141.666666666667,0.057916453249560504
5144.444444444445,0.03288650425159344
5147.222222222222,0.07211726060922974
5150.0,0.09308666887279468
5152.777777777777,0.03457998870765268
5155.555555555556,0.07194063037170972
5158.333333333333,0.07195447938730953
5161.111111111111,0.046324803287395404
5163.888888888889,-0.013550408908548174
5166.666666666667,0.012633715845390192
5169.444444444444,0.11651209013981503
5172.222222222223,0.05341595219065848
5175.0,0.0277920963624709
5177.777777777778,0.0076379677165759885
5180.555555555556,0.012003233247864453
5183.333333333334,0.05005920794402639
5186.111111111111,0.03295011193299828
5188.888888888889,-0.03810538809396055
5191.666666666666,0.029158835573591644
5194.444444444444,0.08791159194553558
5197.222222222223,-0.0076434560712392505
5200.0,0.01926677771598416
5202.777777777778,0.04155482471293817
5205.555555555556,0.0941893822527718
5208.333333333334,0.02720138696874392
5211.111111111111,0.00014933739837887094
5213.88888888889,0.008080378251351536
5216.666666666667,0.004116395744213179
5219.444444444445,0.012400878101749623
5222.222222222223,-0.05317062705444235
5225.000000000001,-0.013052109205339706
5227.777777777778,-0.013178062031275365
5230.555555555556,-0.047982713863731985
5233.333333333333,0.01711699919828085
5236.111111111111,0.013064017383478253
5238.888888888889,0.17508701882602173
5241.666666666667,0.23209835344731747
5244.444444444444,0.4304648104898724
5247.222222222223,0.5968069321003007
5250.0,0.7622095838046021
5252.777777777778,0.9310989581559209
5255.555555555556,1.0093259076970116
5258.333333333334,1.0451690145703063
5261.111111111111,0.9075294696243287
5263.88888888889,0.775985288039415
5266.666666666667,0.66294516930808
5269.444444444445,0.5181612132699455
5272.222222222222,0.3149599115240456
5275.0,0.1325500201761133
5277.777777777777,0.05244608983987983
5280.555555555556,-0.09154678776075405
5283.333333333333,-0.05960639396930962
5286.111111111111,-0.08381031392609828
5288.888888888889,-0.14340375791695456
5291.666666666667,-0.07227019719982986
5294.444444444444,-0.07660011907501872
5297.222222222223,-0.029000690196632678
5300.0,0.04304759942157859
5302.777777777778,-0.027773817749678673
5305.555555555556,0.06244231773601987
5308.333333333334,0.05773993407386351
5311.111111111111,0.08972737107615358
5313.888888888889,0.09512320930536955
5316.666666666666,0.011407664935240737
5319.444444444444,0.05417052987925788
5322.222222222223,0.06389314427557785
5325.0,0.10525045250063636
5327.777777777778,-0.0014781454708519548
5330.555555555556,0.10300527996658794
5333.333333333334,0.026531030075995447
5336.111111111111,0.03218521568428085
5338.88888888889,0.0039938820978496145
5341.666666666667,0.02721825846891001
5344.444444444445,0.031598777403318276
5347.222222222223,0.035952883994044345
5350.000000000001,0.02606519807974679
5352.777777777778,0.06625550446415682
5355.555555555556,0.02252812696886585
5358.333333333333,0.03933998749098544
5361.111111111111,0.06814758941515159
5363.888888888889,0.04715694340397105
5366.666666666667,0.04363317256378864
5369.444444444444,0.05168033240255726
5372.222222222223,0.05215015888830368
5375.0,0.018239668790865977
5377.777777777778,-0.005209825801941563
5380.555555555556,0.03951372697893511
5383.333333333334,0.10696438150566098
5386.111111111111,0.04326948188153404
5388.88888888889,0.09289464336062493
5391.666666666667,0.0635642100148507
5394.444444444445,0.040156304567262
5397.222222222222,0.0351538302149616
5400.0,0.07393955187707604
5402.777777777777,0.06874039154560396
5405.555555555556,0.09913614521675623
5408.333333333333,0.06802975847642823
5411.111111111111,0.013006655930502403
5413.888888888889,0.06359394966538953
5416.666666666667,0.15223454574103834
5419.444444444444,0.036865915785664956
5422.222222222223,0.08114613793476162
5425.0,0.09308700267751902
5427.777777777778,0.07175785637367789
5430.555555555556,0.0993505264970233
5433.333333333334,0.1606104851052016
5436.111111111111,0.17626136912693233
5438.888888888889,0.13880784934560883
5441.666666666667,0.10970593071719673
5444.444444444444,0.15902991125392565
5447.222222222223,0.1077228000258614
5450.0,0.11076980500925726
5452.777777777778,0.17503197564203746
5455.555555555556,0.2181238950297694
5458.333333333334,0.16152517822842413
5461.111111111111,0.18625595687345678
5463.88888888889,0.18311040911981097
5466.666666666667,0.21378645119933798
5469.444444444445,0.20040204758328053
5472.222222222223,0.15681432850976115
5475.000000000001,0.20695260432163476
5477.777777777778,0.21762000453393446
5480.555555555556,0.24964300394777053
5483.333333333333,0.2440062701438441
5486.111111111111,0.2856035504766463
5488.888888888889,0.19338101209051123
5491.666666666667,0.2763489891948284
5494.444444444444,0.22775156271177208
5497.222222222223,0.2820488481699143
5500.0,0.22092376701306288
5502.777777777778,0.2903415180012264
5505.555555555556,0.3427838363527359
5508.333333333334,0.34681494567957216
5511.111111111111,0.2509072433951097
5513.88888888889,0.3419005106808333
5516.666666666667,0.34834602595483005
5519.444444444445,0.2522872417566479
5522.222222222222,0.2812632235199509
5525.0,0.2992252478788153
5527.777777777777,0.28862589046362214
5530.555555555556,0.2580647518291143
5533.333333333333,0.2906734973488626
5536.111111111111,0.26502694144755434
5538.888888888889,0.2721864324348634
5541.666666666667,0.2582315870988906
5544.444444444444,0.2766853544460098
5547.222222222223,0.19247372984063876
5550.0,0.19617811791290843
5552.777777777778,0.27327248182730685
5555.555555555556,0.21140776952540208
5558.333333333334,0.2210966527552072
5561.111111111111,0.16479389996555854
5563.888888888889,0.15910839374154462
5566.666666666667,0.17595059419732823
5569.444444444444,0.2237841317464918
5572.222222222223,0.16642245712105766
5575.0,0.10843820205422652
5577.777777777778,0.11383346482593665
5580.555555555556,0.17445876430918122
5583.333333333334,0.1471595393862794
5586.111111111111,0.11780238895184121
5588.88888888889,0.20132251152263786
5591.666666666667,0.11957504250885832
5594.444444444445,0.11710220219183703
5597.222222222223,0.10582291246039019
5600.000000000001,0.07235542536929901
5602.777777777778,0.09251226232156058
5605.555555555556,0.12448210761059876
5608.333333333333,0.036276556992514815
5611.111111111111,0.048903152666182045
5613.888888888889,0.08774569632610449
5616.666666666667,0.057459198335617453
5619.444444444444,0.10318022329878973
5622.222222222223,0.06984546105308327
5625.0,0.09781616508199213
5627.777777777778,0.04724740557019261
5630.555555555556,0.04820138104695876
5633.333333333334,0.04462255472072538
5636.111111111111,0.11099242239942614
5638.88888888889,0.015037408596597121
5641.666666666667,0.06346890635022712
5644.444444444445,0.026438728504788348
5647.222222222222,0.0607900139468067
5650.0,0.06334711554396882
5652.777777777777,0.015536584588934782
5655.555555555556,0.03927118956933896
5658.333333333333,0.07638525944389303
5661.111111111111,0.0565347743479064
5663.888888888889,0.05787330511686699
5666.666666666667,0.024019002264867223
5669.444444444444,0.08539743482633816
5672.222222222223,0.08365235782157054
5675.0,0.054082184347893025
5677.777777777778,0.04783638533663304
5680.555555555556,0.06054957174130976
5683.333333333334,0.10245054779656468
5686.111111111111,0.01221417864034792
5688.888888888889,0.040802453704500724
5691.666666666667,0.028450885163087976
5694.444444444444,0.05069745100364609
5697.222222222223,0.06285424596426303
5700.0,0.11215177012195743
5702.777777777778,0.14340891362509314
5705.555555555556,0.04350868867259887
5708.333333333334,0.01363444728910497
5711.111111111111,0.05226273104915113
5713.88888888889,0.053797090106298774
5716.666666666667,0.05913211293848324
5719.444444444445,0.06896603037316078
5722.222222222223,0.057834730499198996
5725.000000000001,0.06732188712403822
5727.777777777778,0.06263308976050766
5730.555555555556,0.04375442593361875
5733.333333333333,0.06680610050725916
5736.111111111111,0.06836929509175493
5738.888888888889,0.04488123425080301
5741.666666666667,0.12113602261972617
5744.444444444444,0.06762988312233371
5747.222222222223,0.02945701072135544
5750.0,0.048491726401698534
5752.777777777778,0.05742257639663461
5755.555555555556,0.07979663220031914
5758.333333333334,0.0471621529650052
5761.111111111111,0.041953482358929206
5763.88888888889,0.07306398415726295
5766.666666666667,0.06415831981246797
5769.444444444445,0.0756582402166567
5772.222222222222,0.1140616643652844
5775.0,0.11878382715683394
5777.777777777777,0.04510549115019414
5780.555555555556,0.09520332060747477
5783.333333333333,0.049823805670236386
5786.111111111111,0.05462710279357275
5788.888888888889,0.16005303178165858
5791.666666666667,0.045334798978945864
5794.444444444444,0.0437304771700619
5797.222222222223,-0.004510967669321651
5800.0,0.0687036700044017
5802.777777777778,0.05772747743775298
5805.555555555556,0.06998273127676659
5808.333333333334,0.08773231241626536
5811.111111111111,0.04317805211282997
5813.888888888889,0.07302357926845765
5816.666666666667,0.06733734002373325
5819.444444444444,0.05999611743047443
5822.222222222223,0.05643724611980657
5825.0,0.0910007245766074
5827.777777777778,0.041601716864981014
5830.555555555556,0.01987560263903169
5833.333333333334,-0.018881949652727804
5836.111111111111,0.05277927147578943
5838.88888888889,0.06066260122952591
5841.666666666667,0.055824042107569395
5844.444444444445,0.07285536401895121
5847.222222222223,0.08526949742696417
5850.000000000001,0.05028421543140496
5852.777777777778,0.08957545985066195
5855.555555555556,0.007962082701309395
5858.333333333333,0.08671005681923899
5861.111111111111,0.07297018954718651
5863.888888888889,0.06945197990456156
5866.666666666667,0.0473295518534785
5869.444444444444,0.10814716826029729
5872.222222222223,0.02369897162664221
5875.0,0.0619615462528778
5877.777777777778,-0.00342682376485115
5880.555555555556,0.06898046453707461
5883.333333333334,0.04315481102528705
5886.111111111111,0.05738587375659043
5888.88888888889,0.10571063153091498
5891.666666666667,0.08979354431043984
5894.444444444445,0.027920240491522863
5897.222222222222,0.0941000338906868
5900.0,0.06563723638924145
5902.777777777777,0.08281968786160987
5905.555555555556,0.09010203240062921
5908.333333333333,0.0783510554904508
5911.111111111111,0.10802961053979782
5913.888888888889,0.10945754859654086
5916.666666666667,0.08766118888014239
5919.444444444444,0.18448547133776907
5922.222222222223,0.11384951444829855
5925.0,0.17809806840957837
5927.777777777778,0.08822402901722218
5930.555555555556,0.1443659107853528
5933.333333333334,0.11771347245171247
5936.111111111111,0.12297170757611971
5938.888888888889,0.18689033785461165
5941.666666666667,0.12561825287313727
5944.444444444444,0.1549143911529526
5947.222222222223,0.16982932057594158
5950.0,0.11308361354917375
5952.777777777778,0.1770916947005663
5955.555555555556,0.15674614279429297
5958.333333333334,0.09771100144547828
5961.111111111111,0.0983565010065836
5963.88888888889,0.06333724188345043
5966.666666666667,0.1475007330199294
5969.444444444445,0.14301336823717745
5972.222222222223,0.014485533984666468
5975.000000000001,0.0745186866447126
5977.777777777778,0.01336573628036735
5980.555555555556,0.13041276174089036
5983.333333333333,0.0568131386708637
5986.111111111111,0.08570585910766862
5988.888888888889,0.016504941573781677
5991.666666666667,0.04782056212204047
5994.444444444444,0.06490855813097446
5997.222222222223,0.08682951521776641
6000.0,0.0837999576011214
6002.777777777778,0.023543665666194653
6005.555555555556,-0.0018892886041095985
6008.333333333334,0.029242127200582422
6011.111111111111,0.0883184248154904
6013.88888888889,0.06284808716633236
6016.666666666667,0.0873655798240724
6019.444444444445,0.0781965830419454
6022.222222222222,0.04474557898453049
6025.0,0.08109302911963143
6027.777777777777,0.07433711371694572
6030.555555555556,0.07293923863327521
6033.333333333333,0.005410905096260937
6036.111111111111,0.058979667190327455
6038.888888888889,0.05200119801830416
6041.666666666667,0.07830068204257443
6044.444444444444,0.025407498104671557
6047.222222222223,0.06338068233953706
6050.0,0.05728738473276463
6052.777777777778,0.08433602924551703
6055.555555555556,0.06678813916647756
6058.333333333334,0.08286355176758653
6061.111111111112,0.014935261403847325
6063.888888888889,0.08040116637699309
6066.666666666667,0.08882451267101855
6069.444444444444,0.015996921950581923
6072.222222222223,0.012889341522445925
6075.0,0.026563525977493712
6077.777777777778,0.04088743635435374
6080.555555555556,-0.01376890112279227
6083.333333333334,0.01709020282252521
6086.111111111111,-0.00929260416996765
6088.88888888889,-0.00627910529086733
6091.666666666667,0.0033661118653499286
6094.444444444445,-0.0006180903117848323
6097.222222222223,0.020159668837284848
6100.000000000001,0.09776178351939305
6102.777777777778,0.32757493135538635
6105.555555555556,0.45063961522307194
6108.333333333333,0.5739926048747125
6111.111111111111,0.7266120084903211
6113.888888888889,0.9145339914276646
6116.666666666667,1.0018372542512934
6119.444444444444,1.040320936540279
6122.222222222223,1.062908304945613
6125.0,0.859519294074104
6127.777777777778,0.6888857366767608
6130.555555555556,0.5117092595062673
6133.333333333334,0.34559251642019523
6136.111111111111,0.10910347614997236
6138.88888888889,0.06429180677176341
6141.666666666667,-0.04404582005011569
6144.444444444445,-0.04704432679100812
6147.222222222222,-0.18702782408476765
6150.0,-0.1622530681999582
6152.777777777777,-0.13658759189808184
6155.555555555556,-0.13305271198467183
6158.333333333333,-0.031784479089754736
6161.111111111111,-0.023737134076536118
6163.888888888889,-0.01665441794820849
6166.666666666667,0.02947537995014249
6169.444444444444,0.05312804055691398
6172.222222222223,0.025293330643197248
6175.0,0.06589749003629089
6177.777777777778,0.048769415575920516
6180.555555555556,0.059076962961475715
6183.333333333334,0.014987716367999719
6186.111111111112,0.01451452658645603
6188.888888888889,0.05196893816399702
6191.666666666667,0.04384981865587955
6194.444444444444,0.034650726520980044
6197.222222222223,0.06081594473913773
6200.0,0.008647590043259483
6202.777777777778,0.09101853581316999
6205.555555555556,0.06089239857562013
6208.333333333334,0.02756880398411623
6211.111111111111,0.04508731863899529
6213.88888888889,0.033218814159880504
6216.666666666667,0.05260327103567193
6219.444444444445,0.12682904679504525
6222.222222222223,0.011318072559149454
6225.000000000001,0.05797132842753781
6227.777777777778,0.001155322319761773
6230.555555555556,0.008542643523964492
6233.333333333333,0.041672943182195256
6236.111111111111,0.05108756804889006
6238.888888888889,0.0433900857455885
6241.666666666667,0.041485282008134394
6244.444444444444,-0.017462842597154256
6247.222222222223,0.0008864106034379565
6250.0,0.04326641600283923
6252.777777777778,0.12671512928511108
6255.555555555556,0.1208921985713323
6258.333333333334,0.03449432198348123
6261.111111111111,0.02662316666578215
6263.88888888889,0.02353633662279905
6266.666666666667,0.03896655785549274
6269.444444444445,0.09261538038865778
6272.222222222222,0.06617571089748717
6275.0,0.0473201666278665
6277.777777777777,-0.03972407361702733
6280.555555555556,0.09781546066734903
6283.333333333333,0.03455871888759942
6286.111111111111,0.015672955386426227
6288.888888888889,0.12111358178965143
6291.666666666667,0.04041169379766565
6294.444444444444,0.07566910772313463
6297.222222222223,0.08400849330049193
6300.0,0.04160448018984241
6302.777777777778,0.11521028540988996
6305.555555555556,0.20737921878824694
6308.333333333334,0.06227649484173046
6311.111111111112,0.1232217821549133
6313.888888888889,0.09877508507131826
6316.666666666667,0.06945218055080635
6319.444444444444,0.13335889533051548
6322.222222222223,0.17732754269415857
6325.0,0.17851097835472962
6327.777777777778,0.18422229915224536
6330.555555555556,0.1785126157667341
6333.333333333334,0.2126345686390486
6336.111111111111,0.19584440686067597
6338.88888888889,0.18586367496996864
6341.666666666667,0.1676607216309589
6344.444444444445,0.15665674973713511
6347.222222222223,0.15953216137775839
6350.000000000001,0.20556526371879896
6352.777777777778,0.2650256890983035
6355.555555555556,0.31035918604370666
6358.333333333333,0.2452482428922179
6361.111111111111,0.24924691433044605
6363.888888888889,0.331804770531891
6366.666666666667,0.3230262466071407
6369.444444444444,0.27104503050591533
6372.222222222223,0.23336804800622984
6375.0,0.2260450193961927
6377.777777777778,0.2747670077425074
6380.555555555556,0.2655161122525286
6383.333333333334,0.3123579572041927
6386.111111111111,0.31001161455351667
6388.88888888889,0.29511173074736574
6391.666666666667,0.22864019116164475
6394.444444444445,0.26871375210274967
6397.222222222222,0.27281302761411125
6400.0,0.23454435189220338
6402.777777777777,0.2816859081446336
6405.555555555556,0.16657891079834813
6408.333333333333,0.23079654155310936
6411.111111111111,0.23891481707309245
6413.888888888889,0.1369008429534318
6416.666666666667,0.16488288056598435
6419.444444444444,0.2538830845659624
6422.222222222223,0.22083896667635616
6425.0,0.13439132877560855
6427.777777777778,0.17898813075468534
6430.555555555556,0.1958356766754022
6433.333333333334,0.19376905786514445
6436.111111111112,0.15283697785784056
6438.888888888889,0.12446335207064149
6441.666666666667,0.18499247235439065
6444.444444444444,0.09635558574717465
6447.222222222223,0.12858598371303043
6450.0,0.1200035055923159
6452.777777777778,0.1790076404547017
6455.555555555556,0.11511848114361092
6458.333333333334,0.09440508791265739
6461.111111111111,0.12250857996950104
6463.88888888889,0.12688097262418688
6466.666666666667,0.13842228272439838
6469.444444444445,0.07373448851036973
6472.222222222223,0.13416384429183015
6475.000000000001,0.05991787464280974
6477.777777777778,0.11155682561801872
6480.555555555556,0.020241529367495327
6483.333333333333,0.024155965665587566
6486.111111111111,0.06329748792276155
6488.888888888889,0.11377377516500196
6491.666666666667,0.10327675564819844
6494.444444444444,0.023077011258196587
6497.222222222223,0.051506960801945764
6500.0,0.03353881359263393
6502.777777777778,0.07985348813732626
6505.555555555556,0.11222492207694895
6508.333333333334,0.06450520490545113
6511.111111111111,0.06517134523669403
6513.88888888889,-0.05300006551544509
6516.666666666667,0.08289919704040155
6519.444444444445,0.023083834788514418
6522.222222222222,0.08356587528500953
6525.0,0.05194428455548688
6527.777777777777,-0.03740187651613869
6530.555555555556,0.03992274435302239
6533.333333333333,0.006015058663764391
6536.111111111111,0.1016031885346027
6538.888888888889,0.05189701786685882
6541.666666666667,-0.043606680651151954
6544.444444444444,0.051156437427470315
6547.222222222223,0.019574211164690845
6550.0,0.036795706788342646
6552.777777777778,0.024396609828616363
6555.555555555557,-0.040803701570133154
6558.333333333334,0.014814415387922407
6561.111111111112,0.01147116508223254
6563.888888888889,-0.03422468744886192
6566.666666666667,0.07420289584459513
6569.444444444444,0.004662073717527047
6572.222222222223,-0.011649968604863378
6575.0,0.03288425756027613
6577.777777777778,0.018889267429166794
6580.555555555556,-0.0006892162941177279
6583.333333333334,0.004645479433468606
6586.111111111111,-0.01636039635447051
6588.88888888889,0.06021156109550184
6591.666666666667,0.07622045256629115
6594.444444444445,0.06885506899433529
6597.222222222223,0.021053260225342794
6600.000000000001,-0.021746674586193223
6602.777777777778,-0.002423671613674662
6605.555555555556,-0.00922661469764733
6608.333333333333,-0.04829359830281764
6611.111111111111,-0.0010755108393435305
6613.888888888889,-0.025922166148043553
6616.666666666667,0.0366252321259008
6619.444444444444,-0.04350661607611025
6622.222222222223,0.01353199349842428
6625.0,-0.0027885799757943475
6627.777777777778,0.0308676383244963
6630.555555555556,0.008240284765746658
6633.333333333334,0.06818570025580702
6636.111111111111,0.06581337970913541
6638.88888888889,0.04304707371964703
6641.666666666667,0.04043241008573859
6644.444444444445,0.050789028667912045
6647.222222222222,-0.029365918469337948
6650.0,0.016707784802753794
6652.777777777777,-0.008155341898420203
6655.555555555556,0.005042708292744981
6658.333333333333,0.04679641181751186
6661.111111111111,0.0384657358073298
6663.888888888889,0.08224090787711225
6666.666666666667,0.07697645225468697
6669.444444444444,0.008937593531120773
6672.222222222223,0.1037734812142338
6675.0,0.08247378321414425
6677.777777777778,0.06178605704866953
6680.555555555557,0.03176316432955688
6683.333333333334,0.12504039988132723
6686.111111111112,0.15244042741261654
6688.888888888889,0.04709795905797633
6691.666666666667,0.06414965619441698
6694.444444444444,0.07281625835203029
6697.222222222223,0.10411230019244277
6700.0,0.10595542171366568
6702.777777777778,0.11174435470682123
6705.555555555556,0.1319226256697919
6708.333333333334,0.013743554455480533
6711.111111111111,0.09699723747061982
6713.88888888889,0.11916897618549827
6716.666666666667,0.05969253255525271
6719.444444444445,0.12771456091511554
6722.222222222223,0.08914106709159816
6725.000000000001,0.045627919211062205
6727.777777777778,-0.01209749122971035
6730.555555555556,0.029748777604978183
6733.333333333333,0.04063632030956915
6736.111111111111,0.057334434933286306
6738.888888888889,0.06009392127542445
6741.666666666667,0.06257454773545362
6744.444444444444,-0.023699169766543075
6747.222222222223,0.02513214176875936
6750.0,0.007739449549019997
6752.777777777778,0.054209202315505065
6755.555555555556,0.03791065803977701
6758.333333333334,-0.06260982352169099
6761.111111111111,0.0446711919180372
6763.88888888889,0.0033850511282296257
6766.666666666667,-0.024155131804495265
6769.444444444445,0.10171710643362356
6772.222222222222,-0.010830384272193919
6775.0,-0.01622972595732423
6777.777777777777,-0.08329210140453604
6780.555555555556,-0.044667524590921104
6783.333333333333,-0.007345755710168478
6786.111111111111,0.0008985046242548644
6788.888888888889,-0.057026148034583224
6791.666666666667,0.034644708714253666
6794.444444444444,0.0036346732570889627
6797.222222222223,0.006172957299305561
6800.0,0.009197697821868812
6802.777777777778,0.03344601236301309
6805.555555555557,0.045929783923891424
6808.333333333334,0.06544173707913083
6811.111111111112,0.0069741844616265595
6813.888888888889,-0.06987731929879736
6816.666666666667,-0.011911733760082121
6819.444444444444,0.02393505495014113
6822.222222222223,-0.038960647871103836
6825.0,0.08935761081716583
6827.777777777778,0.03399107156158302
6830.555555555556,-0.029349924267594044
6833.333333333334,-0.018908329670157764
6836.111111111111,0.030166401066026007
6838.88888888889,0.0383899841574555
6841.666666666667,-0.07206324792467891
6844.444444444445,-0.02093190136110644
6847.222222222223,-0.028346766072094152
6850.000000000001,-0.07663061412202371
6852.777777777778,-0.04547515526663728
6855.555555555556,-0.06372025060481526
6858.333333333333,-0.0675192962930777
6861.111111111111,-0.05772812168150766
6863.888888888889,-0.03934956250896757
6866.666666666667,0.06383344889034923
6869.444444444444,0.24998621115031408
6872.222222222223,0.3652778199282136
6875.0,0.5604180312531161
6877.777777777778,0.7839809186485963
6880.555555555556,0.8281575817635969
6883.333333333334,1.0306306728987626
6886.111111111111,0.9577732231968349
6888.88888888889,0.8970234260289175
6891.666666666667,0.7895863988158437
6894.444444444445,0.5935263276343593
6897.222222222222,0.42642751732343454
6900.0,0.26621490271977144
6902.777777777777,0.08652626960541322
6905.555555555556,-0.023045555893478745
6908.333333333333,-0.08710330234308639
6911.111111111111,-0.12794595146529436
6913.888888888889,-0.16403715786042677
6916.666666666667,-0.2431726194282038
6919.444444444444,-0.14933011899661683
6922.222222222223,-0.164018840834171
6925.0,-0.10106440940603911
6927.777777777778,-0.11192599070173667
6930.555555555557,-0.08145892996971828
6933.333333333334,0.010883218110901746
6936.111111111112,-0.032406056611843675
6938.888888888889,-0.08349446333400784
6941.666666666667,0.006558236017768868
6944.444444444444,-0.07009231314343417
6947.222222222223,-0.004196501970663888
6950.0,-0.0321809131514592
6952.777777777778,0.03276576816074598
6955.555555555556,0.005909331165477255
6958.333333333334,-0.000535079952995076
6961.111111111111,-0.00403616642170063
6963.88888888889,-0.012648186709154107
6966.666666666667,0.05353174834414083
6969.444444444445,0.036614800284195115
6972.222222222223,-0.0069819102783717155
6975.000000000001,-0.11442855726767676
6977.777777777778,0.011481125732209517
6980.555555555556,-0.022786675341000845
6983.333333333333,-0.0015611053949509002
6986.111111111111,-0.0703645704886434
6988.888888888889,-0.07890347409266606
6991.666666666667,-0.024204359933844517
6994.444444444444,0.021663263225058037
6997.222222222223,0.036747466497159445
7000.0,0.011102924222939636
7002.777777777778,-0.030895277055655333
7005.555555555556,-0.03524635217330287
7008.333333333334,0.02652492307502357
7011.111111111111,-0.031713108413567656
7013.88888888889,-0.039491877387330926
7016.666666666667,-0.022335928661777117
7019.444444444445,0.0012699684470684628
7022.222222222222,0.02059972538532681
7025.0,-0.12019295784543582
7027.777777777777,-0.036308192064783924
7030.555555555556,-0.0008986734816564257
7033.333333333333,0.019714710404709575
7036.111111111111,0.06239700203712823
7038.888888888889,-0.05259971989789809
7041.666666666667,-0.03082248417170968
7044.444444444444,0.04397995104658842
7047.222222222223,0.019706624932896308
7050.000000000001,0.0007012447039268475
7052.777777777778,0.02462848211878135
7055.555555555557,0.06111072673013555
7058.333333333334,0.03483107396004895
7061.111111111112,0.03257663942862751
7063.888888888889,-0.031110537171837968
7066.666666666667,-0.032797832777348046
7069.444444444444,0.09929356506338151
7072.222222222223,0.06581997614755633
7075.0,0.06409653647418859
7077.777777777778,0.09188352603384187
7080.555555555556,0.022035634813571008
7083.333333333334,0.07194438882830095
7086.111111111111,0.11343898523791933
7088.88888888889,0.11181957505995313
7091.666666666667,0.06091993096233249
7094.444444444445,0.05335037894851546
7097.222222222223,0.11029421580393235
7100.000000000001,0.08170342339229722
7102.777777777778,0.24019656902146946
7105.555555555556,0.17044199032082658
7108.333333333333,0.19654504166523692
7111.111111111111,0.1264619746391925
7113.888888888889,0.19783084375580037
7116.666666666667,0.2153597167501897
7119.444444444444,0.18796868708387085
7122.222222222223,0.2149400962609425
7125.0,0.20437124035044732
7127.777777777778,0.2054644241595718
7130.555555555556,0.14689432026999477
7133.333333333334,0.2202306186510076
7136.111111111111,0.19121118132126755
7138.88888888889,0.2247836049814872
7141.666666666667,0.2711155856808654
7144.444444444445,0.22139773251177985
7147.222222222222,0.16079399801209984
7150.0,0.23255682801908759
7152.777777777777,0.24786516940579562
7155.555555555556,0.2501309013090968
7158.333333333333,0.20181589219220544
7161.111111111111,0.13351292927763547
7163.888888888889,0.22408415185880587
7166.666666666667,0.2047466117117372
7169.444444444444,0.1889808438381578
7172.222222222223,0.13240209940687742
7175.000000000001,0.1517054157744434
7177.777777777778,0.2008512815975933
7180.555555555557,0.14624758006948255
7183.333333333334,0.11892280204964041
7186.111111111112,0.14713601446338914
7188.888888888889,0.10022367126058172
7191.666666666667,0.11536364654461317
7194.444444444444,0.12467523145673903
7197.222222222223,0.08228620367200647
7200.0,0.09364064820642268
7202.777777777778,0.03375196715505023
7205.555555555556,0.06264261061714141
7208.333333333334,0.0229597322788061
7211.111111111111,-0.021666760208953306
7213.88888888889,0.06435164673009436
7216.666666666667,0.03353778552752878
7219.444444444445,0.09592538191485891
7222.222222222223,0.05214032373336226
7225.000000000001,0.04319215774759185
7227.777777777778,-0.04185367329133372
7230.555555555556,0.007274644704748843
7233.333333333333,-0.020211706854017165
7236.111111111111,-0.0036955457128353617
7238.888888888889,0.0536726522788315
7241.666666666667,0.013939734414586017
7244.444444444444,-0.006048255522663741
7247.222222222223,0.009336762009274129
7250.0,0.04056229610163573
7252.777777777778,0.02509900172390288
7255.555555555556,-0.019210781801962132
7258.333333333334,0.033680081944411105
7261.111111111111,0.0018563152224547047
7263.88888888889,0.017272089345270733
7266.666666666667,-0.010798611691467546
7269.444444444445,-0.05651369738239335
7272.222222222222,-0.04842643292976237
7275.0,-0.05474508807302819
7277.777777777777,-0.020015041184363553
7280.555555555556,0.0010678871127940623
7283.333333333333,-0.09401585633342995
7286.111111111111,-0.01991505034201698
7288.888888888889,-0.006732563699836502
7291.666666666667,-0.04642247731357004
7294.444444444444,-0.10668793088286635
7297.222222222223,-0.03059575586849652
7300.000000000001,-0.02758718311080051
7302.777777777778,-0.06688493215231345
7305.555555555557,0.003454443948205866
7308.333333333334,-0.08495118106024949
7311.111111111112,-0.03173438966152295
7313.888888888889,-0.09092454078142301
7316.666666666667,-0.013610261697972515
7319.444444444444,0.03230131822500975
7322.222222222223,-0.02524734860702049
7325.0,-0.05396840547746888
7327.777777777778,-0.07227829575100994
7330.555555555556,-0.03997328843861736
7333.333333333334,-0.0638259225565365
7336.111111111111,-0.017082527375038056
7338.88888888889,0.012900091166424838
7341.666666666667,-0.058349168198726126
7344.444444444445,-0.08274348864362195
7347.222222222223,-0.02735397451863795
7350.000000000001,-0.05957960494793242
7352.777777777778,-0.06817350358066473
7355.555555555556,-0.035263816667174694
7358.333333333333,-0.08095347097441047
7361.111111111111,-0.06639705607213574
7363.888888888889,-0.07458329555743988
7366.666666666667,-0.037224505160991454
7369.444444444444,-0.042224686134210765
7372.222222222223,-0.01067600975984058
7375.0,0.02495050934071704
7377.777777777778,-0.0261958051543281
7380.555555555556,-0.008592745884114766
7383.333333333334,-0.10328615569437408
7386.111111111111,-0.046603914089858346
7388.88888888889,-0.05943057889151082
7391.666666666667,-0.0840402093417202
7394.444444444445,-0.03525270063030438
7397.222222222222,-0.11647440718466336
7400.0,-0.10004139135056205
7402.777777777777,-0.06229449598086846
7405.555555555556,-0.024870213658232495
7408.333333333333,-0.03820533471877968
7411.111111111111,-0.038252013650787155
7413.888888888889,-0.052579080515065824
7416.666666666667,-0.04746133689375686
7419.444444444444,-0.017098346533334273
7422.222222222223,-0.04070042110954437
7425.000000000001,0.01570948881148628
7427.777777777778,-0.0859844783351369
7430.555555555557,-0.09499468185773527
7433.333333333334,-0.06559840613374429
7436.111111111112,0.0033559081307304936
7438.888888888889,-0.04918086704205081
7441.666666666667,-0.10867464876621703
7444.444444444444,0.03546684602424222
7447.222222222223,-0.09613512542068385
7450.0,-0.10490875446386645
7452.777777777778,-0.03821393351157338
7455.555555555556,0.017227696500179468
7458.333333333334,-0.01292834725231258
7461.111111111111,-0.004713149139583123
7463.88888888889,-0.0693327417042881
7466.666666666667,0.04856861022886115
7469.444444444445,-0.020771195825326858
7472.222222222223,-0.04001404439264234
7475.000000000001,0.005874553691325807
7477.777777777778,0.04188380528957309
7480.555555555556,-0.07300085547434518
7483.333333333333,-0.055120765341486605
7486.111111111111,-0.05266652166707297
7488.888888888889,-0.007005142996916763
7491.666666666667,-0.061398130773674085
7494.444444444444,-0.02187515811564609
7497.222222222223,-0.0671076504868291
7500.0,-0.07392736635571659
7502.777777777778,-0.0635312554265044
7505.555555555556,-0.06734099494674643
7508.333333333334,-0.005252500143241183
7511.111111111111,-0.042862139086275564
7513.88888888889,-0.01283068782971495
7516.666666666667,-0.11935289152356383
7519.444444444445,0.002718021751791415
7522.222222222222,-0.026325650815578316
7525.0,-0.025842289275916846
7527.777777777777,-0.013856376579109972
7530.555555555556,-0.04061128907937717
7533.333333333333,-0.03264831977163701
7536.111111111111,0.019119025199665594
7538.888888888889,-0.028896441187715772
7541.666666666667,-0.03254147312179641
7544.444444444445,-0.01866014730670392
7547.222222222223,-0.08986957455268525
7550.000000000001,-0.023528365328019118
7552.777777777778,0.03975967543353785
7555.555555555557,-0.030435509079947576
7558.333333333334,0.010338487137984999
7561.111111111112,-0.07854715201785581
7563.888888888889,0.0009663805756938634
7566.666666666667,-0.0018325160862513942
7569.444444444444,0.06368536651437676
7572.222222222223,0.01315750796617789
7575.0,0.08275392472187187
7577.777777777778,0.016515073816770184
7580.555555555556,0.00966381029400861
7583.333333333334,0.0669867262662304
7586.111111111111,0.06556130361913798
7588.88888888889,-0.02956965317522082
7591.666666666667,0.08311152480307157
7594.444444444445,-0.02297267527277326
7597.222222222223,0.06884697240918738
7600.000000000001,0.083803052423704
7602.777777777778,0.019414881037163188
7605.555555555556,-0.014992169480303984
7608.333333333333,0.05900885561260769
7611.111111111111,-0.01652714883813966
7613.888888888889,-0.005464229785934595
7616.666666666667,-0.035777661700101326
7619.444444444444,-0.06564874187357116
7622.222222222223,0.010128276150605488
7625.0,-0.0038402604638508933
7627.777777777778,-0.05999445821393108
7630.555555555556,-0.10227194527634015
7633.333333333334,-0.0040394068982531756
7636.111111111111,-0.054516341953644826
7638.88888888889,-0.10211150321300608
7641.666666666667,-0.07839716162203769
7644.444444444445,-0.06099747468508254
7647.222222222222,-0.061290963314930384
7650.0,-0.0570868313852773
7652.777777777777,-0.05971877159291156
7655.555555555556,-0.011233670920134789
7658.333333333333,0.04319510869261389
7661.111111111111,-0.14884227363699995
7663.888888888889,0.007413870165235509
7666.666666666667,-0.0655674263160736
7669.444444444445,-0.060143877296954924
7672.222222222223,0.015353681366339807
7675.000000000001,-0.06581243345317893
7677.777777777778,-0.08577433513752449
7680.555555555557,-0.09510057087559587
7683.333333333334,-0.07052576902416811
7686.111111111112,-0.10214109320739582
7688.888888888889,-0.05085624404661128
7691.666666666667,-0.044167449749391664
7694.444444444444,-0.0010638427619834995
7697.222222222223,-0.07317518391710609
7700.0,-0.07446432738423488
7702.777777777778,-0.08027000001603046
7705.555555555556,-0.08572430119786767
7708.333333333334,-0.05011866367570136
7711.111111111111,-0.0893725241408635
7713.88888888889,-0.0697095875498338
7716.666666666667,-0.11310588566899421
7719.444444444445,-0.033885431558193596
7722.222222222223,-0.02259322106577755
7725.000000000001,-0.0944638177556751
7727.777777777778,-0.034732967810311925
7730.555555555556,-0.13544621716978444
7733.333333333333,-0.07501736047165303
7736.111111111111,-0.048156851819949234
7738.888888888889,-0.08271033958446072
7741.666666666667,-0.1115439220751656
7744.444444444444,-0.17828993886529082
7747.222222222223,-0.07384325503913583
7750.0,-0.02591385371973457
7752.777777777778,0.0626449732116672
7755.555555555556,0.13863604150533523
7758.333333333334,0.3221194590079474
7761.111111111111,0.481682218619617
7763.88888888889,0.6697887725935227
7766.666666666667,0.7375632324132481
7769.444444444445,0.976193054385393
7772.222222222222,1.0102198060563317
7775.0,0.9087853159980059
7777.777777777777,0.7714239032130014
7780.555555555556,0.5380226931116862
7783.333333333333,0.4096434431383337
7786.111111111111,0.20875152995462817
7788.888888888889,0.0469898677999523
7791.666666666667,-0.06235295740231367
7794.444444444445,-0.21584980360573044
7797.222222222223,-0.20230301894878905
7800.000000000001,-0.18961583260605158
7802.777777777778,-0.19579689147778134
7805.555555555557,-0.25689395190323033
7808.333333333334,-0.2774554897453667
7811.111111111112,-0.1784415484717734
7813.888888888889,-0.18914437571960385
7816.666666666667,-0.06280247385096852
7819.444444444444,-0.12855054220400372
7822.222222222223,-0.01428578876072447
7825.0,-0.09432346961925804
7827.777777777778,-0.17031124244031115
7830.555555555556,-0.025818110807293446
7833.333333333334,-0.0745175420043632
7836.111111111111,-0.02903952141334156
7838.88888888889,-0.10617815931486976
7841.666666666667,-0.045601488599655085
7844.444444444445,-0.06076342115019073
7847.222222222223,-0.05153608218544271
7850.000000000001,-0.06519599275114012
7852.777777777778,-0.02587296323842693
7855.555555555556,-0.06361526940905204
7858.333333333333,-0.07530423585905954
7861.111111111111,-0.10711754668424109
7863.888888888889,-0.07304081337448559
7866.666666666667,-0.07657282183584331
7869.444444444444,-0.023395887747271214
7872.222222222223,-0.04635922018055041
7875.0,0.005420307888716426
7877.777777777778,-0.06472023560926254
7880.555555555556,-0.04810598840127753
7883.333333333334,-0.08393697347199204
7886.111111111111,-0.02463541434953375
7888.88888888889,0.015392284990679683
7891.666666666667,-0.12785386738403715
7894.444444444445,0.02317091574095609
7897.222222222222,-0.08459342725913538
7900.0,-0.06424677370955058
7902.777777777777,-0.002634612214902479
7905.555555555556,-0.04832898815425021
7908.333333333333,0.007228164893397115
7911.111111111111,-0.08187896492988883
7913.888888888889,-0.08148912002993969
7916.666666666667,-0.07902122679655625
7919.444444444445,-0.05124324487445506
7922.222222222223,-0.08868962016102253
7925.000000000001,0.009661070704214285
7927.777777777778,-0.13489464408389099
7930.555555555557,-0.04067563847432835
7933.333333333334,-0.07594361989782868
7936.111111111112,-0.1061004466913282
7938.888888888889,-0.027271784643436173
7941.666666666667,-0.09513531227127728
7944.444444444444,-0.011041370227232672
7947.222222222223,-0.04376333154502465
7950.0,0.005425608831777038
7952.777777777778,-0.024489965896103694
7955.555555555556,0.04145709572574332
7958.333333333334,0.03964800846839145
7961.111111111111,-0.006818975866094017
7963.88888888889,-0.06114904351681752
7966.666666666667,0.03874387401427962
7969.444444444445,0.031748628107730346
7972.222222222223,0.07330357881421853
7975.000000000001,0.09558644332934516
7977.777777777778,0.029861733199352133
7980.555555555556,-0.015291504991339439
7983.333333333333,0.020291180014614593
7986.111111111111,0.0673873387958737
7988.888888888889,0.11308745138872742
7991.666666666667,0.09709789805374527
7994.444444444444,0.10476269600875834
7997.222222222223,0.16183005065922915
8000.0,0.11572986362635332
8002.777777777778,0.15924652322039026
8005.555555555557,0.2223747328593824
8008.333333333333,0.1632842127619748
8011.111111111111,0.13258347345552662
8013.88888888889,0.16818470394420193
8016.666666666668,0.2202469329464089
8019.444444444444,0.1962332358223022
8022.222222222222,0.18400049329466256
8025.0,0.08745736754092667
8027.777777777778,0.16078308906113323
8030.555555555555,0.16800924037894288
8033.333333333333,0.18265198479506226
8036.111111111111,0.15564007379736383
8038.88888888889,0.1891364738126894
8041.666666666668,0.20525390254050732
8044.444444444444,0.23752560613638102
8047.222222222223,0.09750408710837882
8050.000000000001,0.1361081453802947
8052.777777777779,0.17487341827618622
8055.555555555556,0.11141554721782315
8058.333333333334,0.1721100018641828
8061.111111111112,0.049818618699915065
8063.88888888889,0.09428433917618394
8066.666666666666,0.09051521126907776
8069.444444444444,0.1688878173428756
8072.222222222223,0.06103882712270254
8075.000000000001,0.11600980370527181
8077.777777777777,0.07036618696070697
8080.555555555556,0.06966991050138362
8083.333333333334,0.012370708011720945
8086.111111111112,0.10648247743761599
8088.888888888889,0.11717859410721497
8091.666666666667,0.056234484181095334
8094.444444444445,-0.02898286215784688
8097.2222222222235,0.010051167986233697
8100.0,-0.011352000386133113
8102.777777777778,0.07846361401767676
8105.555555555556,-0.023596488738974124
8108.333333333334,-0.04362692095024439
8111.11111111111,0.011945029412253158
8113.888888888889,-0.02513127597099151
8116.666666666667,-0.02716360270883208
8119.444444444445,0.010578020911843233
8122.222222222222,0.025699239796920112
8125.0,-0.051733767778895746
8127.777777777778,-0.055736793192414
8130.555555555557,-0.04005014336284194
8133.333333333333,-0.08902565162101311
8136.111111111111,-0.06332418529020423
8138.88888888889,-0.04887552113396858
8141.666666666668,-0.13846599155221623
8144.444444444444,-0.053143692123137035
8147.222222222222,-0.05129482030239117
8150.0,-0.0006668744560565376
8152.777777777778,0.00349814806615438
8155.555555555555,-0.10406652214139817
8158.333333333333,-0.06968528673340474
8161.111111111111,-0.04079832047299259
8163.88888888889,-0.09980341856882238
8166.666666666668,-0.07506125112510784
8169.444444444444,-0.05252773677335563
8172.222222222223,-0.05525784099908154
8175.000000000001,-0.03744573289209367
8177.777777777779,-0.11654513136809858
8180.555555555556,-0.08425452516565723
8183.333333333334,-0.03641439095248393
8186.111111111112,-0.07269861241346132
8188.88888888889,-0.00012729004739293198
8191.666666666666,-0.08169316346948835
8194.444444444445,-0.08785909717685819
8197.222222222223,-0.12123558653829986
8200.000000000002,-0.036394203636788795
8202.777777777777,-0.1310486307676358
8205.555555555557,-0.044797517019666104
8208.333333333334,-0.06558641549336065
8211.111111111111,-0.03180342940129938
8213.888888888889,-0.01936044955268256
8216.666666666666,-0.07053142857976342
8219.444444444445,-0.001905416187115254
8222.222222222223,-0.033598126266536
8225.0,-0.08135103190264055
8227.777777777777,-0.07236543324284184
8230.555555555557,-0.10470307435549484
8233.333333333334,-0.06220016365618937
8236.111111111111,-0.09656991580284785
8238.888888888889,-0.04228498561202339
8241.666666666668,-0.01557934672443418
8244.444444444445,-0.11527455855794491
8247.222222222223,-0.05149295789863981
8250.0,-0.03958093469984547
8252.777777777777,-0.02519889367575932
8255.555555555557,-0.03602587368128417
8258.333333333332,-0.050256316932057725
8261.111111111111,-0.09316979531619012
8263.888888888889,-0.1136173021458936
8266.666666666668,-0.08619476953450067
8269.444444444443,0.03901624434673727
8272.222222222223,-0.10327429502203998
8275.0,-0.07627699487324797
8277.77777777778,-0.006890960831064878
8280.555555555555,-0.030278080275026112
8283.333333333334,-0.08471862186279489
8286.111111111111,-0.0775897694182538
8288.88888888889,-0.046696315306993454
8291.666666666668,-0.08711529641376933
8294.444444444443,-0.08582311621527469
8297.222222222223,-0.04374810463993208
8300.0,-0.07400301332733031
8302.77777777778,-0.103334992348222
8305.555555555555,-0.0032980719421565677
8308.333333333334,-0.08791491652482683
8311.111111111111,-0.04067252012302458
8313.88888888889,-0.0957545700764095
8316.666666666666,-0.07848335897027307
8319.444444444445,-0.03545355824496524
8322.222222222223,0.044949426577428946
8325.000000000002,-0.10053265262488728
8327.777777777777,-0.05620393486867739
8330.555555555557,-0.020338357008288406
8333.333333333334,-0.07876926152295285
8336.111111111111,-0.047767490276513364
8338.888888888889,-0.054399391379698514
8341.666666666666,-0.07489321135653067
8344.444444444445,-0.11253702230860488
8347.222222222223,-0.05522535536638812
8350.0,0.002839628990259066
8352.777777777777,-0.03458828099826979
8355.555555555557,-0.08481779786077737
8358.333333333334,-0.028204551960768678
8361.111111111111,-0.023627661779992974
8363.888888888889,-0.031593275167273636
8366.666666666668,-0.03932506962935082
8369.444444444445,-0.09946748740320041
8372.222222222223,-0.005819352517868234
8375.0,0.07644030837107864
8377.777777777777,-0.08067756204951931
8380.555555555557,-0.08223759206852703
8383.333333333332,-0.07361180948605271
8386.111111111111,-0.039217353962821326
8388.888888888889,-0.07936606486899062
8391.666666666668,-0.045314484510392314
8394.444444444443,-0.04778666009731517
8397.222222222223,-0.005938760339331474
8400.0,0.0009897218695270465
8402.77777777778,0.0011653881488797035
8405.555555555555,-0.10162169987408208
8408.333333333334,-0.08089554397781104
8411.111111111111,-0.02724688016163266
8413.88888888889,-0.09438535023530287
8416.666666666668,0.020023810333845288
8419.444444444443,-0.011526549395450161
8422.222222222223,0.007030603795900715
8425.0,0.0216210156344933
8427.77777777778,-0.012211644548802053
8430.555555555555,0.008170291415366637
8433.333333333334,-0.051746986680541986
8436.111111111111,-0.001015977680149889
8438.88888888889,0.015321355553017203
8441.666666666666,0.009749858241911515
8444.444444444445,0.08053229959790963
8447.222222222223,0.024166515638163518
8450.000000000002,0.11878776653446879
8452.777777777777,-0.01985233078463783
8455.555555555557,0.036391747901386856
8458.333333333334,0.03395855980895612
8461.111111111111,0.06228540247126002
8463.888888888889,0.03200413300856099
8466.666666666666,0.05262031816437765
8469.444444444445,0.07287693077628199
8472.222222222223,0.011855005254801907
8475.0,-0.02718556266301169
8477.777777777777,0.08021865002267889
8480.555555555557,-0.051960179630140886
8483.333333333334,-0.009709683503432195
8486.111111111111,0.01324173046510722
8488.888888888889,-0.015020329846980846
8491.666666666668,-0.004265629428791086
8494.444444444445,-0.01422858471288526
8497.222222222223,-0.013650287200959725
8500.0,0.0066371505688685925
8502.777777777777,-0.03423167036099515
8505.555555555557,-0.0120995870044435
8508.333333333332,-0.010380017940015685
8511.111111111111,-0.08842737795807282
8513.888888888889,-0.024328106391732364
8516.666666666668,-0.03185644613542342
8519.444444444443,-0.027804893554771424
8522.222222222223,-0.022574510569071934
8525.0,0.021335682518036213
8527.77777777778,-0.09933678058203033
8530.555555555555,-0.031492937985411085
8533.333333333334,-0.09439650397915442
8536.111111111111,-0.07385268379790855
8538.88888888889,-0.03472140150667042
8541.666666666668,-0.0673454441999193
8544.444444444443,-0.03335334290557028
8547.222222222223,-0.03771631663948173
8550.0,-0.010839120304323983
8552.77777777778,-0.08764411300723048
8555.555555555555,-0.0370034404144197
8558.333333333334,-0.035113969794572625
8561.111111111111,-0.00937948034558609
8563.88888888889,-0.062045812015413926
8566.666666666666,-0.05773548583959928
8569.444444444445,0.003122730793592616
8572.222222222223,-0.06335707878048433
8575.000000000002,-0.028565909996970035
8577.777777777777,-0.057395695074944915
8580.555555555557,-0.031156892422115487
8583.333333333334,-0.06329227834073968
8586.111111111111,-0.07476934961906898
8588.888888888889,-0.08048204406171869
8591.666666666666,-0.03762699576092823
8594.444444444445,-0.05190603135840392
8597.222222222223,-0.10593188769065513
8600.0,-0.1782894884359454
8602.777777777777,-0.06727626745508045
8605.555555555557,-0.03966192830451341
8608.333333333334,-0.09874760894452543
8611.111111111111,-0.06909941409380141
8613.888888888889,0.10357345223258752
8616.666666666668,0.2157943596306737
8619.444444444445,0.42217233235149043
8622.222222222223,0.5652320435446323
8625.0,0.7673622200836985
8627.777777777777,0.895687229254608
8630.555555555557,0.9611220748219411
8633.333333333332,0.8885735434071378
8636.111111111111,0.9519650166829644
8638.888888888889,0.7605796377932336
8641.666666666668,0.5641133288396458
8644.444444444443,0.3649027846493477
8647.222222222223,0.2101153829170257
8650.0,0.06606303222275961
8652.77777777778,-0.09487068824337952
8655.555555555555,-0.12858042207015205
8658.333333333334,-0.14968694929427925
8661.111111111111,-0.23085003706692675
8663.88888888889,-0.1663057217647759
8666.666666666668,-0.18006774801210162
8669.444444444443,-0.1612703318465778
8672.222222222223,-0.09668937873919276
8675.0,-0.10633000286960559
8677.77777777778,-0.05578645535302941
8680.555555555555,-0.1040924584046182
8683.333333333334,-0.04070501323222096
8686.111111111111,-0.06451745792215458
8688.88888888889,-0.061103649502070964
8691.666666666666,-0.003866017258814851
8694.444444444445,-0.03139319703827619
8697.222222222223,-0.03131257362589795
8700.000000000002,-0.04487577270873163
8702.777777777777,-0.03805818033066378
8705.555555555557,0.02700571152829894
8708.333333333334,-0.04148232282290022
8711.111111111111,-0.08693423995793818
8713.888888888889,-0.060195410744314184
8716.666666666666,-0.040343297021292836
8719.444444444445,-0.04858918916363256
8722.222222222223,0.020654554826044592
8725.0,-0.11181872043153547
8727.777777777777,-0.028511090995420665
8730.555555555557,-0.0619001997924135
8733.333333333334,-0.03516343371283848
8736.111111111111,-0.06637659483535195
8738.888888888889,-0.04181339992426972
8741.666666666668,-0.012961087007350002
8744.444444444445,-0.05136614581363607
8747.222222222223,-0.05099964173243479
8750.0,0.013005847497787833
8752.777777777777,-0.011548043528157453
8755.555555555557,0.00041124001596565957
8758.333333333332,-0.006744465481865948
8761.111111111111,0.000959153051862914
8763.888888888889,-0.04624618221506812
8766.666666666668,0.018835833896105974
8769.444444444443,-0.02430516051226675
8772.222222222223,0.010909569345980715
8775.0,0.005158537325177372
8777.77777777778,-0.011351482802423984
8780.555555555555,-0.042454026071665193
8783.333333333334,-0.027741335461090796
8786.111111111111,-0.010293741309807003
8788.88888888889,-0.0014487238680687868
8791.666666666668,-0.00023437653540536252
8794.444444444443,-0.07020921369837371
8797.222222222223,0.012558322522920707
8800.0,0.0737217407584454
8802.77777777778,-0.0033637550170180393
8805.555555555555,0.07775009660597101
8808.333333333334,0.08128423228376105
8811.111111111111,0.03789732587362116
8813.88888888889,-0.01701430716336646
8816.666666666666,0.07436410481207725
8819.444444444445,0.0361302121397727
8822.222222222223,0.07015445635953742
8825.000000000002,0.07331385746844596
8827.777777777777,0.07066534934706792
8830.555555555557,0.0717904512771478
8833.333333333334,0.0731171327934505
8836.111111111111,0.1258249590015716
8838.888888888889,0.06985781079892003
8841.666666666666,0.09898931406623684
8844.444444444445,0.11353695847498842
8847.222222222223,0.08469246607693584
8850.0,0.12505226006928655
8852.777777777777,0.19972421801847606
8855.555555555557,0.2118573739135572
8858.333333333334,0.21006263244938878
8861.111111111111,0.1689372646947137
8863.888888888889,0.088383829044438
8866.666666666668,0.2132425794565922
8869.444444444445,0.14088619826157378
8872.222222222223,0.2081731824133149
8875.0,0.2443785854003113
8877.777777777777,0.18814408966025417
8880.555555555557,0.17175519004913337
8883.333333333332,0.21833903853411615
8886.111111111111,0.2694308805106247
8888.888888888889,0.2744564996161645
8891.666666666668,0.22827380799947655
8894.444444444443,0.20471118730629992
8897.222222222223,0.1949997782290021
8900.0,0.1901981675793633
8902.77777777778,0.19859736131917022
8905.555555555557,0.193296792071118
8908.333333333334,0.18070571811756864
8911.111111111111,0.17002439069813577
8913.88888888889,0.13402575785525572
8916.666666666668,0.17372834930950534
8919.444444444443,0.2285735282822942
8922.222222222223,0.18652245251718433
8925.0,0.1698981721020247
8927.77777777778,0.20857002838631228
8930.555555555555,0.14111056761599766
8933.333333333334,0.11577916695282789
8936.111111111111,0.12463390991357239
8938.88888888889,0.18569659947480596
8941.666666666666,0.15213047256227452
8944.444444444445,0.10703378728775116
8947.222222222223,0.12776426337314145
8950.000000000002,0.12492585472084372
8952.777777777777,0.09286468463703113
8955.555555555557,0.1306859002394797
8958.333333333334,0.0745413630840649
8961.111111111111,0.03929828970299214
8963.888888888889,0.03528150654732482
8966.666666666666,0.04877373777678706
8969.444444444445,0.08555441474370873
8972.222222222223,0.10379592845094701
8975.0,0.05666375032504174
8977.777777777777,0.04030375922992214
8980.555555555557,0.022251407287260737
8983.333333333334,0.03730174434758289
8986.111111111111,0.008500716538565406
8988.888888888889,0.02544451836162024
8991.666666666668,-0.001554739689206417
8994.444444444445,0.014170511658468225
8997.222222222223,0.02665603426890074
9000.0,-0.05734688038997075
9002.777777777777,-0.003988014042514466
9005.555555555557,0.0009963586043382454
9008.333333333332,-0.030826560334522198
9011.111111111111,0.059968196634497845
9013.888888888889,-0.09096120188268844
9016.666666666668,0.01583116290086718
9019.444444444443,0.008956362310571245
9022.222222222223,-0.05258147528131169
9025.0,0.06795663235593527
9027.77777777778,0.0015432709559892038
9030.555555555557,-0.02871358317935309
9033.333333333334,0.012425984521342937
9036.111111111111,0.05371022461803947
9038.88888888889,0.03421596865929599
9041.666666666668,-0.010057446056829266
9044.444444444443,0.055048872278003924
9047.222222222223,0.0212972638402115
9050.0,0.02906550928831558
9052.77777777778,0.042442288372562906
9055.555555555555,-0.01605848191728606
9058.333333333334,-0.07122622711820606
9061.111111111111,-0.03781911049722404
9063.88888888889,0.016325388413743327
9066.666666666666,0.009063591184758968
9069.444444444445,0.011796150366126931
9072.222222222223,0.023615454283564718
9075.000000000002,0.007604439318899257
9077.777777777777,-0.005538805758819891
9080.555555555557,-0.05693797589986706
9083.333333333334,0.02109963112384077
9086.111111111111,0.06731232888780081
9088.888888888889,0.007899331918177203
9091.666666666666,-0.03369561161478258
9094.444444444445,-0.03341890720855426
9097.222222222223,-0.024412260520059032
9100.0,0.007242026218421142
9102.777777777777,-0.028624222550309712
9105.555555555557,0.029194746294911852
9108.333333333334,0.0032752768052406378
9111.111111111111,0.047927377561491735
9113.888888888889,0.016793488281053898
9116.666666666668,-0.0169678058738174
9119.444444444445,-0.032141977646683084
9122.222222222223,0.008569902837398688
9125.0,0.013592747725055096
9127.777777777777,0.016694059889575893
9130.555555555557,0.013986838530601526
9133.333333333332,0.031434740143033026
9136.111111111111,-0.048443417609454864
9138.888888888889,-0.03343466908963893
9141.666666666668,-0.015575697233570407
9144.444444444443,0.0059985346856430794
9147.222222222223,0.02956837600952865
9150.0,-0.004688377155983727
9152.77777777778,0.06067913723354399
9155.555555555557,-0.007220606072921871
9158.333333333334,-0.026548825351410454
9161.111111111111,0.005924899618190473
9163.88888888889,0.008981977977490872
9166.666666666668,-0.01030797455551822
9169.444444444443,-0.04047156358556457
9172.222222222223,0.016800501994733607
9175.0,0.015327354114815369
9177.77777777778,-0.006400460021966146
9180.555555555555,-0.04782652765118782
9183.333333333334,0.02712912859432126
9186.111111111111,-0.02700962914478849
9188.88888888889,0.03376485114383691
9191.666666666666,0.054195112423561426
9194.444444444445,-0.01080087479881847
9197.222222222223,0.023200634691939885
9200.000000000002,0.025260019442235895
9202.777777777777,0.04978312428608718
9205.555555555557,-0.0017866899477046068
9208.333333333334,0.03080417261128141
9211.111111111111,0.036581137984636886
9213.888888888889,0.0367557456050054
9216.666666666666,-0.041981627570028504
9219.444444444445,0.006444360031732283
9222.222222222223,0.06434261170377507
9225.0,0.011746554312018851
9227.777777777777,0.010390068603562855
9230.555555555557,0.0006180459084023579
9233.333333333334,0.07962037266651065
9236.111111111111,0.12687412280362528
9238.888888888889,0.07997167212846637
9241.666666666668,0.08210590122345567
9244.444444444445,0.03164661162109571
9247.222222222223,0.04830362922582383
9250.0,0.09759585890505329
9252.777777777777,0.06171599545478687
9255.555555555557,0.08908732368437491
9258.333333333332,0.12592069343519097
9261.111111111111,0.050016332257323694
9263.888888888889,0.06618202546268491
9266.666666666668,0.0928516950179925
9269.444444444443,0.1341140226592163
9272.222222222223,0.14079083547269677
9275.0,0.14577931627244356
9277.77777777778,0.09709998706904852
9280.555555555557,0.10326489404262809
9283.333333333334,0.0887440035484002
9286.111111111111,0.08816310130855022
9288.88888888889,0.12503367964160766
9291.666666666668,0.0027264506992576015
9294.444444444443,0.07338456466007226
9297.222222222223,0.04215862912007272
9300.0,0.034502872684286354
9302.77777777778,0.04842980560312483
9305.555555555555,0.01653325479083259
9308.333333333334,0.09787678862612836
9311.111111111111,-0.012357175654957218
9313.88888888889,0.051498583168598004
9316.666666666666,0.07541456002847982
9319.444444444445,0.03862372049336488
9322.222222222223,0.008548664144275884
9325.000000000002,0.07746861403903116
9327.777777777777,-0.03940468732257046
9330.555555555557,0.03917987379462706
9333.333333333334,-0.008784586386704187
9336.111111111111,0.05044249195464104
9338.888888888889,0.037713092197795624
9341.666666666666,0.049500194417994595
9344.444444444445,0.07514425623424084
9347.222222222223,-0.053555956199841735
9350.0,-0.03921764640976119
9352.777777777777,0.025739478429069252
9355.555555555557,0.08840274239969562
9358.333333333334,0.029502432068616125
9361.111111111111,-0.01472818013239947
9363.888888888889,0.03535561041455222
9366.666666666668,-0.013049544532854021
9369.444444444445,-0.017860580665743392
9372.222222222223,-0.007653727804981719
9375.0,0.08023953026911089
9377.777777777777,0.028464199355523263
9380.555555555557,-0.018772250337206385
9383.333333333332,0.05548673688895506
9386.111111111111,0.049911516346344206
9388.888888888889,-0.00016165356026511674
9391.666666666668,-0.03240258413854619
9394.444444444443,0.029844566356227134
9397.222222222223,0.03114875498566445
9400.0,0.0861368213574304
9402.77777777778,-0.02061077483527932
9405.555555555557,0.05899757056956757
9408.333333333334,0.04571064214383015
9411.111111111111,0.012756600337229567
9413.88888888889,-0.04611342294268758
9416.666666666668,-0.060958565367271816
9419.444444444443,0.00904477671542997
9422.222222222223,-0.05714384198114419
9425.0,0.07942108945390076
9427.77777777778,0.07869664951844502
9430.555555555555,0.13635034188011474
9433.333333333334,0.29618123196307183
9436.111111111111,0.47299535628130984
9438.88888888889,0.6905354663827639
9441.666666666666,0.7199299523830851
9444.444444444445,0.9254093421234616
9447.222222222223,1.0363039731391843
9450.000000000002,0.969264423070067
9452.777777777777,0.9393023128800697
9455.555555555557,0.7440318661637378
9458.333333333334,0.548572488991061
9461.111111111111,0.42831225037806164
9463.888888888889,0.18975017027540567
9466.666666666666,0.08307613401389788
9469.444444444445,-0.0168711626312405
9472.222222222223,-0.09006438450839387
9475.0,-0.18581117329461103
9477.777777777777,-0.18145387066439408
9480.555555555557,-0.20116805785698572
9483.333333333334,-0.15760365875286278
9486.111111111111,-0.09100472821173874
9488.888888888889,-0.07981446194119063
9491.666666666668,-0.026515762674161444
9494.444444444445,-0.014216774766777763
9497.222222222223,0.01330811992909973
9500.0,0.02614540751902988
9502.777777777777,0.0027225038542248517
9505.555555555557,0.05157578723937575
9508.333333333332,0.023623940426297056
9511.111111111111,0.020526458823313318
9513.888888888889,0.0711182597327584
9516.666666666668,0.03642917660345988
9519.444444444443,0.026500053941945205
9522.222222222223,0.011771811575702076
9525.0,0.04127247627249165
9527.77777777778,-0.05611013018490271
9530.555555555557,-0.0020473296357027514
9533.333333333334,0.05904490967573927
9536.111111111111,0.08871815112268128
9538.88888888889,0.0558340558093368
9541.666666666668,0.007430914083523515
9544.444444444443,0.016835448295608582
9547.222222222223,0.028825250221502577
9550.0,0.06946999284456036
9552.77777777778,0.10767501065232502
9555.555555555555,0.11782658615769251
9558.333333333334,0.05231200095266283
9561.111111111111,0.0923757204923211
9563.88888888889,0.07796917358975322
9566.666666666666,0.03768277744562695
9569.444444444445,0.003385322944027526
9572.222222222223,0.07686702538519932
9575.000000000002,0.050765401484512127
9577.777777777777,0.07399262516762437
9580.555555555557,0.044921249288463375
9583.333333333334,0.06210391771623484
9586.111111111111,0.07962699201318654
9588.888888888889,0.0157268579000083
9591.666666666666,0.01424205607390186
9594.444444444445,0.06965462524365139
9597.222222222223,0.02102560724613661
9600.0,0.0709846610230799
9602.777777777777,0.11589895604276769
9605.555555555557,0.07328577556571239
9608.333333333334,0.06438829567901147
9611.111111111111,0.06169788130817995
9613.888888888889,0.03583359611930416
9616.666666666668,-0.006091534280663141
9619.444444444445,0.08573311729653707
9622.222222222223,0.06989874384940732
9625.0,0.012457278517076079
9627.777777777777,0.04839001078400733
9630.555555555557,0.0301065102443122
9633.333333333332,0.0854797146800499
9636.111111111111,0.1012461048696758
9638.888888888889,0.1714839920831895
9641.666666666668,0.12950985511718335
9644.444444444443,0.1300614217659522
9647.222222222223,0.12994065551669606
9650.0,0.14537613769808336
9652.77777777778,0.18442519960369236
9655.555555555557,0.16246498220851716
9658.333333333334,0.1517105259386866
9661.111111111111,0.22411186729709295
9663.88888888889,0.12197262136566697
9666.666666666668,0.1863863254680652
9669.444444444443,0.2254251567617423
9672.222222222223,0.27185619203784034
9675.0,0.1993070176585412
9677.77777777778,0.26278343020593375
9680.555555555555,0.25649748105152287
9683.333333333334,0.18152287349481672
9686.111111111111,0.29648369100753286
9688.88888888889,0.2941139296908482
9691.666666666666,0.24852064049546857
9694.444444444445,0.2268583017985327
9697.222222222223,0.3182082454977612
9700.000000000002,0.260376121846286
9702.777777777777,0.3308333316132089
9705.555555555557,0.30131589674328385
9708.333333333334,0.2878988633855053
9711.111111111111,0.31266727369288505
9713.888888888889,0.2716297789749877
9716.666666666666,0.3139842846602127
9719.444444444445,0.20608290301286417
9722.222222222223,0.2474030156300506
9725.0,0.19102425466885148
9727.777777777777,0.23091915390018036
9730.555555555557,0.28918367177220683
9733.333333333334,0.2353381895170172
9736.111111111111,0.3162396452603322
9738.888888888889,0.2794256517805931
9741.666666666668,0.22609112502035875
9744.444444444445,0.20276543820495327
9747.222222222223,0.19843901786550333
9750.0,0.19547525523795692
9752.777777777777,0.26301205111224274
9755.555555555557,0.18612633348508653
9758.333333333332,0.20181579374436331
9761.111111111111,0.16726493839267845
9763.888888888889,0.14115062748056667
9766.666666666668,0.11533841880653081
9769.444444444443,0.1590032322797394
9772.222222222223,0.16124028045538868
9775.0,0.16691810671107407
9777.77777777778,0.11415299460282893
9780.555555555557,0.15845213922600096
9783.333333333334,0.10824234556194481
9786.111111111111,0.18253477273549618
9788.88888888889,0.07511594377693306
9791.666666666668,-0.023041279293398387
9794.444444444443,0.09187659450421816
9797.222222222223,0.07311463257514123
9800.0,0.054301527864746596
9802.77777777778,0.11825921212123891
9805.555555555555,0.14419486788757802
9808.333333333334,0.08846208128616222
9811.111111111111,-0.01341088291042141
9813.88888888889,0.034852636443796756
9816.666666666666,0.08986333831182425
9819.444444444445,0.049718420198543986
9822.222222222223,0.08255829244797837
9825.000000000002,0.07821206586073992
9827.777777777777,0.1185065938183107
9830.555555555557,0.06674284174896862
9833.333333333334,0.0663738108636379
9836.111111111111,0.06384349555542411
9838.888888888889,0.05192681939576646
9841.666666666666,0.06086113343029691
9844.444444444445,0.0738823785321233
9847.222222222223,0.004048092540028546
9850.0,0.018467743479030956
9852.777777777777,0.024729778565587023
9855.555555555557,0.020201712388797755
9858.333333333334,0.06545380875507822
9861.111111111111,0.06414603997915401
9863.888888888889,-0.025600651516184944
9866.666666666668,0.09088929814355211
9869.444444444445,0.051803067368775345
9872.222222222223,0.06338707254446424
9875.0,0.07212439172682375
9877.777777777777,0.08004817944423215
9880.555555555557,0.014011776587075236
9883.333333333332,0.030385698710777294
9886.111111111111,0.018788925670802925
9888.888888888889,0.03141115794801657
9891.666666666668,0.0906772435544257
9894.444444444445,0.07334251531600756
9897.222222222223,0.04791051405870998
9900.0,0.06763765201331151
9902.77777777778,0.09516983071352844
9905.555555555557,0.0381377810950742
9908.333333333334,0.03644473446136477
9911.111111111111,0.02528465026957215
9913.88888888889,0.06608605531013172
9916.666666666668,0.009577890454107243
9919.444444444443,0.04925382981099147
9922.222222222223,0.1090499480130232
9925.0,0.03768102725235328
9927.77777777778,0.003216822363492043
9930.555555555555,0.013713408630802178
9933.333333333334,0.024630376605529046
9936.111111111111,0.04730997162857786
9938.88888888889,0.06369820413298939
9941.666666666666,0.08464677760597157
9944.444444444445,0.039910645019740995
9947.222222222223,0.048075206228545546
9950.000000000002,0.045261045483938236
9952.777777777777,0.06262266036805521
9955.555555555557,0.07484964624219209
9958.333333333334,0.09027107366306046
9961.111111111111,0.03334889742282383
9963.888888888889,0.10847514527242819
9966.666666666666,-0.0054476924629913714
9969.444444444445,0.10708950459592356
9972.222222222223,0.05327805133126261
9975.0,0.0746574010483071
9977.777777777777,-0.00800861186294606
9980.555555555557,0.04706401045870616
9983.333333333334,0.032352864083679655
9986.111111111111,0.09867511941781483
9988.888888888889,0.1142018923850641
9991.666666666668,0.07807421671521353
9994.444444444445,0.08157927874559961
9997.222222222223,0.08912886098226665
10000.0,0.05165835980578238
10002.777777777777,0.06724800927719052
10005.555555555557,0.047829142405519096
10008.333333333332,0.0722392265804573
10011.111111111111,0.10685347544811874
10013.888888888889,0.04544277437152354
10016.666666666668,0.05926491589379806
10019.444444444445,0.09131431240789234
10022.222222222223,0.023327959699237212
10025.0,0.04587266027040303
10027.77777777778,0.023056245728314453
10030.555555555557,0.01916882282553469
10033.333333333334,0.08754837349065918
10036.111111111111,0.0450456003110765
10038.88888888889,0.1136199672957525
10041.666666666668,0.1141056216253471
10044.444444444443,0.10672725597167738
10047.222222222223,0.07395712115209653
10050.0,0.044256333077706024
10052.77777777778,0.14362202432626994
10055.555555555555,0.07167587764099101
10058.333333333334,0.10109112010180432
10061.111111111111,0.12026961792723759
10063.88888888889,0.1274635617696167
10066.666666666666,0.0648647819816636
10069.444444444445,0.1319160801999815
10072.222222222223,0.13014708010474635
10075.000000000002,0.13749136533919004
10077.777777777777,0.06605003010386518
10080.555555555557,0.1389287657817698
10083.333333333334,0.11642049202812484
10086.111111111111,0.14225988880658497
10088.888888888889,0.1418042611554415
10091.666666666666,0.10542224685145975
10094.444444444445,0.1502480199573788
10097.222222222223,0.06777578427658992
10100.0,0.095661218452196
10102.777777777777,0.09009988152298314
10105.555555555557,0.1424657681123763
10108.333333333334,0.07964328637866683
10111.111111111111,0.08290318181610479
10113.888888888889,0.10997343895489001
10116.666666666668,0.0652810830496306
10119.444444444445,0.11865357228521686
10122.222222222223,0.007369180358451882
10125.0,0.05016465087462749
10127.777777777777,0.07055715448792427
10130.555555555557,0.015514559584315732
10133.333333333332,0.14447569260720838
10136.111111111111,0.10956040887301084
10138.888888888889,0.10203077430585733
10141.666666666668,0.070331169819039
10144.444444444445,0.12930261755631717
10147.222222222223,0.03251923979630794
10150.0,0.01840567148098385
10152.77777777778,0.033634841412942144
10155.555555555557,0.07489710112265142
10158.333333333334,0.0446709834045071
10161.111111111111,0.12531287416709186
10163.88888888889,0.088424790375138
10166.666666666668,0.08922271355597788
10169.444444444443,0.07698142226549369
10172.222222222223,0.06045823415791036
10175.0,0.055344158375714075
10177.77777777778,0.033369889710637646
10180.555555555555,0.042303064641498134
10183.333333333334,0.059836215850313686
10186.111111111111,0.08630476113025817
10188.88888888889,0.029484295965789158
10191.666666666666,0.06918420390218297
10194.444444444445,0.010802252471196552
10197.222222222223,0.054309022724410905
10200.000000000002,0.08689496591993787
10202.777777777777,0.05142210853433006
10205.555555555557,0.10157758737995795
10208.333333333334,0.0746052779459469
10211.111111111111,0.06511478642164788
10213.888888888889,0.009320849261740649
10216.666666666666,0.006985027960206773
10219.444444444445,0.03735010447562308
10222.222222222223,0.037455664518792856
10225.0,0.009827683962015612
10227.777777777777,-0.027172002035597012
10230.555555555557,0.003866845825665592
10233.333333333334,-0.016723646692672088
10236.111111111111,0.02196899297114646
10238.888888888889,0.08750967641091908
10241.666666666668,0.2837286344183227
10244.444444444445,0.4626741648081004
10247.222222222223,0.5901380632993407
10250.0,0.7958902398749771
10252.777777777777,0.9296394806625715
10255.555555555557,1.0079766818564695
10258.333333333332,1.0660475698702099
10261.111111111111,0.9987398338135097
10263.888888888889,0.8568578920443872
10266.666666666668,0.712017697058229
10269.444444444445,0.5383388823887777
10272.222222222223,0.305585923685716
10275.0,0.213608589215033
10277.77777777778,0.07423133224617696
10280.555555555557,-0.07237873525810372
10283.333333333334,-0.049493743480010746
10286.111111111111,-0.12040833261588903
10288.88888888889,-0.11152241282973023
10291.666666666668,-0.07353419111079147
10294.444444444443,-0.014944959983790279
10297.222222222223,-0.033575378714544316
10300.0,-0.02733401138869264
10302.77777777778,0.0238244244906767
10305.555555555555,0.03600871789457489
10308.333333333334,0.03889586843326979
10311.111111111111,-0.026275275288038052
10313.88888888889,0.016105227005551722
10316.666666666666,0.07345970669594701
10319.444444444445,0.07568780841094656
10322.222222222223,0.05932112902096648
10325.000000000002,-0.02805334605706463
10327.777777777777,0.07788360364479721
10330.555555555557,-0.003530505507150644
10333.333333333334,0.05885352519744751
10336.111111111111,0.09881091231088003
10338.888888888889,0.10322290327196254
10341.666666666666,0.08438519873170874
10344.444444444445,0.09269006656262944
10347.222222222223,0.08505218585379068
10350.0,0.04487531563026341
10352.777777777777,0.06690669295629889
10355.555555555557,0.08833103092755788
10358.333333333334,0.08948047227518036
10361.111111111111,0.052514075303424175
10363.888888888889,0.07306037288239552
10366.666666666668,0.060232593738431164
10369.444444444445,0.0949646799067444
10372.222222222223,0.04779819283546853
10375.0,-0.005875473817117956
10377.777777777777,0.05506200142285861
10380.555555555557,0.023886617877946482
10383.333333333332,0.04245721339573218
10386.111111111111,0.08154938888504652
10388.888888888889,0.026587074513811017
10391.666666666668,0.04922014063616617
10394.444444444445,0.10284704260251819
10397.222222222223,0.03565094375237704
10400.0,0.007810166683557877
10402.77777777778,0.07900620253875293
10405.555555555557,0.09568972681411082
10408.333333333334,0.07406699984150607
10411.111111111111,0.04124289163167397
10413.88888888889,0.0830986043779521
10416.666666666668,0.06796994841766785
10419.444444444443,0.09124555066867805
10422.222222222223,0.15650342880817156
10425.0,0.1652323482085517
10427.77777777778,0.07020740905941394
10430.555555555555,0.11410023566999793
10433.333333333334,0.17008891667010057
10436.111111111111,0.09338050275628373
10438.88888888889,0.13218238887600278
10441.666666666666,0.1149748590778675
10444.444444444445,0.12141885032303065
10447.222222222223,0.0728889068815589
10450.000000000002,0.09537496673275105
10452.777777777777,0.12653725238199728
10455.555555555557,0.16034577291406973
10458.333333333334,0.17982072019901932
10461.111111111111,0.20658698910803558
10463.888888888889,0.19584126987419717
10466.666666666666,0.22056198334030652
10469.444444444445,0.21371380890340647
10472.222222222223,0.20941969625234813
10475.0,0.20147905741390926
10477.777777777777,0.19059653407325117
10480.555555555557,0.19290128180169197
10483.333333333334,0.2186768501308037
10486.111111111111,0.304509247796575
10488.888888888889,0.25883100491548
10491.666666666668,0.2699121356796961
10494.444444444445,0.2923971946272283
10497.222222222223,0.33834374774700127
10500.0,0.37141955984149866
10502.777777777777,0.3008954093070195
10505.555555555557,0.3528424182658949
10508.333333333332,0.30892811876804827
10511.111111111111,0.3081140801762872
10513.888888888889,0.28109756650167894
10516.666666666668,0.26964212286306893
10519.444444444445,0.314381112618221
10522.222222222223,0.3306828288452057
10525.0,0.2760503126595597
10527.77777777778,0.2609313603046432
10530.555555555557,0.3270488396052562
10533.333333333334,0.17519350208396428
10536.111111111111,0.25668193032484016
10538.88888888889,0.3013941017130924
10541.666666666668,0.26306778428229677
10544.444444444443,0.20133633660006325
10547.222222222223,0.20179006974522992
10550.0,0.26330732905386056
10552.77777777778,0.24217013312898653
10555.555555555555,0.2180463775387504
10558.333333333334,0.27711009302331013
10561.111111111111,0.16726465522151446
10563.88888888889,0.13634604725819596
10566.666666666666,0.13296125800506856
10569.444444444445,0.17499767971083288
10572.222222222223,0.2030605916398462
10575.000000000002,0.16158127322634552
10577.777777777777,0.16718356711879823
10580.555555555557,0.05917937102175129
10583.333333333334,0.05870383874370165
10586.111111111111,0.13628615129026067
10588.888888888889,0.13001040610932574
10591.666666666666,0.13233450786316625
10594.444444444445,0.030378649313544115
10597.222222222223,0.08938467813013908
10600.0,0.08202567397269422
10602.777777777777,0.14557955726556196
10605.555555555557,0.07179884722003245
10608.333333333334,0.04383447293091115
10611.111111111111,0.1202602457933682
10613.888888888889,0.01214614109762148
10616.666666666668,0.04574564885624119
10619.444444444445,0.11755010384370415
10622.222222222223,0.09374628327096572
10625.0,0.08497291030513097
10627.777777777777,0.039530461752235777
10630.555555555557,0.015818742925853953
10633.333333333332,0.05375035261400707
10636.111111111111,0.12716196709550057
10638.888888888889,0.04754557880284944
10641.666666666668,0.011855700005309916
10644.444444444445,0.035847792051544994
10647.222222222223,0.09671906242520655
10650.0,0.0394235598848402
10652.77777777778,0.10143084533806501
10655.555555555557,0.03774697029402381
10658.333333333334,0.07151420846605425
10661.111111111111,0.08149546997989165
10663.88888888889,0.04316429387170362
10666.666666666668,0.03750985514401586
10669.444444444443,0.03174956328466464
10672.222222222223,0.0756968228883385
10675.0,0.04543544284521524
10677.77777777778,0.04368112726060312
10680.555555555555,-0.01991890493491979
10683.333333333334,-0.016313674981228835
10686.111111111111,0.06192637915112786
10688.88888888889,0.07596804290051017
10691.666666666666,0.09021013615330534
10694.444444444445,0.035630339463263695
10697.222222222223,-0.011581724736424638
10700.000000000002,0.11512153728638948
10702.777777777777,0.011077333111940778
10705.555555555557,0.11609579189843297
10708.333333333334,0.06868166776758718
10711.111111111111,-0.02689448476603394
10713.888888888889,0.015183050015026754
10716.666666666666,0.059304913891615706
10719.444444444445,0.08408818194676161
10722.222222222223,0.01389249938550391
10725.0,-0.008400194174334942
10727.777777777777,0.059586846952237656
10730.555555555557,0.022177628931244905
10733.333333333334,0.06943028404388146
10736.111111111111,0.05287311444697228
10738.888888888889,0.06723471555732319
10741.666666666668,0.028154638950796677
10744.444444444445,0.040369894403320415
10747.222222222223,0.074332817995309
10750.0,-0.007308178692503241
10752.777777777777,0.037442530436231525
10755.555555555557,0.046193945849923965
10758.333333333332,0.032260000710384255
10761.111111111111,0.058986278850079704
10763.888888888889,0.0797873058967341
10766.666666666668,0.09206926828986045
10769.444444444445,0.029577897117409487
10772.222222222223,0.056495825872450264
10775.0,0.04742816487236579
10777.77777777778,0.05834016068550887
10780.555555555557,0.03764674065700489
10783.333333333334,0.07148539934563689
10786.111111111111,0.08570724807386276
10788.88888888889,0.05200836648447038
10791.666666666668,0.07364834626962834
10794.444444444443,0.05219604027573509
10797.222222222223,0.07250178697106559
10800.0,0.07895616831523297
10802.77777777778,0.08046374681336294
10805.555555555555,0.11587151722744014
10808.333333333334,0.08329568509367823
10811.111111111111,0.06100176939857942
10813.88888888889,0.10315780503863407
10816.666666666666,0.11914516395432821
10819.444444444445,0.09751589118532544
10822.222222222223,0.12368664925147191
10825.000000000002,0.11503972486495415
10827.777777777777,0.11057021224878194
10830.555555555557,0.1220446246442391
10833.333333333334,0.15103981742628492
10836.111111111111,0.0901091878580591
10838.888888888889,0.15048488858936487
10841.666666666666,0.09853329439878626
10844.444444444445,0.0755358495127327
10847.222222222223,0.11376736315161168
10850.0,0.10397859117292507
10852.777777777777,0.15539361652959055
10855.555555555557,0.11894763035930551
10858.333333333334,0.14451492816113154
10861.111111111111,0.08503979097685699
10863.888888888889,0.047120023668962334
10866.666666666668,-0.001957895542059697
10869.444444444445,0.09717110898403629
10872.222222222223,0.0929581432810484
10875.0,0.0340347274330567
10877.777777777777,0.02839995755884268
10880.555555555557,0.08717828982534348
10883.333333333334,-9.248601508032861e-05
10886.111111111111,0.043939810714402935
10888.888888888889,0.010439687016375633
10891.666666666668,0.05821363232451571
10894.444444444445,0.03843119250495099
10897.222222222223,0.07163269168126774
10900.0,0.029341016807253532
10902.77777777778,0.06907722733214423
10905.555555555557,-0.002996033488736033
10908.333333333334,0.054084205402191346
10911.111111111111,0.04347315129007369
10913.88888888889,0.009331514426427127
10916.666666666668,0.06043068931425091
10919.444444444443,0.0470250229085831
10922.222222222223,0.00256060829733374
10925.0,0.05404936666477943
10927.77777777778,0.030485275459930038
10930.555555555555,0.05711902781051903
10933.333333333334,0.024560137466972325
10936.111111111111,0.015248038119295163
10938.88888888889,0.04259216915018879
10941.666666666666,-0.07641086129630614
10944.444444444445,0.07070909982819068
10947.222222222223,0.026413737116347105
10950.000000000002,-0.02158454374225033
10952.777777777777,0.047663921262712364
10955.555555555557,0.036078317763749604
10958.333333333334,0.013249107073056841
10961.111111111111,0.032996462716799985
10963.888888888889,-0.004256560236213142
10966.666666666666,0.0009397672208633738
10969.444444444445,-0.028323432395571523
10972.222222222223,-0.03954845848721013
10975.0,-0.04607158595963737
10977.777777777777,-0.02563821573677697
10980.555555555557,-0.08097998776086418
10983.333333333334,0.0529161860813101
10986.111111111111,0.06859714454319085
10988.888888888889,0.16148633504518986
10991.666666666668,0.31659070381915333
10994.444444444445,0.46062782990758466
10997.222222222223,0.5893263818843661
11000.0,0.7658645789154068
11002.777777777777,0.9524379160340432
11005.555555555557,1.0216368609764288
11008.333333333334,0.9873032471219485
11011.111111111111,0.8651160067134172
11013.888888888889,0.7967948708366475
11016.666666666668,0.6381745503740768
11019.444444444445,0.47230917272108197
11022.222222222223,0.3002059503480126
11025.0,0.05810909226686505
11027.77777777778,0.010463446232951
11030.555555555557,-0.14675159937237184
11033.333333333334,-0.09916047221001029
11036.111111111111,-0.1584113422750343
11038.88888888889,-0.1784978071312674
11041.666666666668,-0.10644794395396653
11044.444444444443,-0.08187563162393005
11047.222222222223,-0.04494496582730484
11050.0,0.0001248108710579579
11052.77777777778,0.007107890900362639
11055.555555555555,0.07239517416693819
11058.333333333334,-0.01897400436154116
11061.111111111111,-0.008933644022259567
11063.88888888889,0.007651153063355499
11066.666666666666,0.009005712555051525
11069.444444444445,0.05351937858054936
11072.222222222223,0.07543014998731438
11075.000000000002,0.02219043031985718
11077.777777777777,0.03213960227758126
11080.555555555557,0.043695542674408394
11083.333333333334,0.050137712469637497
11086.111111111111,0.07228101325149616
11088.888888888889,-0.027473508219087443
11091.666666666666,-0.009699693607245038
11094.444444444445,-0.0013764564794244896
11097.222222222223,-0.019470637616418426
11100.0,0.0320525452986342
11102.777777777777,0.07334062004227404
11105.555555555557,0.04973313438082275
11108.333333333334,0.022662841241628772
11111.111111111111,-0.004597689532078793
11113.888888888889,0.037587662278780014
11116.666666666668,0.08152984169050151
11119.444444444445,-0.06569715608738705
11122.222222222223,0.01735780669685396
11125.0,0.023497202394830965
11127.777777777777,0.0019590464754633673
11130.555555555557,-0.06460670888271589
11133.333333333334,0.012547933208618096
11136.111111111111,0.05047789589995913
11138.888888888889,0.058297140272535186
11141.666666666668,-0.009360742546496773
11144.444444444445,-0.0009507844919325031
11147.222222222223,-0.03118942533465734
11150.0,0.0159428996299032
11152.77777777778,0.010761098354885187
11155.555555555557,0.04553288021784169
11158.333333333334,0.014619237159650217
11161.111111111111,-0.03984850463441736
11163.88888888889,0.019951201846878493
11166.666666666668,-0.005073940964428453
11169.444444444443,0.03733100454042067
11172.222222222223,0.022727924577148263
11175.0,0.06572206262497299
11177.77777777778,0.11589646279009766
11180.555555555555,0.033960943871018584
11183.333333333334,0.011776820313904729
11186.111111111111,0.026422710189365678
11188.88888888889,0.0836252835896232
11191.666666666666,0.1560558636988316
11194.444444444445,0.05653339916279647
11197.222222222223,0.07626372008130737
11200.000000000002,0.02469988874480225
11202.777777777777,0.15630960963795382
11205.555555555557,0.19041794755539107
11208.333333333334,0.05654788272795493
11211.111111111111,0.11064212049061414
11213.888888888889,0.10619350911289474
11216.666666666666,0.20867086972184817
11219.444444444445,0.16570817354523995
11222.222222222223,0.19545637062649227
11225.0,0.17666657418077295
11227.777777777777,0.17104721806803222
11230.555555555557,0.1973204088809487
11233.333333333334,0.1677495474136285
11236.111111111111,0.2601652877824669
11238.888888888889,0.15408935278257974
11241.666666666668,0.21288890060250698
11244.444444444445,0.2730833078572286
11247.222222222223,0.18426634558741573
11250.0,0.23853090868298613
11252.777777777777,0.20825351057374203
11255.555555555557,0.19225857875345154
11258.333333333334,0.2313758407284422
11261.111111111111,0.2192400718038419
11263.888888888889,0.2197247991520232
11266.666666666668,0.2701101092263841
11269.444444444445,0.2606193541264813
11272.222222222223,0.23999649743671173
11275.0,0.2804276180172155
11277.77777777778,0.2047132314417796
11280.555555555557,0.27237910156065603
11283.333333333334,0.20504127658448956
11286.111111111111,0.20278350730498867
11288.88888888889,0.19939268338443306
11291.666666666668,0.2180410845690798
11294.444444444443,0.1361130566234924
11297.222222222223,0.1675663663224079
11300.0,0.20932467277865316
11302.77777777778,0.1542553243159755
11305.555555555555,0.14416572831490254
11308.333333333334,0.2039149305187426
11311.111111111111,0.12143197331524956
11313.88888888889,0.15193476192727623
11316.666666666666,0.16101119662326943
11319.444444444445,0.09960326635043865
11322.222222222223,0.11216888234519794
11325.000000000002,0.13375113037876335
11327.777777777777,0.14476983083128336
11330.555555555557,0.04945400017535445
11333.333333333334,0.08719369802095142
11336.111111111111,0.06157873745981442
11338.888888888889,0.07168423131316795
11341.666666666666,0.09565896994652102
11344.444444444445,0.02757677045037885
11347.222222222223,0.09443740204214848
11350.0,-0.00880079229065537
11352.777777777777,0.00835400129868101
11355.555555555557,0.07738793126428745
11358.333333333334,0.03866936374163446
11361.111111111111,0.05278111180808812
11363.888888888889,-0.0032686575419388214
11366.666666666668,-0.02658306310095944
11369.444444444445,0.017149959697277645
11372.222222222223,0.032785493734508744
11375.0,-0.07375743705378908
11377.777777777777,0.01629127224797907
11380.555555555557,0.02048888260859793
11383.333333333334,-0.04180549256283495
11386.111111111111,0.027653513081157467
11388.888888888889,-0.0394751355296839
11391.666666666668,0.03498766511999098
11394.444444444445,-0.022530582840384505
11397.222222222223,-0.011040030141494222
11400.0,-0.08035028888596117
11402.77777777778,0.013944388221192264
11405.555555555557,0.011305581776781311
11408.333333333334,0.03337015457125403
11411.111111111111,-0.008779507829471248
11413.88888888889,-0.010923204942828004
11416.666666666668,-0.04204906155165433
11419.444444444443,0.041743601551083837
11422.222222222223,0.031034505344278034
11425.0,-0.0007819174489290259
11427.77777777778,-0.03392133435669942
11430.555555555555,-0.050371384659269665
11433.333333333334,0.005420690409228954
11436.111111111111,0.005648747083062321
11438.88888888889,-0.06338342499999355
11441.666666666666,-0.061409429011123846
11444.444444444445,-0.024859384588767887
11447.222222222223,-0.04071436956990866
11450.000000000002,-0.03859507444798514
11452.777777777777,0.0539512284908113
11455.555555555557,-0.02343232473183502
11458.333333333334,-0.039334365611141536
11461.111111111111,-0.05588853555485526
11463.888888888889,-0.0040883926954844545
11466.666666666666,-0.02386056619021579
11469.444444444445,-0.021881044897103272
11472.222222222223,0.003694120915554831
11475.0,0.04450464757220259
11477.777777777777,-0.008084824190689963
11480.555555555557,0.004219135447104113
11483.333333333334,-0.0002452877124932643
11486.111111111111,0.014377225185077173
11488.888888888889,0.054539762468365095
11491.666666666668,0.005334563274184002
11494.444444444445,-0.006893944795349032
11497.222222222223,-0.0373006566697225
11500.0,-0.025767583257422125
11502.777777777777,-0.02735978135776789
11505.555555555557,0.01188537155533416
11508.333333333334,0.06014242124202818
11511.111111111111,-0.035592929787717144
11513.888888888889,-0.052096249671942665
11516.666666666668,-0.05306896763102319
11519.444444444445,0.00814314989183514
11522.222222222223,-0.06135262869331677
11525.0,-0.004684920467841618
11527.77777777778,-0.03195248502187022
11530.555555555557,-0.03460465981961287
11533.333333333334,0.057327062837578144
11536.111111111111,-0.00035435274879332514
11538.88888888889,0.0005340263819539649
11541.666666666668,-0.018347801938560948
11544.444444444443,-0.05015541542158976
11547.222222222223,-0.05734424895169299
11550.0,-0.1014626539240459
11552.77777777778,0.022669034797417525
11555.555555555555,-0.04760760945818174
11558.333333333334,0.022543058558508747
11561.111111111111,-0.03888479228218815
11563.88888888889,-0.07550513125065694
11566.666666666666,0.0006749958681241154
11569.444444444445,-0.055703988161836804
11572.222222222223,0.02067825018189365
11575.000000000002,-0.0017683881194611954
11577.777777777777,-0.08727178424483342
11580.555555555557,0.03050565591308897
11583.333333333334,-0.00729950849965386
11586.111111111111,-0.003952161790185297
11588.888888888889,-0.00865850759088335
11591.666666666666,-0.036124123479798
11594.444444444445,-0.022070389941057804
11597.222222222223,-0.03385148778964213
11600.0,-0.01896368939686654
11602.777777777777,-0.008766384516434175
11605.555555555557,-0.03810114643661687
11608.333333333334,-0.04383261865721966
11611.111111111111,0.0478804647248581
11613.888888888889,-0.11361353239120935
11616.666666666668,-0.017828933903421176
11619.444444444445,-0.037063264806106305
11622.222222222223,-0.0029001614125362353
11625.0,0.0066347219888022585
11627.777777777777,0.04095373022746363
11630.555555555557,-0.0477104785308996
11633.333333333334,-0.011334734189719356
11636.111111111111,-0.07134051471463264
11638.888888888889,-0.05604956146527191
11641.666666666668,-0.02765513112798846
11644.444444444445,-0.012592420267166081
11647.222222222223,-0.005575605725950356
11650.0,-0.06569914399916957
11652.77777777778,0.03991732707441217
11655.555555555557,0.0004686478134791113
11658.333333333334,0.026578613678064217
11661.111111111111,-0.060641163434680706
11663.88888888889,-0.06450518601486412
11666.666666666668,-0.018352870147359195
11669.444444444443,0.02687320179054586
11672.222222222223,-0.052125346519175594
11675.0,-0.019342202489857015
11677.77777777778,-0.017186229481739902
11680.555555555555,-0.033130298886230085
11683.333333333334,-0.024929054057514725
11686.111111111111,-0.02764369171471598
11688.88888888889,-0.02425011446521748
11691.666666666666,0.01851715226243204
11694.444444444445,-0.08013057661362194
11697.222222222223,-0.070824531379137
11700.000000000002,-0.034240803790244745
11702.777777777777,0.036828614428520416
11705.555555555557,-0.06101752095299144
11708.333333333334,-0.062102567989204285
11711.111111111111,0.03918057687928641
11713.888888888889,-0.044756381277625774
11716.666666666666,-0.050847058951123236
11719.444444444445,-0.02728334921162341
11722.222222222223,-0.005893636967027931
11725.0,-0.0517318467218465
11727.777777777777,0.0069145085019855085
11730.555555555557,-0.02331239202523774
11733.333333333334,0.028945671638057252
11736.111111111111,-0.04511066411207085
11738.888888888889,-0.01849685912366225
11741.666666666668,-0.018911670440484238
11744.444444444445,-0.052854095238530296
11747.222222222223,-0.052762305178455066
11750.0,-0.001485686204073005
11752.777777777777,-0.010563539279182277
11755.555555555557,-0.007222196398898791
11758.333333333334,-0.03128832853469404
11761.111111111111,-0.026962660643474613
11763.888888888889,-0.07112310568107957
11766.666666666668,0.03624543934909511
11769.444444444445,0.008589943374349814
11772.222222222223,-0.011631735182502488
11775.0,-0.09541533374061859
11777.77777777778,-0.054242287651765746
11780.555555555557,-0.0031148991773439355
11783.333333333334,-0.05770059490208223
11786.111111111111,0.05241848178664472
11788.88888888889,-0.0013840661465147584
11791.666666666668,-0.04339510937854974
11794.444444444443,-0.006196399502466712
11797.222222222223,-0.06505311336682584
11800.0,-0.04298758316667718
11802.77777777778,-0.018127989400842724
11805.555555555555,0.04910523469614897
11808.333333333334,0.02082225181968965
11811.111111111111,-0.051020702154194825
11813.88888888889,-0.05941360167619839
11816.666666666666,0.04392064780426638
11819.444444444445,0.039585606252752065
11822.222222222223,-0.047432437654501794
11825.000000000002,-0.030830609502139603
11827.777777777777,-0.03177178772839177
11830.555555555557,-0.06490908847008373
11833.333333333334,-0.06904153985623296
11836.111111111111,0.010468519452861091
11838.888888888889,0.007542128178508821
11841.666666666666,-0.012848347677697481
11844.444444444445,-0.08420094690633559
11847.222222222223,-0.04404483607460112
11850.0,-0.02580313675046835
11852.777777777777,0.060014941165629214
11855.555555555557,0.01788873079707667
11858.333333333334,-0.09797976636562612
11861.111111111111,-0.05792459902185624
11863.888888888889,-0.046562296784978224
11866.666666666668,-0.0004993666391691215
11869.444444444445,-0.05912564970006653
11872.222222222223,-0.0022818210891066143
11875.0,-0.02820276470967629
11877.777777777777,-0.09995051169875716
11880.555555555557,-0.07968532033208535
11883.333333333334,-0.027006815427588142
11886.111111111111,-0.00847827593622964
11888.888888888889,0.024785094248613665
11891.666666666668,0.000673220503672016
11894.444444444445,-0.061637103324004
11897.222222222223,-0.03378038364382289
11900.0,-0.0563048529603113
11902.77777777778,0.00882070561140634
11905.555555555557,-0.03248042308969631
11908.333333333334,-0.05592732889979558
11911.111111111111,-0.09221094999885643
11913.88888888889,-0.10140611927205136
11916.666666666668,-0.024512069489298738
11919.444444444443,-0.11365314739208127
11922.222222222223,-0.10321179908343253
11925.0,-0.08401154215607678
11927.77777777778,-0.07875721575062951
11930.555555555555,0.016202522667985046
11933.333333333334,-0.031228108987571883
11936.111111111111,0.009059549334648892
11938.88888888889,0.020939313079431345
11941.666666666666,-0.052856587938978246
11944.444444444445,-0.0198155632769667
11947.222222222223,-0.06479334306292778
11950.000000000002,-0.017902122695006226
11952.777777777777,-0.03317860921508496
11955.555555555557,-0.031941105980854846
11958.333333333334,-0.09744686564520169
11961.111111111111,-0.05432383601741792
11963.888888888889,-0.021796116517334492
11966.666666666666,-0.011698402181936816
11969.444444444445,-0.049960872828627934
11972.222222222223,-0.05444944273429986
11975.0,-0.10141885410992028
11977.777777777777,-0.04841472074156966
11980.555555555557,-0.11072970124598605
11983.333333333334,-0.026453914851925667
11986.111111111111,-0.024581888304891573
11988.888888888889,0.017273424436955065
11991.666666666668,-0.06592057400027392
11994.444444444445,-0.05723140259092463
11997.222222222224,-0.053818655710222846
