Time_s,ECG_mV
0.0,0.01959761142744894
0.002,0.0047204939599209605
0.004,-0.02005529708660983
0.006,0.015363482109942005
0.008,0.002865304660449306
0.01,-0.010145795757240844
0.012,-0.10453162762809082
0.014,0.048896838734413986
0.016,0.012524348832590373
0.018000000000000002,0.01427307784312382
0.02,-0.05128094171582672
0.022,0.0071931132593171
0.024,-0.008209734732165158
0.026000000000000002,-0.0006657135091072538
0.028,-0.04692979789761944
0.03,-0.020482272441282603
0.032,-0.018420608602903697
0.034,0.0622582676645595
0.036000000000000004,0.04248437983084705
0.038,0.024772579867977002
0.04,-0.05637161895339228
0.042,-0.007670195587273634
0.044,-0.000659054700259263
0.046,-0.0981308623285374
0.048,0.02775281124970845
0.05,0.05263980386001265
0.052000000000000005,0.036062762474331975
0.054,0.024087302204815458
0.056,0.047342905779910585
0.058,-0.0019780086493729077
0.06,-0.0035570575750737514
0.062,0.006147817512535951
0.064,-0.0017813325027764768
0.066,0.016034897076283597
0.068,0.006585087665127395
0.07,-0.03580096196382683
0.07200000000000001,0.014061850492190307
0.074,0.03860354728197206
0.076,0.013517605748223586
0.078,-0.06047770710383107
0.08,-0.09614087300415615
0.082,-0.030737655118496805
0.084,-0.02421988365636685
0.08600000000000001,0.030150596891883617
0.088,0.028728756309566752
0.09,-0.00329680798929061
0.092,-0.01440669651343663
0.094,-0.05673928887057662
0.096,0.05450357923485576
0.098,0.01602783214583031
0.1,0.0018100021236319482
0.10200000000000001,-0.059355159843305916
0.10400000000000001,0.08876191380275333
0.106,0.0002085519188928138
0.108,0.024484463722983137
0.11,0.05647211751663391
0.112,0.09231976260114344
0.114,-0.0037119361877654107
0.116,0.01873114886210444
0.11800000000000001,-0.007828985567893656
0.12,0.006720569725231929
0.122,0.02996709003499013
0.124,0.02513781532931562
0.126,0.06109205751721908
0.128,-0.013745330335167887
0.13,-0.03375012664374587
0.132,-0.02444776319491138
0.134,-0.020750986667737753
0.136,0.053846439429473564
0.138,-0.016690520964497656
0.14,-0.023642975939106955
0.14200000000000002,0.02004082356593128
0.14400000000000002,-0.002343189621363259
0.146,0.044848984783192915
0.148,0.020637728774805287
0.15,0.03141020164406347
0.152,-0.02350528056860849
0.154,0.0589203541871233
0.156,0.02516873440178973
0.158,-0.04479874883961264
0.16,0.00631012201599801
0.162,0.011988906055271057
0.164,-0.029387748901710906
0.166,0.00034962465510646624
0.168,0.01884587955928266
0.17,-0.0328935201386381
0.17200000000000001,0.050901444796209935
0.17400000000000002,0.08725832129486474
0.176,-0.04383499461967427
0.178,-0.021898959190342283
0.18,0.02687323345647569
0.182,-0.033814692338865936
0.184,-0.001021284682499065
0.186,0.02488080715727474
0.188,0.07382965158210321
0.19,-0.036216808905756334
0.192,-0.0028398930646593053
0.194,-0.04798448106039149
0.196,0.03671404588928366
0.198,-0.03713623469683973
0.2,-0.0011293860788857777
0.202,0.024594784621702368
0.20400000000000001,-0.034881242498862756
0.20600000000000002,0.07651579218036751
0.20800000000000002,0.037247613765344204
0.21,-0.037514927219248526
0.212,-0.022364971073566747
0.214,0.045132530567110474
0.216,0.002032613441877898
0.218,0.018040488282747368
0.22,0.037424488082278516
0.222,0.04086996965145782
0.224,0.007396467171232376
0.226,-0.013390564669201493
0.228,-0.04616189089471935
0.23,-0.01061724330027921
0.232,0.037640817057089986
0.234,0.02430884560844771
0.23600000000000002,0.0027222548879913405
0.23800000000000002,-0.02026538393045376
0.24,0.07406428505264097
0.242,0.07148525666973594
0.244,0.006912409367748077
0.246,-0.015721860848941692
0.248,0.03297907037274825
0.25,0.06439480480782286
0.252,0.04380259561528389
0.254,0.05067523261757486
0.256,0.021805653756146806
0.258,0.06787724590845749
0.26,0.026025060055557617
0.262,-0.054179365586287984
0.264,0.005984754624936622
0.266,-0.03932288565147354
0.268,0.03336425574537802
0.27,0.05481352116153557
0.272,0.04491348397957132
0.274,0.021168771271106758
0.276,0.07887609657282307
0.278,-0.00771407507336405
0.28,-0.03410306686086623
0.28200000000000003,-0.016163926058142847
0.28400000000000003,0.04562762700314992
0.28600000000000003,0.10907351824662784
0.28800000000000003,0.003959231754260946
0.29,0.054481149869445716
0.292,0.014410510424102144
0.294,0.010789815184597347
0.296,0.03703926324718104
0.298,0.002120158169553553
0.3,-0.022358649437003143
0.302,0.025561258256879042
0.304,0.064229621766846
0.306,-0.007578013017691704
0.308,0.0390150426376449
0.31,-0.043101507849854954
0.312,-0.00929363800315854
0.314,0.029226940170175568
0.316,0.010395592400084079
0.318,-0.04194460560915397
0.32,-0.007448262587732769
0.322,-0.0032831053839738056
0.324,0.04077331584267281
0.326,0.06226885917358631
0.328,-0.0019448607211480862
0.33,-0.006204709707595783
0.332,0.055317565376005774
0.334,-0.02135373055650049
0.336,0.0255732612270814
0.338,0.05856283518522379
0.34,-0.01845965605810987
0.342,0.02942351193370258
0.34400000000000003,-0.022676196475122597
0.34600000000000003,-0.014533307659132726
0.34800000000000003,-0.034701232347847
0.35000000000000003,0.03504773512267987
0.352,-0.0071035709260833454
0.354,0.056439089725388386
0.356,0.0331243336643582
0.358,0.043192494860387065
0.36,0.019951137001741667
0.362,0.027077261895363903
0.364,-0.003089827875805062
0.366,-0.039054725813528895
0.368,0.05706225033651095
0.37,0.0042193841749997504
0.372,0.061316212647691146
0.374,0.029726483275808922
0.376,0.05047445093029748
0.378,0.08611790451652755
0.38,-0.0026022611045127195
0.382,0.035709054201416054
0.384,-0.05337483176894879
0.386,0.11197728919391592
0.388,0.0746579820409797
0.39,0.031337632122824886
0.392,0.05474932629646774
0.394,0.0012463631073259263
0.396,0.04341212293354221
0.398,0.03770524161343841
0.4,0.06721000426231319
0.402,0.036405933973444944
0.404,0.021664714975423424
0.406,-0.04852215956604604
0.40800000000000003,0.10095324134142784
0.41000000000000003,-0.006416210883469525
0.41200000000000003,0.0005422900051874
0.41400000000000003,-0.009453328272934894
0.41600000000000004,-0.016324738840102902
0.418,0.10789972833807257
0.42,0.05361003312921004
0.422,0.08583347405641363
0.424,-0.008737495321428666
0.426,-0.027537742700224587
0.428,0.02109867976063752
0.43,0.10181870119947196
0.432,-0.014209664813684093
0.434,0.012597819223189623
0.436,0.076176383149862
0.438,0.07021070154300901
0.44,0.05737210463446843
0.442,-0.0093703956014379
0.444,0.03891648201206756
0.446,-0.013870020535849459
0.448,0.04502759483989674
0.45,0.07090098927387939
0.452,0.038360887227550905
0.454,0.08913401811575104
0.456,0.0597523557334882
0.458,-0.01644992316135139
0.46,0.031501413789202626
0.462,0.07713060602182144
0.464,0.11066364041642658
0.466,-0.02446194145197006
0.468,0.039803183000570876
0.47000000000000003,0.06739782324303122
0.47200000000000003,0.046123415543101315
0.47400000000000003,-0.01582101693865679
0.47600000000000003,0.004086547226741739
0.47800000000000004,-0.005517168940968077
0.48,0.0028640458312979497
0.482,0.05201028253931057
0.484,0.11506551224248748
0.486,-0.04437780970863932
0.488,0.053122117896371515
0.49,0.051696133088709614
0.492,0.15166674123942997
0.494,0.08174352745246591
0.496,0.07181710457117692
0.498,0.0014846609371077651
0.5,0.17324506381493093
0.502,0.1539121073144217
0.504,0.09672620485978056
0.506,0.08720392208587835
0.508,0.07637713034632551
0.51,0.10578986701798447
0.512,0.10983146762313735
0.514,0.0783258729645668
0.516,0.14055883743019656
0.518,0.19158423166351002
0.52,0.11412379434992147
0.522,0.14304527405844378
0.524,0.10712644846710165
0.526,0.10903405175714699
0.528,0.1869996386325855
0.53,0.05080806128837798
0.532,0.13010043665560722
0.534,0.14608222910370736
0.536,0.06241818885046796
0.538,0.1711387702450325
0.54,0.07927241613117088
0.542,0.06273213625443469
0.544,0.054507848593713625
0.546,0.14744591222596032
0.548,-0.023206391997731557
0.55,0.06223248277135578
0.552,0.10353731101642398
0.554,0.121786233181671
0.556,0.0777626166315678
0.558,0.10218874034478906
0.56,0.07733314725235024
0.562,0.029696609566547072
0.5640000000000001,0.01305520249089161
0.5660000000000001,0.0717308918858108
0.5680000000000001,0.12745848816137445
0.5700000000000001,0.010729362558568219
0.5720000000000001,0.05742147471274918
0.5740000000000001,0.02297355403189803
0.5760000000000001,0.06224909587176341
0.578,0.06378045085715242
0.58,-0.04857812769723595
0.582,0.02936394974891334
0.584,0.028224379580214735
0.586,0.04524626390857103
0.588,-0.027936563242711127
0.59,0.08844789779768972
0.592,0.01958501634820915
0.594,0.0668216067441307
0.596,0.0011919135275250334
0.598,0.01618113495186322
0.6,0.09510204324337138
0.602,0.11696478966999162
0.604,0.028299850106612724
0.606,0.08946643392191977
0.608,-0.03438189248484237
0.61,0.02959236022677597
0.612,0.018686592605026312
0.614,0.0048863297068007135
0.616,0.05172724470154108
0.618,0.055916883627370476
0.62,0.08163304299774361
0.622,0.10468378059807232
0.624,-0.006035049475758822
0.626,0.04392265624630711
0.628,0.014329006429694402
0.63,0.09870607269352119
0.632,-0.04191319635723616
0.634,0.03005606261579207
0.636,0.0388541548317603
0.638,0.07249838180984527
0.64,0.05863928089182347
0.642,0.08848447275560015
0.644,-0.026869361365222312
0.646,0.004944196465645593
0.648,0.09833579064125546
0.65,-0.014609641227759852
0.652,0.035565799511222816
0.654,0.04605311269700899
0.656,0.05276237972925445
0.658,-0.061488510897169994
0.66,0.07770516695251789
0.662,-0.024929802786041743
0.664,0.026705510736528576
0.666,-0.008217300673715464
0.668,-0.03655694809139883
0.67,0.036338819251549706
0.672,0.015855574996058004
0.674,-0.026168668261407395
0.676,0.010224685535737688
0.678,-0.004377127052305835
0.68,0.09697962244725049
0.682,0.1403208504271057
0.684,0.26241940302796285
0.686,0.3710773382215602
0.6880000000000001,0.5258846554977873
0.6900000000000001,0.6800215190581297
0.6920000000000001,0.8088297806208367
0.6940000000000001,0.7995879834538161
0.6960000000000001,0.9386084404440734
0.6980000000000001,0.9726609532902363
0.7000000000000001,1.0103854122390123
0.7020000000000001,0.9961152276381064
0.704,1.0008489163146903
0.706,0.8293858676745469
0.708,0.7699643600064681
0.71,0.543874796172644
0.712,0.46735571078041016
0.714,0.3904830080796762
0.716,0.24735547647552894
0.718,0.10766231187193258
0.72,0.09909595907836309
0.722,-0.039792512117415205
0.724,-0.03570890305973987
0.726,-0.13704554193548962
0.728,-0.0699774302477867
0.73,-0.22463552913573556
0.732,-0.16078153403094927
0.734,-0.11211175118595688
0.736,-0.06055487320305428
0.738,-0.011185688609825974
0.74,0.020177816054857925
0.742,-0.027834765558048927
0.744,-0.025303915441219356
0.746,-0.02610756001243557
0.748,0.0607578466340872
0.75,0.00426689227941586
0.752,0.06346596284353305
0.754,0.02219764902063579
0.756,0.03462663590390608
0.758,0.07355269088935186
0.76,0.11249954532519948
0.762,0.04844217204116025
0.764,0.03305507958837791
0.766,0.056710470184478126
0.768,-0.004218557222536799
0.77,0.034402582868459694
0.772,0.11289817405871438
0.774,0.09978136134797463
0.776,-0.03673003845211528
0.778,0.033665915506483506
0.78,0.08020905939228196
0.782,0.08358920089930048
0.784,0.001287475877855819
0.786,0.08510322192426709
0.788,0.1189005189420565
0.79,0.08549490337932543
0.792,0.07751106343028191
0.794,-0.0540782671133591
0.796,0.07679780116967878
0.798,0.0266673336826446
0.8,0.05559043508686434
0.802,0.0468075348103299
0.804,0.09340749419719589
0.806,0.01929533265617677
0.808,0.10021710313830136
0.81,0.029791283258147064
0.812,0.03549042801229099
0.8140000000000001,0.1117792112701961
0.8160000000000001,0.017368491776321524
0.8180000000000001,0.0891912529366248
0.8200000000000001,0.06146359719975553
0.8220000000000001,0.10176146764881067
0.8240000000000001,0.06159448891615824
0.8260000000000001,0.0676255586951418
0.8280000000000001,0.11190306546412124
0.8300000000000001,0.030251709731497194
0.8320000000000001,0.021692086121421313
0.834,0.11316566096216973
0.836,0.1168019193423289
0.838,0.06245294159043705
0.84,0.005593972904466213
0.842,0.032929510984587275
0.844,0.03232750351544508
0.846,0.08025671555182386
0.848,0.05341103901407348
0.85,0.07220909934494436
0.852,0.09718903775676752
0.854,0.08120665634151836
0.856,0.08566557511581176
0.858,0.019137409095998377
0.86,0.08185075621987895
0.862,0.07330726634235368
0.864,0.05401985914193392
0.866,0.036395944988833515
0.868,0.10979622276274695
0.87,0.07725093704847562
0.872,0.12800673565774284
0.874,0.0818438882336229
0.876,0.08330830514646546
0.878,0.071725321082164
0.88,0.14086674324832368
0.882,0.17576105846244197
0.884,0.1384052090653814
0.886,0.14173173095731925
0.888,0.1592449681429025
0.89,0.09126524412029391
0.892,0.19506587744880144
0.894,0.055425976018824916
0.896,0.1143393822335825
0.898,0.071055223620788
0.9,0.1763037227440354
0.902,0.18386766833773827
0.904,0.15089131005058
0.906,0.21908854714837517
0.908,0.18535797713535868
0.91,0.20744254627517322
0.912,0.19561678926221995
0.914,0.1883225965584333
0.916,0.16037324015386692
0.918,0.17247923517592084
0.92,0.27947765080753717
0.922,0.2626454269189405
0.924,0.25195438245915036
0.926,0.25143973259967495
0.928,0.20578787479466928
0.93,0.23188253764065153
0.932,0.18498587262144828
0.934,0.2698945748847105
0.936,0.2518565920793271
0.9380000000000001,0.205347578017231
0.9400000000000001,0.2950670254830058
0.9420000000000001,0.25651115870783453
0.9440000000000001,0.27812970196409353
0.9460000000000001,0.2012280689748996
0.9480000000000001,0.315681845707737
0.9500000000000001,0.2769196278437353
0.9520000000000001,0.31351007902398437
0.9540000000000001,0.22879237509979405
0.9560000000000001,0.30360655468737
0.9580000000000001,0.3099439615617453
0.96,0.25494444298784236
0.962,0.2292025071503514
0.964,0.19895356679933102
0.966,0.3396503456022973
0.968,0.3059766008109942
0.97,0.28463637031062455
0.972,0.19706367852253875
0.974,0.2507227156238804
0.976,0.32936069364992815
0.978,0.3108556478521467
0.98,0.12722657176423274
0.982,0.2450528574385834
0.984,0.2180227442133787
0.986,0.30154751751171355
0.988,0.23233529800430575
0.99,0.2176312593986643
0.992,0.20763218618993154
0.994,0.19020177857928233
0.996,0.11533172257641838
0.998,0.19409077227740737
1.0,0.23510653932152373
1.002,0.10794792090203958
1.004,0.1713395922383874
1.006,0.2324183550626597
1.008,0.18617857081627207
1.01,0.1698993094580789
1.012,0.15821159666150195
1.014,0.17665182184262057
1.016,0.15191026518321643
1.018,0.16290433333222298
1.02,0.18610977149743133
1.022,0.23689403923620853
1.024,0.1498649206591416
1.026,0.09415226584850181
1.028,-0.006218396075442001
1.03,0.10869599465786041
1.032,0.18592746500596025
1.034,0.028609333269967105
1.036,0.08308365383948049
1.038,0.047527337202803235
1.04,0.10706396082826786
1.042,0.11466811639458886
1.044,0.04190138656658713
1.046,0.10362335845691649
1.048,0.08411046959667917
1.05,0.08963077044046401
1.052,0.0691087263135431
1.054,0.12680427338668093
1.056,0.08673209734684888
1.058,0.10794802844174664
1.06,0.07283189013534544
1.062,0.061391915306517955
1.064,0.04542926947295709
1.066,0.0688516386975143
1.068,0.07769131428170203
1.07,0.032563830640603114
1.072,0.07067683122613672
1.074,0.05971232503678789
1.076,0.016833129620029467
1.078,0.0328494848988294
1.08,0.0031879496185609826
1.082,0.08225463057526436
1.084,0.021158637018804848
1.086,0.06356326103304302
1.088,0.04513923268835713
1.09,0.06715564740143518
1.092,0.07288461946433113
1.094,0.06043690889853953
1.096,0.09281504074817927
1.098,0.037437202490813906
1.1,0.066846184757459
1.102,0.034330334661211215
1.104,0.0763940885776813
1.106,0.06332682971622422
1.108,0.09812975051471756
1.11,0.05604329334332604
1.112,0.018669094580142622
1.114,0.07663046933848833
1.116,0.12165826012606366
1.118,0.0710917013474405
1.12,0.07815361444250156
1.122,0.07368949042848177
1.124,0.1001966004358081
1.1260000000000001,0.039958902471439656
1.1280000000000001,0.038628691474268506
1.1300000000000001,0.03487225389342651
1.1320000000000001,-0.03451857660626165
1.1340000000000001,-0.02019335894296745
1.1360000000000001,0.07086179057881237
1.1380000000000001,0.06106705942103752
1.1400000000000001,0.0701778158167306
1.1420000000000001,0.03760435997543039
1.1440000000000001,0.0378167812409518
1.1460000000000001,0.01529939016283495
1.1480000000000001,-0.0006736119439411034
1.1500000000000001,0.053879202472535505
1.1520000000000001,0.1768374079055552
1.154,-0.0027483150518067406
1.156,0.08235018647318575
1.158,0.009952090555661104
1.16,-0.006813106137718801
1.162,-0.001224428731509651
1.164,0.08303473372484725
1.166,-0.01928514590900427
1.168,0.006720234914637593
1.17,0.0646307016309094
1.172,0.0409442332753128
1.174,-0.020165523873422096
1.176,-0.07495281679638334
1.178,0.05441593947956194
1.18,0.0161681730926967
1.182,0.02099810917964584
1.184,0.07330749696872109
1.186,0.03210058354947475
1.188,0.05708658058416712
1.19,0.048306519384331156
1.192,0.059716450927444126
1.194,0.0531509796545858
1.196,0.08960531665590642
1.198,0.07328062543337319
1.2,0.03644706313617228
1.202,0.06961564979641724
1.204,0.13727407738272562
1.206,0.026240096824649374
1.208,-0.03157388499302919
1.21,0.035436089785521624
1.212,0.04318181158942461
1.214,0.05615087490091074
1.216,0.04496936932790252
1.218,0.0552399340191652
1.22,0.0643009456199692
1.222,0.10056875885760769
1.224,0.07443158339335063
1.226,0.10090805658916144
1.228,0.022454706422263514
1.23,0.03263576906301405
1.232,0.021726491857032466
1.234,0.04730173340502257
1.236,0.05796496294562643
1.238,0.0739568462391482
1.24,0.0864481151383488
1.242,0.05253308875018071
1.244,0.028745974148120967
1.246,0.048716531447799305
1.248,0.009697392607374351
1.25,0.05076645090078988
1.252,0.074061473210539
1.254,0.011873210084674422
1.256,0.03382774651210254
1.258,0.0020499347404997967
1.26,0.018707259406618278
1.262,0.08047294661808763
1.264,0.013266600387869303
1.266,0.03954388451567506
1.268,0.11825695299690114
1.27,0.025756060397245234
1.272,0.10062433367519025
1.274,0.020259252688233156
1.276,0.02558765264314218
1.278,-0.03228733491910303
1.28,-0.0064531405680343865
1.282,0.11230299682297434
1.284,0.06035996609168011
1.286,0.0049585136719151185
1.288,0.017137837983589636
1.29,0.0982214352001333
1.292,0.013366124312742582
1.294,0.0026123486678068797
1.296,-0.0024337490818475936
1.298,0.08779996244591287
1.3,0.0503507045459704
1.302,0.10201768133077055
1.304,0.0008769860132850082
1.306,0.039142948760747434
1.308,0.018895646357601013
1.31,0.00026717937640177714
1.312,0.029381259061304957
1.314,0.06304167371041097
1.316,0.01094154016232754
1.318,0.029470825470370814
1.32,0.06717792514833458
1.322,0.03455275754937301
1.324,0.043213297153178024
1.326,0.04041796181051278
1.328,-0.00797845128391797
1.33,0.016271377095257514
1.332,0.04109162659756072
1.334,0.048211356667287805
1.336,0.11742100967764776
1.338,0.04481374849074142
1.34,0.06184932102498583
1.342,0.09029550341714809
1.344,0.07070102451425817
1.346,0.05205757667328989
1.348,0.08593117108100984
1.35,-0.05810314936073874
1.352,-0.001944920433295444
1.354,0.026474484390166322
1.356,0.060853930800818516
1.358,0.09583534536437206
1.36,-0.0009365970410071811
1.362,0.05385020036392644
1.364,0.02642506422413117
1.366,0.05273387713252799
1.368,0.10868408922547147
1.37,0.1653340999258632
1.372,0.10571717801817865
1.374,0.009463312064216134
1.3760000000000001,0.14067712966581702
1.3780000000000001,0.06982827951798237
1.3800000000000001,0.08554684230808908
1.3820000000000001,0.14461454245674188
1.3840000000000001,0.13231054216809646
1.3860000000000001,0.1751978121822826
1.3880000000000001,0.2007578369782551
1.3900000000000001,0.1338678652838152
1.3920000000000001,0.06294042054281591
1.3940000000000001,0.1175501028604313
1.3960000000000001,0.08629169559325733
1.3980000000000001,0.19322956055147414
1.4000000000000001,0.1727559003805186
1.4020000000000001,0.1596058119028046
1.4040000000000001,0.09401688535453637
1.4060000000000001,0.13692587799866895
1.408,0.08777100748601367
1.41,0.12587035901453497
1.412,0.09506741155018437
1.414,0.12218845678021537
1.416,0.09820984154981553
1.418,0.18651270960402805
1.42,0.10090247101922109
1.422,0.11059586178100178
1.424,0.09930365235355575
1.426,-0.018111451175741408
1.428,0.0924405913429254
1.43,0.06788416339377532
1.432,0.02260140011831556
1.434,0.04629448997707863
1.436,0.049827973128606186
1.438,0.1585847164461573
1.44,0.04698115315856263
1.442,0.03335917642750767
1.444,-0.04634708866350987
1.446,-0.0018692817653824384
1.448,0.05983552310032993
1.45,-0.011414448587697856
1.452,0.08023479306704975
1.454,0.03265836580256943
1.456,0.10154401859781426
1.458,-0.0009357826238150097
1.46,0.05878490970165777
1.462,0.02294521624148151
1.464,-0.013449459175077096
1.466,0.06579325548692551
1.468,0.04320013523021982
1.47,0.12172862334258344
1.472,0.08357983074873034
1.474,0.05855915481660466
1.476,0.007351534086096838
1.478,-0.003955133993784037
1.48,0.035533989657050374
1.482,0.003795464287920422
1.484,0.031615883894169916
1.486,0.12195664002816078
1.488,0.017927366758292755
1.49,0.03396689143185231
1.492,0.019458793511387257
1.494,0.020044924882068202
1.496,0.037033568710987605
1.498,-0.006869529784677676
1.5,0.07737161141396799
1.502,0.09005841378930127
1.504,0.05871165273061811
1.506,0.10781320976272252
1.508,0.00968513486557386
1.51,0.022737488853464577
1.512,0.033151822508712646
1.514,0.006322925651741761
1.516,-0.028541822887921127
1.518,0.040531903945857
1.52,0.08418584420173277
1.522,-0.013260153462653405
1.524,0.040902561673799825
1.526,0.03558931721416675
1.528,0.02619325453354058
1.53,-0.019368845165305685
1.532,0.059520153040256166
1.534,0.07850115412916667
1.536,0.007030487524256689
1.538,0.015985890136062168
1.54,0.013293364954208377
1.542,-0.0569098222428902
1.544,-0.11688525304363334
1.546,-0.07041273811007485
1.548,0.00938330479678657
1.55,0.018781173491761012
1.552,-0.015560234628152396
1.554,-0.021427585372068795
1.556,0.13901838457288102
1.558,0.07464125431437657
1.56,0.1824157295193447
1.562,0.3542589834337421
1.564,0.45721672660072804
1.566,0.5005786162176428
1.568,0.7194207052699414
1.57,0.8544509704920854
1.572,0.9110630043616088
1.574,1.036391044542714
1.576,1.025906393365833
1.578,0.9749765277476727
1.58,0.959113392951803
1.582,0.8363475273124028
1.584,0.7265101117003465
1.586,0.6698783808724238
1.588,0.5766630043977858
1.59,0.45706985715860704
1.592,0.3215030505727219
1.594,0.056477850141996494
1.596,0.08715094954180919
1.598,-0.0009017488864710779
1.6,-0.07453828715765892
1.602,-0.10794796527547522
1.604,-0.10736665183718219
1.606,-0.01091993554982637
1.608,-0.17383531168308056
1.61,-0.14988513635407227
1.612,-0.1901118481596698
1.614,-0.08483748637653281
1.616,-0.12966647114500435
1.618,-0.042974996381910054
1.62,0.023858453423114215
1.622,-0.03065583069164393
1.624,-0.005263060591701039
1.6260000000000001,0.002896452332296051
1.6280000000000001,-0.02933124458899427
1.6300000000000001,0.014895741801940143
1.6320000000000001,-0.05890711737415585
1.6340000000000001,0.03507332573011232
1.6360000000000001,-0.031129345421015163
1.6380000000000001,0.05807602313177312
1.6400000000000001,0.029795852694917618
1.6420000000000001,0.06965858001558559
1.6440000000000001,0.02465372991080622
1.6460000000000001,-0.01433353400804763
1.6480000000000001,-0.005251233186486664
1.6500000000000001,0.017260540132225735
1.6520000000000001,0.011879945551351447
1.6540000000000001,0.09936723608885545
1.6560000000000001,0.00924468517186728
1.6580000000000001,0.08855096418706487
1.6600000000000001,-0.004094860806586456
1.6620000000000001,0.007713207049536165
1.6640000000000001,0.006267351361076309
1.666,-0.003681077571546107
1.668,0.02027711314991344
1.67,0.039807198708530764
1.672,0.04618151576014199
1.674,0.06930704758526829
1.676,-0.01471897461466393
1.678,0.018524351262693382
1.68,-0.03701848905806211
1.682,0.003588506863157613
1.684,0.040929319194847345
1.686,0.0431219452923412
1.688,0.07568444345519651
1.69,0.05588286541060068
1.692,0.009647148909940576
1.694,0.083108796303873
1.696,0.06897072975869004
1.698,0.0011828457646727228
1.7,0.059730133542691924
1.702,-0.00914147381742586
1.704,0.11217141018566676
1.706,0.11825168375055366
1.708,0.038001952592595804
1.71,0.007689987260497438
1.712,0.029681044800141387
1.714,0.06190057326981731
1.716,0.03574609930557166
1.718,0.025791730856993485
1.72,0.05332110168939243
1.722,0.022352683395587596
1.724,0.06026144029435269
1.726,0.11803612252914938
1.728,0.024983340914510772
1.73,0.04399758264119204
1.732,0.01622232122809647
1.734,0.08049666096571506
1.736,0.12066757473302961
1.738,0.11325686333698921
1.74,0.019360014081755528
1.742,0.056057968933129636
1.744,0.014165460336569013
1.746,0.05730738178334777
1.748,0.034491833416737706
1.75,0.11156101014115244
1.752,0.01759824978215646
1.754,0.04607211225013154
1.756,0.13052481964512835
1.758,0.09562877720710904
1.76,0.08796175091932726
1.762,0.16083275367511496
1.764,0.10348672031569212
1.766,0.10320204282961924
1.768,0.14767032016018905
1.77,0.10741836912859301
1.772,0.16313567603359316
1.774,0.14705293606067069
1.776,0.09818773615105639
1.778,0.1100354561239767
1.78,0.10930966843528366
1.782,0.1717644584441032
1.784,0.23329128781535802
1.786,0.15442285248073864
1.788,0.14193586409372183
1.79,0.15109807964498206
1.792,0.23761785599661112
1.794,0.16943715948785715
1.796,0.1920453635772737
1.798,0.2001453483026536
1.8,0.1820278616865627
1.802,0.21748007287151638
1.804,0.25204235838974715
1.806,0.1930957411255323
1.808,0.1969376499883129
1.81,0.19421863448965837
1.812,0.247665669161288
1.814,0.20316495955026814
1.816,0.2666858579690343
1.818,0.24632615827496607
1.82,0.327131012192029
1.822,0.23240417867457436
1.824,0.31969743973316744
1.826,0.2922394147718896
1.828,0.261367232656739
1.83,0.22510421837379727
1.832,0.21642168519439994
1.834,0.33685171833260397
1.836,0.22057331735753044
1.838,0.25509575695148
1.84,0.25142759468662723
1.842,0.24297417630962911
1.844,0.20925149500532916
1.846,0.250754207805469
1.848,0.20570687284009742
1.85,0.22034008618946913
1.852,0.3197007163268963
1.854,0.2896480462680148
1.856,0.3181676390610638
1.858,0.27594747242791157
1.86,0.27512718237483597
1.862,0.1824463440080847
1.864,0.26460583931065007
1.866,0.2892098494181533
1.868,0.2124522512426505
1.87,0.15405115989304968
1.872,0.2315214094763315
1.874,0.25857170048613787
1.8760000000000001,0.15520371338783673
1.8780000000000001,0.20768925663123083
1.8800000000000001,0.13210043027485546
1.8820000000000001,0.22010963713582152
1.8840000000000001,0.19252738586292914
1.8860000000000001,0.22306495201126897
1.8880000000000001,0.20607242225891767
1.8900000000000001,0.18195931246083538
1.8920000000000001,0.10586150388253726
1.8940000000000001,0.1677998838173529
1.8960000000000001,0.10873031621056777
1.8980000000000001,0.1673084360565073
1.9000000000000001,0.12588790656629786
1.9020000000000001,0.05589570843857204
1.9040000000000001,0.17232377805773266
1.9060000000000001,0.14912256882725106
1.9080000000000001,0.10677407053620416
1.9100000000000001,0.0064316920447565346
1.9120000000000001,0.1004935601214045
1.9140000000000001,0.10332361641571483
1.9160000000000001,0.16079640581574797
1.9180000000000001,0.0547821008014268
1.92,0.004101745852963537
1.922,0.08821139632630169
1.924,0.0637399118779435
1.926,0.03333402212113437
1.928,0.05891608305863845
1.93,-0.047145428066470645
1.932,0.03944319339830618
1.934,0.1017842172822522
1.936,0.06690589909883825
1.938,0.07087873766532443
1.94,0.07233522391394398
1.942,0.05336775108344985
1.944,0.05574674576629533
1.946,0.01784651973401921
1.948,0.048632643267601354
1.95,0.030020215963951307
1.952,0.04659444507777258
1.954,0.003268136370839024
1.956,0.05170808311566094
1.958,0.0829172926194765
1.96,-0.03217895394498722
1.962,0.012188959302786365
1.964,0.006109041788871156
1.966,0.01982046409220284
1.968,0.01894502635525157
1.97,0.05961079151411236
1.972,0.15117023344624117
1.974,0.06498084164640319
1.976,-0.0024608579523739474
1.978,-0.019990259028874295
1.98,-0.03443969103457378
1.982,0.03879525055171292
1.984,-0.009593395905305478
1.986,-0.0014401336148774715
1.988,0.07950072269957531
1.99,0.0004173215638713923
1.992,0.002834240803088351
1.994,-0.020493938438656406
1.996,-0.032300335608701346
1.998,0.011302878785137428
2.0,-0.02107216150732512
2.0020000000000002,-0.0059780964904894845
2.004,0.040616808664635365
2.0060000000000002,-0.044485768390632736
2.008,0.04440085834024429
2.0100000000000002,0.010634359581124932
2.012,0.025737258399010355
2.0140000000000002,-0.018296130592721015
2.016,0.022112520792573614
2.0180000000000002,0.07186503956051374
2.02,0.07740869542724352
2.0220000000000002,-0.053828441792351765
2.024,-0.016042273473274294
2.0260000000000002,0.04886061974241372
2.028,0.061822765112320044
2.0300000000000002,-0.022363008666690668
2.032,0.05625115039047609
2.0340000000000003,0.031850419388054045
2.036,0.002866303374397316
2.0380000000000003,0.0876446710693691
2.04,0.03476180366512582
2.0420000000000003,0.07108646120494705
2.044,-0.052220431539157966
2.0460000000000003,-0.08085498757514019
2.048,0.016089772170220316
2.05,0.03345820508249985
2.052,0.007795036661171532
2.054,0.07378240337127101
2.056,-0.07264852442274769
2.058,0.09019386896436787
2.06,0.004093311399456357
2.062,0.0007696210058974178
2.064,-0.010165455930942336
2.066,0.04206217682311134
2.068,0.01912782075183976
2.07,0.03027817966517868
2.072,0.10103064439288638
2.074,0.014451445201720117
2.076,0.1032152931769399
2.078,-0.030461246200045908
2.08,0.01391398311638005
2.082,-0.06049457076666598
2.084,0.022703814503253532
2.086,-6.014613815729514e-05
2.088,0.013896430715250211
2.09,0.08312582241037926
2.092,0.10013778313439227
2.094,-0.06035174186206012
2.096,0.011312759956560378
2.098,0.09802336791206587
2.1,-0.0026607723132511286
2.102,-0.022043285551451814
2.104,0.0156646195545999
2.106,0.004076711361841914
2.108,-0.03909673655703165
2.11,-0.04096670633567571
2.112,-0.01640561067951793
2.114,-0.023645884602632613
2.116,0.04340735536296065
2.118,0.03035750516756658
2.12,0.004995142057848501
2.122,0.03670968507099304
2.124,-0.047347128088084514
2.126,-0.011162412248451497
2.128,0.021284020792308102
2.13,0.001964985990052617
2.132,0.03405346042729011
2.134,-0.03122768622675373
2.136,0.00088486156418403
2.138,0.0925962450022638
2.14,0.05102995147919241
2.142,0.0647392451773539
2.144,-0.009627248895982063
2.146,0.026102063731423958
2.148,-0.005758014374810251
2.15,0.010251148749432712
2.152,0.04076062955200627
2.154,0.021532784060581723
2.156,0.016550643771324376
2.158,-0.006348134588779891
2.16,-0.000561829621279996
2.162,0.03725682942986015
2.164,0.06075510325242542
2.166,0.06455661642800212
2.168,0.06581536909707109
2.17,0.04909054421976081
2.172,0.045051249310493854
2.174,0.14418936677435423
2.176,0.039238973368722674
2.178,0.09261613290667639
2.18,0.11593413448129358
2.182,0.024498615360164004
2.184,0.024475484219707015
2.186,0.05576149690905396
2.188,0.06747999215587919
2.19,0.14566180129593384
2.192,0.12626826980351408
2.194,0.09279857916177894
2.196,0.07348656277545933
2.198,0.04812599314861317
2.2,0.1159304062673995
2.202,0.02920442759651687
2.204,0.12282455246002459
2.206,0.13052065609833852
2.208,0.08375138787501636
2.21,0.049118369390111334
2.212,0.08183624905209448
2.214,0.08861668498449846
2.216,0.05925535304840505
2.218,0.09914746872020093
2.22,0.038271978804745435
2.222,0.054748331923937646
2.224,0.07306828598118033
2.226,0.004288615212685903
2.228,0.05757168606622207
2.23,0.053945251960889014
2.232,0.0035171888243557548
2.234,0.0838109036304933
2.236,0.07641109775184379
2.238,0.045450166787065066
2.24,0.055482937962152284
2.242,0.024361409018633616
2.244,0.004810865015051885
2.246,-0.05387836435507402
2.248,-0.04424884477631911
2.25,-0.0475651398609836
2.2520000000000002,0.00656933300762657
2.254,0.03683050386135567
2.2560000000000002,0.00268005822793602
2.258,-0.050531644640110666
2.2600000000000002,0.017370020179104252
2.262,0.04884673927534883
2.2640000000000002,-0.049988486437279996
2.266,-0.061492886450484334
2.2680000000000002,0.03215589626599713
2.27,-0.04475597461948749
2.2720000000000002,0.08179273232116029
2.274,0.024405654822792496
2.2760000000000002,-0.0025708112180216408
2.278,-0.033499835756017865
2.2800000000000002,-0.011828019069419254
2.282,0.05280578905169013
2.2840000000000003,-0.024232849759423494
2.286,-0.014696865884762893
2.2880000000000003,0.05281797468830947
2.29,0.018767350400280762
2.2920000000000003,-0.012501293356168178
2.294,-0.05321776361104977
2.2960000000000003,0.007793550638006134
2.298,-0.014526305199975428
2.3000000000000003,-0.06113995141738478
2.302,-0.015684705911536718
2.3040000000000003,0.05073799778633786
2.306,0.12261443471502376
2.308,0.023630844101792548
2.31,0.0035721703625391926
2.312,-0.0657566982084992
2.314,0.003736253885123334
2.316,-0.024924361553527057
2.318,-0.0447002613894954
2.32,0.02554758469454005
2.322,0.005225818451445559
2.324,0.02691795665540192
2.326,-0.013231223320312908
2.328,-0.05039306817826929
2.33,-0.023971646578468175
2.332,-0.037755197300593346
2.334,0.016491541264432953
2.336,-0.021541256426675794
2.338,-0.06265865253224709
2.34,0.0009345469271423365
2.342,-0.07468670367374902
2.344,-0.1398035908900159
2.346,-0.06108779286468087
2.348,-0.07949554840786582
2.35,-0.03385721783265625
2.352,0.01745908064704347
2.354,-0.015697526088323747
2.356,0.08876615197026673
2.358,0.12387205809884812
2.36,0.3041694399327191
2.362,0.37914177164608565
2.364,0.4518556273421128
2.366,0.597965996612248
2.368,0.7570268122151385
2.37,0.8454829369537519
2.372,0.886001426317292
2.374,0.9969132585791778
2.376,1.0322838314520424
2.378,0.9493956669375392
2.38,0.9371422674670521
2.382,0.7845998491395563
2.384,0.6734034558574866
2.386,0.5840206209218841
2.388,0.4193519703379293
2.39,0.28131209103651755
2.392,0.12742073927954717
2.394,-0.037971244322483194
2.396,-0.05094629257572252
2.398,-0.14748913823268525
2.4,-0.14211677202711717
2.402,-0.1436351020014498
2.404,-0.2166195857104101
2.406,-0.15817350706209748
2.408,-0.14085951423424942
2.41,-0.20471414805281035
2.412,-0.1895278184967972
2.414,-0.17834286320575893
2.416,-0.11171011321841409
2.418,-0.07774553728129469
2.42,0.004739382508526284
2.422,-0.05261902206962667
2.424,-0.006332083371195698
2.426,-0.02807207374206984
2.428,-0.011592937872956885
2.43,-0.013080216010492217
2.432,0.0006772492547143516
2.434,-0.10157919083608129
2.436,0.029619570996036976
2.438,-0.02127631318754814
2.44,-0.048611125785911584
2.442,-0.12123851899623973
2.444,-0.026151990126165335
2.446,-0.03322918070598334
2.448,-0.06764449705134384
2.45,-0.010232012920256803
2.452,0.03419149187976352
2.454,0.0015942448191369422
2.456,0.01777595596125776
2.458,0.05335813835128523
2.46,-0.08266421795607005
2.462,-0.0770922449170893
2.464,-0.04562951514380484
2.466,-0.04362170331494332
2.468,-0.06200879262343246
2.47,0.01566281555642496
2.472,-0.031210226321863363
2.474,-0.016909077268105713
2.476,-0.005568102606178824
2.478,-0.06616477447637242
2.48,-0.1052529545773234
2.482,-0.02957993703328241
2.484,-0.062486321100651304
2.486,0.03355391211676708
2.488,-0.015335910716701652
2.49,0.03049858115198435
2.492,0.014106611688871503
2.494,-0.019332838215846537
2.496,-0.0682016972311077
2.498,-0.013170246994074012
2.5,0.001717291971673189
2.5020000000000002,0.020320903481492073
2.504,0.02769656997176998
2.5060000000000002,-0.01607761202499454
2.508,-0.06516151098641319
2.5100000000000002,-0.0023046326907385332
2.512,-0.027255984316183347
2.5140000000000002,-0.02169448821589527
2.516,-0.07878871999886838
2.5180000000000002,-0.037549372815149716
2.52,0.029793384149229604
2.5220000000000002,0.08360861091080293
2.524,-0.01686952089503481
2.5260000000000002,0.008481376811114853
2.528,0.019708436792665412
2.5300000000000002,-0.028952031418814028
2.532,-0.022668617168459193
2.5340000000000003,0.005754369094581299
2.536,0.05164461476284462
2.5380000000000003,0.0391122233522517
2.54,0.006027975147272421
2.5420000000000003,-0.04137118611740487
2.544,-0.021376207545122487
2.5460000000000003,0.02208703486989898
2.548,0.03442921703895864
2.5500000000000003,-0.005169860340435775
2.552,0.014851060496965812
2.5540000000000003,0.0230825859349583
2.556,-0.023110387049619194
2.5580000000000003,0.02322082318814848
2.56,0.053729829238327545
2.562,0.05793905273612068
2.564,-0.009727667488987964
2.566,0.12216931819496626
2.568,0.08711231825782434
2.57,0.11857739640196176
2.572,0.09583947810451822
2.574,-0.0011086292831054
2.576,0.018404568331432246
2.578,0.07359388797299199
2.58,0.008715568158504577
2.582,0.1143499023721576
2.584,0.17498618869696358
2.586,0.160929299189438
2.588,0.15789772175870326
2.59,0.1631156999221812
2.592,0.16191330748453306
2.594,0.09100558016213865
2.596,0.15975797253323998
2.598,0.13967731645572368
2.6,0.163975210238266
2.602,0.18537684497235377
2.604,0.1270924596457645
2.606,0.18663489078253076
2.608,0.13075118027213756
2.61,0.05593674811679779
2.612,0.1338952460373923
2.614,0.21491211416545183
2.616,0.24069410884897816
2.618,0.2522902542179891
2.62,0.26363156158524537
2.622,0.18658636197731598
2.624,0.15937106586167318
2.626,0.17131691468631363
2.628,0.17096040051020017
2.63,0.19105075094175275
2.632,0.15434925524471882
2.634,0.1574587177411047
2.636,0.19239857039533398
2.638,0.2644969756502179
2.64,0.19704919490040998
2.642,0.23712214344405613
2.644,0.19251648426384127
2.646,0.285789022558371
2.648,0.13568846041980176
2.65,0.19877781214462803
2.652,0.22941182595221407
2.654,0.25250574149441785
2.656,0.14642732015803786
2.658,0.12781648955719177
2.66,0.13525642364887167
2.662,0.20391024891115508
2.664,0.18490994864730126
2.666,0.22109065594513874
2.668,0.17132351238601534
2.67,0.1516502085666295
2.672,0.18196932556734588
2.674,0.1559825169808703
2.676,0.15526305600187937
2.678,0.09644509432948001
2.68,0.09745727533798568
2.682,0.08186502249672237
2.684,0.11956749861424688
2.686,0.022651660050939118
2.688,0.16234441669856864
2.69,0.11285132230572036
2.692,0.13012736537415162
2.694,0.007247532825596967
2.696,0.10753319998726676
2.698,-0.0425371434892917
2.7,0.10166580713868383
2.702,0.08918394646300971
2.704,0.0670251340901576
2.706,0.04362100113408471
2.708,0.02559000750266071
2.71,-0.021368813010341853
2.712,-0.013826833178240312
2.714,0.030822835723821423
2.716,0.014894781321089214
2.718,0.017296815004007426
2.72,0.07003263752843561
2.722,0.034270193947069504
2.724,0.027949978383478118
2.726,0.06378752557436729
2.728,-0.024920657699505064
2.73,-0.029469048278109186
2.732,0.007802161011308019
2.734,-0.023065434467895052
2.736,-0.012420937502447998
2.738,0.008044687729679268
2.74,0.011937647114467102
2.742,0.026691930839607168
2.744,-0.005790479784318105
2.746,0.05329163321898308
2.748,-0.025846182830309455
2.75,-0.017253991777696164
2.7520000000000002,-0.08392563694883856
2.754,0.00686534354998152
2.7560000000000002,-0.12359040523114913
2.758,0.03354511845787729
2.7600000000000002,0.010530931670018596
2.762,0.04923150562918964
2.7640000000000002,-0.06106269313251063
2.766,-0.028669757871055454
2.7680000000000002,-0.029774254690836
2.77,-0.053783976013108595
2.7720000000000002,-0.03484938704030535
2.774,0.04621651959812838
2.7760000000000002,-0.05269743299941436
2.778,-0.10014396441590584
2.7800000000000002,-0.0404537399440002
2.782,-0.013611973128740372
2.7840000000000003,-0.1020410341944686
2.786,-0.053262869909735194
2.7880000000000003,0.04335333292146728
2.79,-0.04079961810237063
2.7920000000000003,0.017546825272627145
2.794,-0.052358619811921525
2.7960000000000003,-0.052261901165885825
2.798,-0.10085480875720054
2.8000000000000003,-0.10811623477685735
2.802,0.03148608583157021
2.8040000000000003,-0.09530471909855123
2.806,0.047483913068475575
2.8080000000000003,-0.029126557402325812
2.81,-0.08703939460661367
2.8120000000000003,-0.044886639383073676
2.814,0.011652128339779258
2.816,0.019974786436669917
2.818,4.4119528927948765e-05
2.82,-0.03864124299532246
2.822,-0.03730250842367693
2.824,-0.06145757658571867
2.826,-0.0720371533040689
2.828,0.02098101313073343
2.83,-0.057914836212082044
2.832,-0.08562705321223674
2.834,-0.02606834688865487
2.836,0.013789217697613713
2.838,-0.03189390696864504
2.84,0.04524720303194559
2.842,-0.04953485846683536
2.844,0.015354808024769406
2.846,-0.09486741323644846
2.848,-0.02091684637605385
2.85,0.0012237535754611312
2.852,-0.038546681795797864
2.854,-0.012795530264668745
2.856,-0.04212539407504946
2.858,-0.028361694115037576
2.86,-0.019135022998080037
2.862,-0.006985458527769134
2.864,-0.1513996550432768
2.866,-0.07838784520845977
2.868,-0.10767522203297857
2.87,-0.06394635734767083
2.872,0.011665825467142444
2.874,0.013871495377154014
2.876,-0.05386110838517822
2.878,-0.06165828534588429
2.88,-0.04921834938080779
2.882,-0.03336543834053452
2.884,-0.06341680046081574
2.886,-0.015597619992465386
2.888,-0.055259670005936484
2.89,-0.054089579547088304
2.892,-0.03647402131409172
2.894,-0.08383634278744446
2.896,0.02689709930000394
2.898,0.012251404627872185
2.9,0.016475960097900283
2.902,-0.04259459691232571
2.904,0.0009037402927864445
2.906,-0.1767932816471191
2.908,-0.09764489234168794
2.91,-0.021214921503051588
2.912,-0.08098931287014768
2.914,-0.03289136558636533
2.916,-0.0935545574525218
2.918,-0.07614028656378385
2.92,0.0023861191735447575
2.922,-0.04925831794894587
2.924,-0.037350233451719526
2.926,-0.07528631060353273
2.928,-0.04563385378857368
2.93,-0.02581777195842296
2.932,-0.075083390093414
2.934,0.01304261893859357
2.936,-0.07226531743911704
2.938,-0.008459042236704167
2.94,0.04521002829773564
2.942,-0.019379898972023614
2.944,-0.05759512843849013
2.946,0.000401356052487499
2.948,-0.0656228792030468
2.95,-0.038477345637935874
2.952,-0.025748834698459327
2.954,-0.052973165970806924
2.956,-0.11543190553704002
2.958,-0.041973236754903366
2.96,-0.0044392914867762215
2.962,0.00488494708359323
2.964,-0.06083146833085669
2.966,-0.03950532469428438
2.968,0.029675231872288203
2.97,-0.049677156739663206
2.972,0.014442983591887892
2.974,-0.12286115583217597
2.976,-0.01803274831273817
2.978,-0.031712710824863
2.98,-0.11161413236644163
2.982,-0.10425123468172853
2.984,-0.032439229939622075
2.986,0.035726847006362014
2.988,-0.036378326242273856
2.99,-0.06838776872887331
2.992,-0.04865981116912661
2.994,-0.07168672358613097
2.996,-0.05079586002676395
2.998,-0.08929774842486275
3.0,0.006154343037019498
3.0020000000000002,-0.04750247388379626
3.004,-0.06244966217309737
3.0060000000000002,-0.04479545072405261
3.008,-0.03184078870827264
3.0100000000000002,-0.14709713689656229
3.012,-0.0671576950496518
3.0140000000000002,-0.06864622585114795
3.016,-0.010012478080105552
3.0180000000000002,0.027962660968688546
3.02,-0.10472284290296038
3.0220000000000002,-0.04516110206801238
3.024,-0.061420658054730785
3.0260000000000002,-0.05917932275459824
3.028,-0.08710938391164857
3.0300000000000002,-0.04773697172892968
3.032,-0.14243096880223882
3.0340000000000003,0.02682995800222901
3.036,-0.00021132217746739138
3.0380000000000003,0.04317801480371438
3.04,-0.025284874381430227
3.0420000000000003,-0.021432474915861317
3.044,-0.12203093216192093
3.0460000000000003,-0.0533393860711402
3.048,-0.06159366213256684
3.0500000000000003,-0.1109464238504897
3.052,-0.006628935024503103
3.0540000000000003,-0.0737269237512185
3.056,-0.05976485811103846
3.0580000000000003,-0.04025532994677807
3.06,-0.04214894328991385
3.0620000000000003,-0.0849675087057039
3.064,-0.012735316103328738
3.0660000000000003,-0.03162307084195436
3.068,0.02611227611904607
3.0700000000000003,-0.017997293229483582
3.072,-0.04838446184761838
3.074,-0.021627206744499607
3.076,-0.12889618524897914
3.078,-0.035404997821119576
3.08,-0.0668827762273071
3.082,0.023823907314779486
3.084,-0.019555672823622968
3.086,0.018378476608921925
3.088,-0.0023261911921975426
3.09,-0.022814857152810224
3.092,-0.02672369768971954
3.094,-0.010060208965742822
3.096,0.010987147992355166
3.098,0.025938124934397722
3.1,0.026714824249813703
3.102,-0.012993449532580456
3.104,0.05252807065824835
3.106,-0.032175079367347946
3.108,0.02362701267557116
3.11,0.029030823615029414
3.112,-0.0060236460871945265
3.114,-0.011409343730931356
3.116,0.09206550599716107
3.118,0.0013549279013995441
3.12,0.07847439984135747
3.122,0.0654711226032188
3.124,0.03234962565196172
3.126,-0.0010415004890859843
3.128,0.012660159772818237
3.13,-0.006847435013098289
3.132,0.02606096354963377
3.134,0.021634837415421524
3.136,0.05516601784106523
3.138,0.01718220473205615
3.14,0.023672089565685284
3.142,-0.012045914433881005
3.144,0.011225058893862015
3.146,0.007346056185909451
3.148,-0.07399054206087807
3.15,-0.013006492788465291
3.152,0.025724421324202006
3.154,-0.009047630676032
3.156,0.1037233998734071
3.158,-0.051001304101035934
3.16,-0.10433530494621801
3.162,-0.05977049940460676
3.164,-0.10020672149587669
3.166,-0.002901701463765914
3.168,-0.09403183230160962
3.17,-0.10782071432005977
3.172,0.030527388287983126
3.174,-0.02668918274121626
3.176,-0.041530358569499076
3.178,-0.08373762762098498
3.18,-0.019633162101621346
3.182,-0.05363398277083052
3.184,-0.07284691133228388
3.186,-0.03382331266039167
3.188,0.044309792328089265
3.19,0.005725055700663083
3.192,-0.018484711625404677
3.194,-0.09469045001105476
3.196,0.005660294564081042
3.198,-0.02925890203140737
3.2,-0.09424874018762265
3.202,-0.09917739358536493
3.204,0.006875481308874453
3.206,-0.0736059529876215
3.208,0.005507962169005759
3.21,-0.07704696791665862
3.212,-0.04597752707041783
3.214,-0.04756172515349158
3.216,-0.030938844777203087
3.218,-0.05634756476327288
3.22,0.04314326106145159
3.222,0.020853363015562343
3.224,-0.10454321733081577
3.226,-0.053532772888567275
3.228,-0.029002308000356948
3.23,-0.06601895638821977
3.232,-0.07790024017508632
3.234,-0.04714535256147709
3.236,0.041704623673152925
3.238,-0.02441944335896115
3.24,-0.05566063358415597
3.242,-0.08137516005116249
3.244,-0.09904934642196547
3.246,-0.11930141127426089
3.248,-0.10493551461116293
3.25,-0.07380447969958528
3.2520000000000002,0.0823808576989897
3.254,-0.03686809345589464
3.2560000000000002,-0.002726149060507707
3.258,-0.1190083457219838
3.2600000000000002,-0.0966644872946679
3.262,-0.10534993230809711
3.2640000000000002,-0.11101484448705504
3.266,-0.09575705151150511
3.2680000000000002,-0.08914368456368271
3.27,-0.01381680344072321
3.2720000000000002,-0.12640609574961018
3.274,-0.198448424363532
3.2760000000000002,-0.11935969200907903
3.278,-0.06111943084645974
3.2800000000000002,-0.011818537076179534
3.282,-0.0036707822817363053
3.2840000000000003,0.199246639243674
3.286,0.3484815723019797
3.2880000000000003,0.4388841810621873
3.29,0.48002078897292294
3.2920000000000003,0.689420584737174
3.294,0.8034422639555856
3.2960000000000003,0.8209301897477705
3.298,0.9572861387949113
3.3000000000000003,0.9253367837927449
3.302,0.9843317309043371
3.3040000000000003,0.901811191833455
3.306,0.8169703086977603
3.3080000000000003,0.624286363345653
3.31,0.5258416737410444
3.3120000000000003,0.3915687408867663
3.314,0.30383378847028464
3.3160000000000003,0.09007967919494375
3.318,0.04427115109645574
3.3200000000000003,-0.03102656995612528
3.322,-0.08870511396430426
3.3240000000000003,-0.14098679183916643
3.326,-0.21330848953283746
3.3280000000000003,-0.25157142190538895
3.33,-0.2702142054634189
3.332,-0.26847959453139114
3.334,-0.2613447917264891
3.336,-0.2006325532403233
3.338,-0.13410979710292764
3.34,-0.16172450724812235
3.342,-0.15841082949758187
3.344,-0.10966635728550227
3.346,-0.07623019514991683
3.348,-0.14283121004746777
3.35,-0.04849660646210574
3.352,-0.031159737699408115
3.354,-0.0371376340044973
3.356,-0.05320121280359928
3.358,0.018421107132117136
3.36,-0.015476854034406871
3.362,-0.09087922347397256
3.364,-0.09637063043447047
3.366,-0.07526699291266263
3.368,-0.053946169564711446
3.37,-0.07705361586993953
3.372,-0.06671544007319216
3.374,-0.10672989170434824
3.376,-0.03198857474672652
3.378,-0.0449350825660043
3.38,-0.020594907015019315
3.382,0.02539413935551057
3.384,-0.046250972826717224
3.386,-0.057301104492744614
3.388,-0.028159994859912166
3.39,-0.09425214519797069
3.392,-0.06664854579603312
3.394,-0.08094051431424097
3.396,0.023779956013006615
3.398,-0.07687446117736019
3.4,-0.045664337694732625
3.402,-0.028300881408464186
3.404,-0.09054668425096801
3.406,-0.04350482757719927
3.408,0.009548906490614156
3.41,-0.06909210422042612
3.412,-0.0890254219382485
3.414,-0.12516586856862677
3.416,-0.04609911610283707
3.418,0.01134885795175987
3.42,-0.0715442591063843
3.422,-0.035205444764320144
3.424,0.005651875395931094
3.426,-0.029092216509874175
3.428,-0.12193828343231543
3.43,-0.029795046538275423
3.432,-0.1393904296662697
3.434,-0.07521051478988539
3.436,0.00249177740531081
3.438,-0.0033424529013931746
3.44,-0.05792739082120423
3.442,-0.05597684129946178
3.444,-0.022499450932546135
3.446,-0.06208502654112423
3.448,-0.056920350775665964
3.45,-0.03757627803417767
3.452,-0.03921741068602494
3.454,-0.06632551012969874
3.456,-0.040470430564671075
3.458,0.04827836889433106
3.46,-0.022019805100660456
3.462,-0.0839074478544907
3.464,-0.007894148981605408
3.466,-0.045548994259677913
3.468,-0.010114144488962333
3.47,0.02518671574856404
3.472,-0.041147826858314675
3.474,0.007996926295369978
3.476,-0.00418280880141491
3.478,0.02857355199224043
3.48,0.035312069387814844
3.482,0.026614778011670732
3.484,-0.024392889333072994
3.486,-0.017248272047588116
3.488,0.0497715102732132
3.49,0.05444510108269735
3.492,0.010456704615853126
3.494,0.0762656027127625
3.496,0.03527498471412452
3.498,0.07100431866762799
3.5,0.08127223948304943
3.5020000000000002,0.035988431909224426
3.504,0.031022603152835934
3.5060000000000002,0.15361618714641365
3.508,0.11445697408943858
3.5100000000000002,0.053698229463010394
3.512,0.004595922246642903
3.5140000000000002,0.09844863156280426
3.516,0.0890343186131131
3.5180000000000002,0.1828620214832442
3.52,0.13341479416555763
3.5220000000000002,0.1616840509467605
3.524,0.12705512306292877
3.5260000000000002,0.059784756455163846
3.528,0.07158886226344222
3.5300000000000002,0.11186234204749818
3.532,0.1634142234441239
3.5340000000000003,0.26881414070439835
3.536,0.1427267409307832
3.5380000000000003,0.14813478785205875
3.54,0.14983500230561422
3.5420000000000003,0.19379237829774043
3.544,0.10366836613278477
3.5460000000000003,0.15729850367110113
3.548,0.17574680210133334
3.5500000000000003,0.2262216429111747
3.552,0.2286484308827801
3.5540000000000003,0.20859957077390198
3.556,0.2204747842699567
3.5580000000000003,0.2408305046009106
3.56,0.16644388332878973
3.5620000000000003,0.19763446230462697
3.564,0.2268807633844725
3.5660000000000003,0.2013392455733945
3.568,0.1871886046324874
3.5700000000000003,0.15271148528158718
3.572,0.16689932205935148
3.5740000000000003,0.19829166737008766
3.576,0.1482339230371781
3.5780000000000003,0.23666285488093297
3.58,0.1356329765353708
3.5820000000000003,0.16307921134312414
3.584,0.10664210055175727
3.586,0.18256648482352483
3.588,0.08376987868394581
3.59,0.1124338833008754
3.592,0.14573059800075283
3.594,0.149763458187884
3.596,0.14078283898321095
3.598,0.11325383401069677
3.6,0.225972133448118
3.602,0.08906467768115262
3.604,0.19097507218991305
3.606,0.13846205624669328
3.608,0.08791896608791712
3.61,0.12488143581448553
3.612,-0.036282557949406644
3.614,0.06622445805728178
3.616,0.07861939456089206
3.618,0.10701962157536715
3.62,0.11918411806183174
3.622,0.015075550946690067
3.624,0.11882269781451849
3.626,0.1239786824498702
3.628,0.06810568217251366
3.63,-0.07117330647533747
3.632,0.02632238653872724
3.634,-0.007732448741763473
3.636,0.04727979928921508
3.638,0.012171263427820841
3.64,-0.02813003375455131
3.642,-0.03281746847010964
3.644,-0.059587668496043196
3.646,-0.05065356296605772
3.648,0.001443195144127097
3.65,-0.01192152498350496
3.652,-0.02270582990559607
3.654,-0.10244690990487279
3.656,0.01933866707280681
3.658,-0.06661086372627034
3.66,-0.07898301832043922
3.662,0.005776248696410517
3.664,-0.04581883336990319
3.666,-0.005328886959489049
3.668,-0.09168708435297676
3.67,-0.023817210298533856
3.672,0.014033408854540661
3.674,-0.03821960364279441
3.676,-0.0004251743966376467
3.678,-0.0690937803496694
3.68,-0.12573305534470947
3.682,0.03700885175136982
3.684,-0.08818708848715598
3.686,-0.059505723465421094
3.688,-0.04227253920112253
3.69,-0.026388121108725623
3.692,-0.050427714074700564
3.694,-0.06060603382731935
3.696,-0.10091802988581747
3.698,-0.10639683246017226
3.7,-0.05335362900993066
3.702,-0.03516436012635146
3.704,0.028863506699458506
3.706,-0.006952505262021111
3.708,0.027795916619443674
3.71,-0.10293307917485478
3.712,-0.10808350323318847
3.714,-0.054612712148233336
3.716,-0.07681349229854936
3.718,-0.05967830374379607
3.72,-0.02943575130045075
3.722,-0.08455011508620323
3.724,-0.016370581714566405
3.726,-0.02417298561781688
3.728,-0.12877540839924673
3.73,0.013733605362349494
3.732,-0.05478639577148413
3.734,0.0022969599411521435
3.736,-0.06312375822645627
3.738,-0.05220693873841293
3.74,-0.04672541646897033
3.742,-0.02916481593319493
3.744,-0.07272066935887751
3.746,-0.05500315392275716
3.748,-0.0350943143591954
3.75,-0.06359169235677986
3.7520000000000002,-0.04259243329548245
3.754,-0.0460733800605324
3.7560000000000002,-0.010371009477824523
3.758,-0.03706095397020755
3.7600000000000002,-0.04377199540379313
3.762,-0.06577198054420781
3.7640000000000002,-0.03010226376904786
3.766,-0.043925680102818956
3.7680000000000002,-0.08069464394320991
3.77,-0.017500572068738215
3.7720000000000002,-0.07841939036685606
3.774,-0.003963459179198547
3.7760000000000002,-0.020132389955461485
3.778,0.0003460688686150806
3.7800000000000002,-0.056938019474775246
3.782,-0.058171029777987174
3.7840000000000003,-0.033132111733902146
3.786,-0.021315672254295766
3.7880000000000003,0.0037953104936513174
3.79,-0.0021659710069542766
3.7920000000000003,-0.026221809460077274
3.794,-0.08515729040729358
3.7960000000000003,0.03197738847784142
3.798,-0.09863398717986345
3.8000000000000003,-4.200174832246634e-05
3.802,-0.010962675902866665
3.8040000000000003,0.004754121985291241
3.806,-0.014178127857041006
3.8080000000000003,-0.08774704756601594
3.81,-0.06961479758660777
3.8120000000000003,-0.0868246901939251
3.814,-0.0432840160776008
3.8160000000000003,-0.004665111211739341
3.818,-0.03635620048175094
3.8200000000000003,-0.13019245203358287
3.822,0.01185976428247264
3.8240000000000003,0.005367352065025761
3.826,-0.09190106786903164
3.8280000000000003,-0.0016967764643182892
3.83,-0.07969210231496585
3.8320000000000003,-0.05032120452923475
3.834,-0.11335111491059818
3.8360000000000003,-0.05761303492035987
3.838,-0.012369933562682392
3.84,-0.028691477850863508
3.842,-0.042344574452760284
3.844,0.0023228379477732153
3.846,-0.08707796997757189
3.848,-0.027418338511625458
3.85,-0.034265969871543935
3.852,-0.03990445959057447
3.854,0.03864212781074118
3.856,-0.008133067442980802
3.858,-0.03861733288490026
3.86,-0.022430982127549317
3.862,-0.11681525859104797
3.864,-0.04231250568905698
3.866,-0.05075410703598538
3.868,0.03402188680844752
3.87,0.0061096958675800235
3.872,-0.05135012619858412
3.874,-0.022897732606859282
3.876,-0.0993627305376403
3.878,-0.0523850872376381
3.88,-0.04796398333760752
3.882,-0.003141040518834355
3.884,-0.011287836214822095
3.886,-0.031356942814409566
3.888,0.054158688907481115
3.89,0.0026749266044438745
3.892,0.03513823920886068
3.894,-0.03980257320614938
3.896,-6.976303934214112e-05
3.898,-0.04454159369906092
3.9,-0.0651690827546847
3.902,0.05782395910757206
3.904,0.04014565519320964
3.906,-0.033560760204925086
3.908,0.031326167789633146
3.91,0.00882845450428953
3.912,-0.028314208408315094
3.914,-0.035026525662376545
3.916,0.06119921173615452
3.918,0.03018983045528988
3.92,0.026696211424268243
3.922,0.0071473209583447425
3.924,0.09114261707018109
3.926,0.032485532683110205
3.928,0.026044449893137294
3.93,-0.01637992911340376
3.932,-0.05782957289341568
3.934,0.08359246922229344
3.936,0.08495602648881206
3.938,0.03819296375440688
3.94,0.0720394178937393
3.942,-0.058975617267281934
3.944,0.025782885944644857
3.946,0.06727944828251962
3.948,0.11420217842264872
3.95,-0.011009157698111678
3.952,0.09706846161317824
3.954,0.03104471221943569
3.956,-0.04270029572640434
3.958,0.041298833600765486
3.96,0.057886341536797344
3.962,-0.056374845957123276
3.964,-0.05764734961866794
3.966,0.010712950004466674
3.968,-0.03644865636042599
3.97,-0.015904154813455
3.972,0.02803046751303968
3.974,-0.038786990657106196
3.976,-0.0539012236073768
3.978,-0.012157642588830325
3.98,-0.023622847999487953
3.982,-0.018845690014310364
3.984,0.025501251688064712
3.986,0.030781893442094973
3.988,-0.05199010525412923
3.99,0.02364157953743584
3.992,-0.012103220438377558
3.994,-0.067422977717993
3.996,-0.06834265106547793
3.998,0.02220109661277471
4.0,-0.03159275822758862
4.002,-0.0013513327898924225
4.0040000000000004,0.035296650460216204
4.006,-0.107756605515056
4.008,-0.006796878114380258
4.01,-0.09601573602594232
4.0120000000000005,-0.044814689146898394
4.014,-0.09231663077850694
4.016,0.03008465163164624
4.018,-0.04983429574854444
4.0200000000000005,0.0036159710901945696
4.022,-0.047899156576097016
4.024,-0.023100611482308124
4.026,0.01286567242094868
4.0280000000000005,-0.03300934450033375
4.03,-0.03846669727527953
4.032,-0.1104783154144188
4.034,0.0052865919816039025
4.0360000000000005,-0.04606911376821524
4.038,-0.05703723031528797
4.04,0.00037163543577233005
4.042,-0.06997418741225951
4.0440000000000005,-0.02633592815535527
4.046,0.009403554693568697
4.048,-0.06069606115834006
4.05,-0.05893883147307523
4.0520000000000005,-0.018507519063014975
4.054,0.01212636644243018
4.056,-0.049608897896461474
4.058,-0.023299419262903097
4.0600000000000005,0.025641230225702756
4.062,-0.0341933128148334
4.064,-0.07154687769977952
4.066,-0.03283930500107777
4.0680000000000005,-0.07616086314537875
4.07,0.04382875344647885
4.072,-0.025810651537399264
4.074,-0.0916582235625021
4.0760000000000005,-0.062153148812283565
4.078,-0.08511457925587254
4.08,-0.06264650738774569
4.082,-0.062162670957623935
4.0840000000000005,-0.1186723083624602
4.086,-0.08910396303044092
4.088,-0.09308438257474518
4.09,-0.1080049689322342
4.0920000000000005,-0.04329040660984687
4.094,-0.03489288679768807
4.096,0.02832727871897105
4.098,0.12268388896866528
4.1,0.20097042171820106
4.102,0.363289383023003
4.104,0.43973195218312466
4.106,0.6014103287697518
4.108,0.67164250611394
4.11,0.8754323238446284
4.112,0.790674416348534
4.114,0.9923932652273012
4.116,0.9461592037233237
4.118,0.9510150813175313
4.12,0.8829603436033513
4.122,0.7474763554023798
4.124,0.5883126037103605
4.126,0.5343266185404522
4.128,0.36550514686389113
4.13,0.22498513438902498
4.132,0.10955705387006366
4.134,0.022655115051405
4.136,-0.043911330128948066
4.138,-0.0861947889923005
4.14,-0.1349040874499405
4.142,-0.21281489119592392
4.144,-0.2471448054456824
4.146,-0.1932669913787283
4.148,-0.20747158239102306
4.15,-0.21103816784879934
4.152,-0.09241819471963805
4.154,-0.18542238644536319
4.156,-0.10182931420332225
4.158,-0.0799635156703078
4.16,-0.05205716502927135
4.162,-0.0935631719500018
4.164,-0.04840239435167726
4.166,-0.13196801797587868
4.168,-0.05001680338858719
4.17,-0.0074167945125307696
4.172,-0.03246295501746881
4.174,-0.013815053483342454
4.176,0.007875731668193116
4.178,-0.01573689450550464
4.18,-0.06978057482319613
4.182,-0.023111256980775936
4.184,-0.034166947812383594
4.186,-0.09239659662502112
4.188,0.03595639622275817
4.19,-0.08325095748430773
4.192,-0.04150806933851491
4.194,-0.010321600839676405
4.196,-0.039545532123534975
4.198,-0.05161905467382652
4.2,0.06423516494329608
4.202,0.060060545128148256
4.204,-0.06406289516714958
4.206,-0.02457106696363774
4.208,-0.07261530560389212
4.21,-0.04976405578864847
4.212,-0.09555356656241801
4.214,-0.1026701076176018
4.216,-0.03736397884852809
4.218,-0.06683896618446103
4.22,-0.032773899796723543
4.222,-0.0029343085328996316
4.224,0.0015579157635719106
4.226,0.0197418213853088
4.228,-0.0160720925327999
4.23,-0.07985365700614147
4.232,-0.006064180023214169
4.234,-0.023502131106911878
4.236,-0.062291297123146384
4.238,0.044046200123376844
4.24,-0.040763177076460363
4.242,-0.06580957383984909
4.244,0.09534982826849381
4.246,-0.04733008881034974
4.248,-0.08151458732047413
4.25,-0.018986358340738165
4.252,0.01570767578560127
4.2540000000000004,-0.02268208205202755
4.256,0.05626911791659977
4.258,-0.002645606320689663
4.26,0.009465020816953697
4.2620000000000005,0.050358684520403575
4.264,0.01120395610824658
4.266,-0.05469344306570424
4.268,-0.009971799750595627
4.2700000000000005,0.05885113208869966
4.272,0.09801609954341547
4.274,0.07140422505952428
4.276,-0.01871956207201887
4.2780000000000005,-0.0705135649857978
4.28,-0.014078026787748086
4.282,0.054622490504876595
4.284,0.03429190179491766
4.2860000000000005,-0.018359124669808505
4.288,0.08485436923359357
4.29,0.0554559122815952
4.292,-0.018338274380815582
4.2940000000000005,-0.02580347970046613
4.296,0.014960270695877355
4.298,-0.012442800684201765
4.3,0.03761191413128628
4.3020000000000005,0.0625605054859276
4.304,0.015979776093257986
4.306,0.08410389863132327
4.308,0.057663138405310524
4.3100000000000005,0.10085442828573586
4.312,0.0194130824218319
4.314,0.1624004686131347
4.316,0.05498819740005582
4.3180000000000005,0.07594209692238553
4.32,0.05908865540978778
4.322,0.11744324686264945
4.324,0.20530151607726715
4.3260000000000005,0.024916009727340163
4.328,0.07418390663290046
4.33,0.11128418274134955
4.332,0.14196062562923661
4.3340000000000005,0.13925860043963562
4.336,0.15671678838547287
4.338,0.18442605107817564
4.34,0.1742978703103855
4.3420000000000005,0.202850187481211
4.344,0.22362475836635531
4.346,0.08813774996060662
4.348,0.1489136238738363
4.3500000000000005,0.1601646202519377
4.352,0.18957884262466781
4.354,0.2618204555565414
4.356,0.21998993060309666
4.358,0.2558367967322713
4.36,0.13939414972659064
4.362,0.18668166403112488
4.364,0.2100025825111043
4.366,0.2222660645396633
4.368,0.23814403126100414
4.37,0.19710423512528621
4.372,0.3064840136182802
4.374,0.21433929669489415
4.376,0.18541360821992345
4.378,0.18271276554280017
4.38,0.21233299919863047
4.382,0.20829198829543125
4.384,0.23811084786267012
4.386,0.16825274663599732
4.388,0.1778598415996192
4.39,0.28576421990282624
4.392,0.18241921376901737
4.394,0.20962307208888065
4.396,0.17572898256752675
4.398,0.19580644217048157
4.4,0.24035550876623518
4.402,0.26600874717941664
4.404,0.18028791024210036
4.406,0.22032830309506718
4.408,0.12768840169493956
4.41,0.14249999277479097
4.412,0.1424983089997504
4.414,0.15724885177845876
4.416,0.2001992050892473
4.418,0.20648084071498035
4.42,0.11862090755303323
4.422,0.15368407847315968
4.424,0.1023974817379919
4.426,0.09970854575437957
4.428,0.06928808570210546
4.43,0.08774995959233506
4.432,0.17233206442524718
4.434,0.02192837152026031
4.436,0.06634099754719616
4.438,0.10556852206404618
4.44,0.04848754146340776
4.442,0.06844007214642522
4.444,0.045807816766252056
4.446,0.07524529590899616
4.448,0.0684003434968735
4.45,0.09215383318668682
4.452,0.08517014513648946
4.454,0.11813729712849211
4.456,0.1007443937081344
4.458,0.023050784830670887
4.46,0.04067831970748078
4.462,-0.04661334071573805
4.464,-0.00423564615675898
4.466,0.0292771291555843
4.468,0.054398480819041944
4.47,0.06154157845357471
4.472,0.026217073691481036
4.474,0.042958982485363534
4.476,0.02948174479779742
4.478,-0.05486356687327662
4.48,-0.041893471558308984
4.482,-0.06337920242473032
4.484,0.05087565087283647
4.486,0.0444669022169292
4.488,-0.04787202401458536
4.49,0.01389004315407166
4.492,-0.03025818346515128
4.494,-0.019435664878273935
4.496,-0.04047272777007915
4.498,0.05821746374483294
4.5,-0.06284654870336408
4.502,0.013453362507322089
4.5040000000000004,-0.003279530255186427
4.506,-0.024767078917053195
4.508,0.011957242991131788
4.51,0.005628182437476689
4.5120000000000005,0.051269278661990075
4.514,0.01508256939802522
4.516,-0.011328663760318112
4.518,0.05556977003009864
4.5200000000000005,-0.012295738400433767
4.522,0.009553274532816833
4.524,0.05381892705255667
4.526,-0.04751585680273604
4.5280000000000005,-0.021722207381436237
4.53,0.003258826371112633
4.532,-0.03404048369596681
4.534,-0.019920109587154216
4.5360000000000005,-0.02511773632247581
4.538,0.05245098866476153
4.54,0.023817456967282824
4.542,0.015052345416780365
4.5440000000000005,-0.053477705588600474
4.546,-0.026891373577482156
4.548,-0.02238599053074867
4.55,-0.014588334272043766
4.5520000000000005,0.0071719476237875985
4.554,-0.01946391516478061
4.556,0.02321119996139541
4.558,-0.04443063691100657
4.5600000000000005,-0.030000161088098203
4.562,0.019045308921389437
4.564,-0.08080780330554219
4.566,0.06919752111431632
4.5680000000000005,0.010879865049022412
4.57,0.017229195986554317
4.572,-0.009161171172543704
4.574,0.03500162596925321
4.5760000000000005,-0.020458634047618576
4.578,0.02431292628951112
4.58,-0.004979110330047047
4.582,-0.013627507472464905
4.5840000000000005,-0.04473762103670188
4.586,0.05097236467882854
4.588,0.05396181759289066
4.59,-0.02163468396267324
4.5920000000000005,-0.010537159726039204
4.594,0.02723486403448092
4.596,0.0094051165343038
4.598,0.03436612584132756
4.6000000000000005,0.04017133009912121
4.602,-0.04045196641671578
4.604,0.06830280885204353
4.606,-0.029796027699801896
4.6080000000000005,0.05436395765137142
4.61,-0.04177160367397852
4.612,0.014356416378566168
4.614,-0.0001421547538181106
4.616,0.04146542748430831
4.618,0.01594917390308058
4.62,0.0006389977290791535
4.622,0.05309508665350622
4.624,-0.023442841171031265
4.626,-0.053903862024931345
4.628,0.02458312969120855
4.63,-0.014927176846949834
4.632,0.030908338958149244
4.634,-0.03210348010757545
4.636,-0.00474048568385306
4.638,-0.008614184057407357
4.64,0.000809621219822667
4.642,0.01067488381238766
4.644,-0.015355164490401293
4.646,-0.02818310928302472
4.648,0.025596939612646176
4.65,-0.017328857214514652
4.652,0.06187255307635889
4.654,-0.07735380978353505
4.656,0.04455332601614694
4.658,-0.009022987513402657
4.66,0.052199631985078966
4.662,-0.01914680733603428
4.664,-0.09051285577140916
4.666,0.14105148843527393
4.668,0.03429052001139178
4.67,0.0712020878224902
4.672,0.09444900145227915
4.674,-0.010100097413252818
4.676,0.12011895488167397
4.678,-0.07378435684853418
4.68,-0.022398955269966405
4.682,0.0022789089261467505
4.684,0.024031419221855192
4.686,-0.010914452003884217
4.688,0.059012216922435065
4.69,0.06897751836132393
4.692,0.07047413166899696
4.694,-0.026909957266867554
4.696,-0.0909421511650659
4.698,-0.00906987220336233
4.7,0.02719675334057526
4.702,0.028391006584482924
4.704,0.10624984988928438
4.706,0.04670717529237385
4.708,0.016519761555839757
4.71,-0.034064211087492295
4.712,0.0006871161913997821
4.714,-0.041661026553394494
4.716,0.021552048900436965
4.718,0.01783838878718001
4.72,0.04392971317481689
4.722,0.0181507834880782
4.724,-0.04204772781689091
4.726,0.0849238506577279
4.728,0.0009807754235232361
4.73,-0.059817148497811015
4.732,0.020250173924730275
4.734,0.03397748835127852
4.736,0.0051190311762219914
4.738,0.01149582560215658
4.74,0.01701888900964537
4.742,0.020044875421184195
4.744,-0.056650043716718376
4.746,0.04597330687209821
4.748,-0.021409396990757636
4.75,0.015574367585070479
4.752,0.0159704370190971
4.7540000000000004,0.07443299278297916
4.756,0.056715752592993704
4.758,0.053270711345750614
4.76,0.005114278024338264
4.7620000000000005,0.015348255150383999
4.764,0.05284667189625784
4.766,0.0521713713825019
4.768,0.0423825043662416
4.7700000000000005,-0.017513575016959854
4.772,0.1672646826813358
4.774,0.06802072876081548
4.776,-0.025658133130373448
4.7780000000000005,0.03752547146896299
4.78,0.08002443162084308
4.782,0.07652961245761312
4.784,0.1100608565048306
4.7860000000000005,0.11481632410158019
4.788,0.12220238425272612
4.79,0.13849975749143728
4.792,0.17131318073826635
4.7940000000000005,0.07100483272530288
4.796,0.07573264950256998
4.798,0.08996097269071444
4.8,0.18169190261440674
4.8020000000000005,0.038824272175401436
4.804,0.09806382178501244
4.806,0.06310114128768786
4.808,0.08538073091130162
4.8100000000000005,0.100396631372488
4.812,0.09489299083055126
4.814,0.08371731406743335
4.816,0.19477259844658468
4.8180000000000005,0.09999022015302664
4.82,0.06210457197464826
4.822,0.040899454129958324
4.824,0.09482603500875099
4.8260000000000005,0.06818344010852811
4.828,0.030275449881775468
4.83,0.08153808320597392
4.832,0.019746092570868054
4.8340000000000005,0.0443162664095528
4.836,0.05613303013028208
4.838,0.05928252315202995
4.84,0.03693796287222742
4.8420000000000005,0.06978407054198257
4.844,0.0575394896091313
4.846,0.03577143749176784
4.848,0.030084349560204678
4.8500000000000005,-0.017846928772005256
4.852,0.01301424534543727
4.854,0.135737904770463
4.856,0.050193599714118395
4.8580000000000005,0.02922173381109497
4.86,0.051852545589264644
4.862,0.015571441528839637
4.864,0.07449945479853096
4.866,0.014892698637576121
4.868,0.02264881883227384
4.87,0.03525936582027724
4.872,0.039271259797804804
4.874,0.004696522425161019
4.876,-0.011110737197540955
4.878,-0.03189796825550204
4.88,0.03847719010860176
4.882,0.03754244005189196
4.884,0.08645087325830147
4.886,0.1570789828735591
4.888,0.046289659611094644
4.89,0.052562828558577065
4.892,-0.04197736441882919
4.894,-0.017631387257449383
4.896,-0.025186182846700617
4.898,0.015840330307062257
4.9,0.023498964246779837
4.902,0.07811434858902494
4.904,0.029648682949519903
4.906,0.0013491264610669892
4.908,0.059428972860179834
4.91,-0.008682639566215119
4.912,0.04583613125287854
4.914,0.060686114722226084
4.916,-0.022463210725712505
4.918,0.07307134898599325
4.92,0.034519562862318096
4.922,0.09961169192800304
4.924,0.02201444166879948
4.926,0.011102802035118804
4.928,0.006642836896013211
4.93,0.007758258545677681
4.932,-0.019792065790302772
4.934,0.00047258721116457195
4.936,-0.0686352531255732
4.938,0.1104730293863995
4.94,0.0004866278130592691
4.942,0.021875315695485537
4.944,-0.04619479372084609
4.946,0.022149676494663095
4.948,-0.01605057078036997
4.95,-0.0974923903528826
4.952,-0.09989689871046724
4.954,-0.012011039877565806
4.956,0.020010708744649934
4.958,-0.08401979978587566
4.96,0.04104848446308364
4.962,-0.03157476000740106
4.964,0.07567348933164
4.966,0.20608042143815403
4.968,0.2441468390212525
4.97,0.3568172768408582
4.972,0.507955391423187
4.974,0.6711514903772088
4.976,0.7338948580484485
4.978,0.9019281945040203
4.98,0.9710666471678747
4.982,1.0527467514887048
4.984,1.0277596149319712
4.986,1.087238655729359
4.988,0.9243499606572491
4.99,0.8348829077727675
4.992,0.6297468366048284
4.994,0.5489526698436162
4.996,0.3128383836742131
4.998,0.22790374582693587
5.0,0.1285765670347318
5.002,0.05409441053057771
5.0040000000000004,-0.012166424240342495
5.006,-0.032419565941296025
5.008,-0.09046116945127652
5.01,-0.184830682276796
5.0120000000000005,-0.1699164224234207
5.014,-0.18051063277187612
5.016,-0.1398220258872282
5.018,-0.19157918932735574
5.0200000000000005,-0.08061214579256609
5.022,-0.007767486622996901
5.024,-0.014916799658447423
5.026,-0.07059731783884511
5.0280000000000005,0.03776990437198911
5.03,-0.1075275051133171
5.032,-0.006415718255758323
5.034,0.011125120992339886
5.0360000000000005,0.03783586392229514
5.038,0.05502837543276486
5.04,0.021476711981961293
5.042,0.05385757976085892
5.0440000000000005,0.06216472662172263
5.046,0.030029111403262164
5.048,0.030825246597759835
5.05,0.03223341956794602
5.0520000000000005,0.055511286150183366
5.054,0.05098498162090107
5.056,0.03274186921230708
5.058,0.044158990499691776
5.0600000000000005,0.01872875037960175
5.062,-0.016427363261824268
5.064,0.03098225591323249
5.066,0.024932755981974253
5.0680000000000005,0.034423817462915174
5.07,0.0713611908342766
5.072,-0.0031135226585344497
5.074,0.049968292053633435
5.0760000000000005,-0.014847738731826685
5.078,0.05193527645864528
5.08,0.046175817263809635
5.082,0.028344693537394394
5.0840000000000005,0.04697520193986374
5.086,0.05283495197190549
5.088,-0.03720912062418142
5.09,-0.016693398248161767
5.0920000000000005,-0.00298658555753447
5.094,-0.011102721177826434
5.096,0.012463908123291588
5.098,-0.03378602335261066
5.1000000000000005,0.06252632452693817
5.102,0.02618943607742352
5.104,0.041869997334619616
5.106,0.009848439134486159
5.1080000000000005,0.10562827980402778
5.11,0.04679698024916345
5.112,0.0023422330804230666
5.114,-0.0112553023077085
5.1160000000000005,0.004703683717564272
5.118,0.025150723785671653
5.12,0.024576857216319165
5.122,0.04041793238433149
5.124,0.048735357492402404
5.126,0.01988367846314532
5.128,0.04946795603069701
5.13,0.10519595944898996
5.132,0.04497414065734932
5.134,0.008394476038690167
5.136,0.09016744589746084
5.138,0.06835758761470839
5.14,0.06684189004232254
5.142,0.10578458665398029
5.144,0.06844028833760107
5.146,-0.01927076285418075
5.148,0.060953221628184916
5.15,0.02925981290690558
5.152,0.11720625876356715
5.154,0.039718577250336305
5.156,0.09314314919268067
5.158,0.04354284461887721
5.16,0.07265228894576659
5.162,0.06007405041969861
5.164,0.06786434698202534
5.166,0.024333371965245792
5.168,0.11287306863132762
5.17,0.15722384432568776
5.172,0.057612133287827896
5.174,0.11539006162663167
5.176,0.07218447854596591
5.178,0.13962262174803897
5.18,0.0619444759834055
5.182,0.165585216814279
5.184,0.11477475482202035
5.186,0.16902557367303692
5.188,0.14419894590134327
5.19,0.22381301996943548
5.192,0.09917415960238976
5.194,0.161982355611956
5.196,0.1143615176908569
5.198,0.20594743288643935
5.2,0.1775829113036136
5.202,0.2136080728608777
5.204,0.1929145272404253
5.206,0.2625902557838577
5.208,0.18988569183955314
5.21,0.16915380189999119
5.212,0.20555420594995286
5.214,0.17345154491820816
5.216,0.24778482925816211
5.218,0.3026466771881709
5.22,0.28141948623839874
5.222,0.3156051693738677
5.224,0.3140977424776946
5.226,0.25112087476058265
5.228,0.1846485140457257
5.23,0.2222146782290148
5.232,0.23638307111678597
5.234,0.3211615522892421
5.236,0.2662485559144304
5.238,0.26463253834594264
5.24,0.30028761550795363
5.242,0.32095004814269834
5.244,0.241521379271991
5.246,0.21278816611130047
5.248,0.20980751136937267
5.25,0.34292698226603535
5.252,0.28879662737281225
5.2540000000000004,0.24100064127994916
5.256,0.34458200908159786
5.258,0.28714227772060946
5.26,0.2231173714919364
5.2620000000000005,0.24644268669493374
5.264,0.2552011625392668
5.266,0.27963339620762473
5.268,0.21738929611506647
5.2700000000000005,0.26719787655701355
5.272,0.2874741681250086
5.274,0.29833771307272505
5.276,0.25072092266124113
5.2780000000000005,0.2501975338847427
5.28,0.2525122028283022
5.282,0.22977920707559424
5.284,0.20551277851221417
5.2860000000000005,0.25316196350510967
5.288,0.22555410249629648
5.29,0.2590389874681813
5.292,0.17331069710328195
5.2940000000000005,0.12408194316707405
5.296,0.07544330885268813
5.298,0.1658354260161142
5.3,0.1959942650576088
5.3020000000000005,0.11671637538563943
5.304,0.13689729984528332
5.306,0.14211753784087996
5.308,0.08817517674606903
5.3100000000000005,0.054664887416078306
5.312,0.03634095639319718
5.314,0.10379823283842331
5.316,0.09451364680207766
5.3180000000000005,0.0825200483419058
5.32,0.1602484227148444
5.322,0.04019527464297952
5.324,0.058696322548310004
5.3260000000000005,0.09315591711878658
5.328,0.07896808690785986
5.33,0.04424610562562753
5.332,0.07530267396911185
5.3340000000000005,0.06200289872401568
5.336,0.06850802344798025
5.338,0.04055921137269866
5.34,0.06063399413754926
5.3420000000000005,-0.048781092551869146
5.344,0.018946151560474106
5.346,0.10288418659356828
5.348,0.0326121659137303
5.3500000000000005,0.02359435384159104
5.352,0.10419921663988317
5.354,0.03228019394735571
5.356,0.04723711002901401
5.3580000000000005,0.05945108537687014
5.36,0.09056415046957281
5.362,0.07074694885193078
5.364,0.027837210310817484
5.3660000000000005,-0.018659663915066592
5.368,0.13801478581716278
5.37,0.08514795527103036
5.372,0.09020847632039011
5.3740000000000006,0.05756374020955326
5.376,0.09536848319085184
5.378,0.06415183614010224
5.38,0.05714335777356564
5.382,0.03066180252684491
5.384,0.0018336878903437506
5.386,0.025210083996789687
5.388,0.07415208252527276
5.39,0.06616854901840732
5.392,0.03243569374160944
5.394,0.016187721219057455
5.396,0.020360881897865696
5.398,0.06983498461590817
5.4,0.06176768244512828
5.402,0.03217957088602347
5.404,0.07995285140678593
5.406,0.06573771723177343
5.408,0.013837227426079172
5.41,0.02878716043763757
5.412,0.07087582982374777
5.414,0.0027158816266077447
5.416,0.07117249618369871
5.418,0.062075106906197774
5.42,-0.001308215601318219
5.422,0.06142536312069245
5.424,0.03074802997017093
5.426,0.09056905719167035
5.428,0.04109750361764743
5.43,0.08026428580319384
5.432,0.058187502108750205
5.434,0.08451215197700217
5.436,0.006918837805416446
5.438,0.06249088554736535
5.44,0.04286726032906723
5.442,0.06954181952126856
5.444,0.04211702168438784
5.446,0.03785715679857928
5.448,0.07041556329298532
5.45,-0.009141761309020328
5.452,0.1083479927864762
5.454,0.08028441364481165
5.456,0.051481959580373576
5.458,0.10441718037772847
5.46,0.07306029829135155
5.462,-0.0435771270713
5.464,0.06149821393742609
5.466,0.07447918638823724
5.468,0.15498642403582683
5.47,0.10634029221817513
5.472,0.10723240116146812
5.474,0.044368008816309146
5.476,-0.03871907116027805
5.478,0.06291788696196932
5.48,-0.04984977497951914
5.482,-0.026945593421395513
5.484,0.0073631462773424625
5.486,0.05872117673600631
5.488,0.10879508166510343
5.49,0.028667061715189384
5.492,-0.04390324446103159
5.494,0.02397283559513129
5.496,0.04985418914769922
5.498,0.027399261823429166
5.5,0.07207904317145553
5.502,0.053430411513637054
5.5040000000000004,-0.027767382556186077
5.506,0.027897397219415733
5.508,0.05437118889048422
5.51,-0.029121229919128196
5.5120000000000005,0.04988328059956507
5.514,0.06622012249533792
5.516,0.1156114833603286
5.518,0.0658587879986884
5.5200000000000005,0.054834084798986577
5.522,0.012934376973524078
5.524,0.08126655142692421
5.526,0.06951495282842494
5.5280000000000005,0.041713449093172095
5.53,0.12399808634227294
5.532,0.040401323785778695
5.534,0.0493412784991695
5.5360000000000005,0.1035884939136619
5.538,0.09072006797148965
5.54,0.10834841419073231
5.542,0.1011551142563975
5.5440000000000005,0.14363908415052876
5.546,0.16591961755193516
5.548,0.10435139772525334
5.55,0.15565627114884129
5.5520000000000005,0.13961981738518145
5.554,0.16375511957714617
5.556,0.07534689493890967
5.558,0.14216003968221352
5.5600000000000005,0.14401064414497639
5.562,0.0738782059611331
5.564,0.16909197252628214
5.566,0.1828048523009647
5.5680000000000005,0.1327396873933965
5.57,0.18064457581266696
5.572,0.15007925781563475
5.574,0.08741145734534893
5.5760000000000005,0.12887104750627265
5.578,0.1025696583409342
5.58,0.0515467731847362
5.582,0.09048078949309515
5.5840000000000005,0.13413225534900622
5.586,0.210266111558499
5.588,0.15398373177737887
5.59,0.033214786019662296
5.5920000000000005,0.08560075907140861
5.594,0.14795724875172206
5.596,0.10831240963393764
5.598,-0.0032887101603920887
5.6000000000000005,0.12366155391630676
5.602,0.1909628904513096
5.604,0.08306728369498023
5.606,0.03848342510929062
5.6080000000000005,0.04199006145920729
5.61,0.09349870182066378
5.612,0.050227688821652516
5.614,0.027769904371404787
5.6160000000000005,0.04501426280171902
5.618,0.023455738498547082
5.62,0.11788954172529795
5.622,0.11315625114446877
5.6240000000000006,0.031850700540289587
5.626,0.13754608610549054
5.628,0.004640088145949274
5.63,0.017903940443714277
5.632,0.12643128654098756
5.634,0.09923616898151022
5.636,0.04542991984069651
5.638,0.059908534338073305
5.64,0.04511832386219328
5.642,0.10880921537024801
5.644,0.015988600727892346
5.646,0.04618634618748587
5.648,0.04970164831184243
5.65,0.11431495726387447
5.652,0.030450062621703744
5.654,0.08292714646549292
5.656,0.03775468663706799
5.658,0.15105306838848448
5.66,0.10556602658507712
5.662,0.09402847253018701
5.664,0.01640196480130802
5.666,0.11112220104486834
5.668,0.04531383791931891
5.67,0.11059789983429491
5.672,0.0578393929313435
5.674,0.10736452281508242
5.676,0.05617556889368817
5.678,0.02615319552157484
5.68,0.052708594169486464
5.682,-0.015807033054257416
5.684,0.08895145420344501
5.686,0.07767696928221111
5.688,0.15130274804785332
5.69,0.0403089430304923
5.692,0.07713387074114808
5.694,-0.001913470381077767
5.696,0.09366069958213193
5.698,0.013862988315633127
5.7,-0.007632347292601267
5.702,0.15833901956811294
5.704,0.07838652892776564
5.706,0.015500046875271366
5.708,0.039479435897688445
5.71,0.036585683491105137
5.712,0.007622254514431014
5.714,-0.04954021180837894
5.716,-0.06503611501629045
5.718,-0.028201160239661113
5.72,0.009365390635741322
5.722,-0.003153006002521691
5.724,0.023539490734218287
5.726,0.061757685904043555
5.728,0.17894921041700448
5.73,0.2527038713581966
5.732,0.4383256547597434
5.734,0.5521952093337915
5.736,0.7458399949025075
5.738,0.8095097687916649
5.74,0.912837713278864
5.742,1.0407146642052025
5.744,1.0820245603758651
5.746,1.0450611275638142
5.748,1.070051759444857
5.75,0.9660653745045741
5.752,0.8850439091695712
5.7540000000000004,0.7618539679905647
5.756,0.6177269475790225
5.758,0.4203992505571367
5.76,0.26391460445523773
5.7620000000000005,0.20659029464146583
5.764,0.017433685397482246
5.766,0.03195354394574912
5.768,-0.04156768542629531
5.7700000000000005,-0.0520648467676344
5.772,-0.0720392447236885
5.774,-0.11871509039352794
5.776,-0.15306022595522847
5.7780000000000005,-0.137674292175138
5.78,-0.06175410642639651
5.782,-0.10242693031983581
5.784,-0.013444430460126132
5.7860000000000005,0.009309284976718478
5.788,-0.003536712332070601
5.79,0.048872766801695146
5.792,0.11548207796144341
5.7940000000000005,-0.04115197216553913
5.796,-0.008262049807831257
5.798,0.07722078943402522
5.8,-0.00111217085164831
5.8020000000000005,0.03547296716786731
5.804,0.035024006011130586
5.806,0.09332017129926735
5.808,0.06008713259763035
5.8100000000000005,0.05706185318567121
5.812,0.04084437089432885
5.814,0.042967783961292784
5.816,0.07677210372606784
5.8180000000000005,-0.016108219140521206
5.82,0.034391545466055065
5.822,0.06530975339788014
5.824,0.055013260045764484
5.8260000000000005,0.008484379914085148
5.828,0.038542241088987024
5.83,0.004678460344162638
5.832,0.01121608832587509
5.8340000000000005,0.06957130018583595
5.836,0.07254797320405497
5.838,0.12691617983676667
5.84,0.06838571074690566
5.8420000000000005,0.011950069327813964
5.844,0.06309037995108885
5.846,0.03438464254043138
5.848,0.06289851312701661
5.8500000000000005,0.09973667324981195
5.852,0.037864304766112536
5.854,0.1097369823914546
5.856,0.06811520604499745
5.8580000000000005,0.09547863540541822
5.86,0.022432194577402222
5.862,0.04072105912088232
5.864,-0.005269011822291739
5.8660000000000005,0.07159744839296418
5.868,0.05814882065563268
5.87,0.06948504596575399
5.872,0.040292490609815906
5.8740000000000006,0.041591033564960245
5.876,0.06715378714966042
5.878,0.09868083921443191
5.88,0.06363911662962762
5.882000000000001,0.08364020794676971
5.884,0.08777273093206304
5.886,0.08844042630334396
5.888,0.02265479186537575
5.89,0.06765232355080308
5.892,0.038112028533805103
5.894,-0.004142431078915182
5.896,0.0362829151634536
5.898,0.048508226299006384
5.9,0.12932302138798651
5.902,0.12026285039841983
5.904,0.09464779299395512
5.906,0.044721744727399114
5.908,0.037396251638618476
5.91,0.101521986963308
5.912,0.09491092863024142
5.914,0.07143170272626156
5.916,0.06724351304231524
5.918,0.03113844702087662
5.92,0.04939025044781721
5.922,0.07676036344727233
5.924,0.13429670265910856
5.926,0.0800306934299856
5.928,0.08226339508322464
5.93,0.06750486424350279
5.932,0.15239562273838056
5.934,0.15880514668848345
5.936,0.11773867016377873
5.938,0.12937669290796017
5.94,0.23880397880062718
5.942,0.11220308868986512
5.944,0.08883939912825771
5.946,0.11539860864102398
5.948,0.19994426414228966
5.95,0.20255325432342927
5.952,0.17411494994290738
5.954,0.22964946187153015
5.956,0.1851039612789923
5.958,0.23595992830951268
5.96,0.21056078876597015
5.962,0.19977017708678418
5.964,0.12807393328977074
5.966,0.20764430954315435
5.968,0.242732861724673
5.97,0.22876127942799276
5.972,0.20653882562889214
5.974,0.30234574392502467
5.976,0.3014921844487677
5.978,0.23256572847626006
5.98,0.27767805430851716
5.982,0.2640991003659837
5.984,0.30731741033738513
5.986,0.2410298678875108
5.988,0.23491554851069596
5.99,0.22778199037256824
5.992,0.3561500475932165
5.994,0.26509413928178754
5.996,0.24084936168379856
5.998,0.3117429806187456
6.0,0.29683023403970693
6.002,0.2900007564328384
6.0040000000000004,0.289349712596419
6.006,0.33190731408589086
6.008,0.2487171142884614
6.01,0.28996904035680193
6.0120000000000005,0.1489164172439499
6.014,0.17708386729163833
6.016,0.28657654255039255
6.018,0.3732566814591486
6.0200000000000005,0.2983661036389111
6.022,0.16372042185915667
6.024,0.18950553975263976
6.026,0.20900726199118722
6.0280000000000005,0.2123908595857166
6.03,0.2579445902056926
6.032,0.19130725959076925
6.034,0.18990785419708717
6.0360000000000005,0.2839212190581033
6.038,0.25897420425282786
6.04,0.18035790627395543
6.042,0.20604660297920285
6.0440000000000005,0.2149899870833681
6.046,0.24976639049816995
6.048,0.24427247635414878
6.05,0.20280424783657788
6.0520000000000005,0.23007234149192834
6.054,0.22425546938503094
6.056,0.18045025158359876
6.058,0.19254967606678397
6.0600000000000005,0.07960553962386016
6.062,0.10022068530842534
6.064,0.12670237682622298
6.066,0.13009790588866035
6.0680000000000005,0.2101339471563863
6.07,0.15086235824251829
6.072,0.16989401317770145
6.074,0.20579877722152373
6.0760000000000005,0.11228196637812708
6.078,0.09560895269570756
6.08,0.02443728973258276
6.082,0.07308091569157767
6.0840000000000005,0.09074084854958844
6.086,0.12211933100139809
6.088,0.08694175204837157
6.09,0.07579628541423744
6.0920000000000005,0.16206052298628384
6.094,0.004584655113899272
6.096,0.10100394854802065
6.098,0.0067592254372081245
6.1000000000000005,0.06835214093166751
6.102,0.06826477576360529
6.104,0.07124663867156295
6.106,0.09195011591509955
6.1080000000000005,0.03399287340010558
6.11,-0.011317847096914593
6.112,0.016004930646437987
6.114,0.01332420754638855
6.1160000000000005,0.09808587876502095
6.118,0.16424713539507418
6.12,0.03915332276478349
6.122,0.03900071888235649
6.1240000000000006,0.022072619479828234
6.126,0.13406595456839393
6.128,0.006488222027224738
6.13,-0.015120299768101829
6.132000000000001,0.05973401813676352
6.134,0.07337052965965832
6.136,0.04656879781114404
6.138,0.02991245982864329
6.140000000000001,0.0343599586752799
6.142,0.028356153074176813
6.144,0.09343395711224138
6.146,-0.006788758247768242
6.148,0.026870767685453354
6.15,-0.008456656443661989
6.152,0.05420912246089356
6.154,0.014344092541912844
6.156,0.04513639727871775
6.158,0.12777891197184565
6.16,0.09290212280826726
6.162,0.01657108415872087
6.164,0.05143113177360831
6.166,0.012703227160978745
6.168,0.07416963988113089
6.17,0.05476602782010036
6.172,0.11085671426524962
6.174,0.02317275734843619
6.176,0.06429927568379215
6.178,-0.02118138054636304
6.18,-0.02757086434392896
6.182,-0.0025264240329221227
6.184,0.07153196671681236
6.186,-0.01987861231042596
6.188,-0.020690003353974674
6.19,0.09129061694779128
6.192,0.039597785988880606
6.194,0.11232048968762352
6.196,-0.02727663921596812
6.198,0.0789302369252243
6.2,0.0352160420604976
6.202,-0.006890490422583183
6.204,0.045679613216416365
6.206,0.05592935826799331
6.208,0.027647354889974433
6.21,0.05218233664010012
6.212,0.07668459707251142
6.214,-0.029943961959594725
6.216,0.08632426138216502
6.218,0.002913562889949421
6.22,0.008302084626276802
6.222,0.040365092855575886
6.224,-0.005404821531798193
6.226,0.03409220612001455
6.228,0.04108587242458224
6.23,0.00035111963995847553
6.232,0.02360913389240848
6.234,0.11623289536783118
6.236,0.07060325222769276
6.238,0.06395214145905505
6.24,0.08595556368259435
6.242,0.09674270128270233
6.244,-0.03790039198597392
6.246,-0.04862343813439202
6.248,-0.008936536511862912
6.25,0.04427254096637939
6.252,0.06563427041022145
6.2540000000000004,0.048973227451373835
6.256,0.049525887202740926
6.258,0.07748516449200309
6.26,0.06464004048296526
6.2620000000000005,0.016445169917204024
6.264,0.060727642302784345
6.266,0.034870244138329
6.268,-0.03363442324059419
6.2700000000000005,0.10030611667045647
6.272,0.06724217281286883
6.274,0.03470672793586287
6.276,0.07624481106632942
6.2780000000000005,0.006563399882592301
6.28,0.06471454694158774
6.282,0.047962904625625497
6.284,0.034551361020879655
6.2860000000000005,0.06594219375351185
6.288,0.012576531352015377
6.29,0.040060411253584324
6.292,0.01369015185817949
6.2940000000000005,0.08393455014531898
6.296,0.0206023701433612
6.298,0.006965697296699318
6.3,0.03266780649911765
6.3020000000000005,0.095044482635412
6.304,0.060803425601315415
6.306,0.031070589521228188
6.308,-0.041381106433756164
6.3100000000000005,-0.025043030799093677
6.312,-0.03296026340257313
6.314,0.0018952599983085069
6.316,0.08857595786930525
6.3180000000000005,0.0721513252698327
6.32,0.06687488665830948
6.322,0.017066770273814532
6.324,0.059402599604767015
6.3260000000000005,0.1096887949693792
6.328,-0.0377025539226586
6.33,-0.019145308986827737
6.332,0.05042574861381713
6.3340000000000005,-0.047357745646389275
6.336,0.051623795708461845
6.338,0.10939286427487606
6.34,0.06024189152919433
6.3420000000000005,0.06432173833820035
6.344,-0.012541572514406699
6.346,0.018058293355120807
6.348,-0.00020082306768240063
6.3500000000000005,0.008791380674661328
6.352,-0.01680423916195374
6.354,0.03141374099688911
6.356,0.0190950266407682
6.3580000000000005,0.02183295791876956
6.36,0.041844892042246236
6.362,0.014054905883245965
6.364,0.040924819615363206
6.3660000000000005,0.03204105405979528
6.368,-0.008875501939252226
6.37,0.015429979162424778
6.372,0.03900377276424899
6.3740000000000006,-0.00493433660702184
6.376,-0.022335139845799885
6.378,-0.07092467790759621
6.38,0.02412884441886651
6.382000000000001,-0.053374049253717214
6.384,0.10784570816895335
6.386,0.03720211554780645
6.388,0.056923745299215935
6.390000000000001,0.012662020465314665
6.392,-0.01206078747353534
6.394,-0.015630263289159983
6.396,0.049451455073159546
6.398000000000001,-0.0271375727594126
6.4,0.005195261326864785
6.402,-0.03694338667589886
6.404,0.13316055643540267
6.406,0.016897803612636233
6.408,0.049876841365262735
6.41,0.058004295281141566
6.412,0.035586460862657286
6.414,0.08224457955261652
6.416,0.011602131112287915
6.418,0.009917383146132039
6.42,0.005478144257497965
6.422,0.029587233656213404
6.424,0.018468290564640086
6.426,-0.009636962524006039
6.428,-0.024214792163692305
6.43,0.057813421566944856
6.432,0.0372740947975783
6.434,0.0015970490460339784
6.436,0.06359374808596617
6.438,-0.035252991808526694
6.44,0.002658201898169052
6.442,0.0035727853722770236
6.444,0.009156444692929873
6.446,0.001084330978630508
6.448,0.03377056577006535
6.45,-0.00816550601715054
6.452,0.07636139770308233
6.454,0.060716756877891256
6.456,0.15846614014077814
6.458,0.1311810676607311
6.46,0.17190525960783015
6.462,-0.049799804569426634
6.464,0.09222370763143439
6.466,0.12165794590052981
6.468,0.08769792597665355
6.47,0.11369944200332935
6.472,0.1741401730939218
6.474,0.043607047880183755
6.476,0.15151071540507913
6.478,0.07924512609069916
6.48,0.06717845318549484
6.482,0.1382495965374796
6.484,0.07544437611078936
6.486,0.09927123431131551
6.488,0.12851449851444724
6.49,0.06545530373141364
6.492,0.09390852683529875
6.494,0.14933770522569295
6.496,0.054616750295560276
6.498,0.12969323373811906
6.5,0.06438497698175452
6.502,0.12247663949633973
6.5040000000000004,0.09352885601172563
6.506,0.1346912500702367
6.508,0.0651808818475897
6.51,-0.0024193826872145607
6.5120000000000005,0.03915047600501747
6.514,-0.06645836011686664
6.516,0.030724999657676513
6.518,0.05547861288584351
6.5200000000000005,0.08875134436355764
6.522,0.08405995800251667
6.524,0.06645851295279952
6.526,0.004959020300513001
6.5280000000000005,-0.013317268274036929
6.53,0.05531257587798196
6.532,0.030264399670063575
6.534,0.029521564288546878
6.5360000000000005,0.025094798563259038
6.538,0.01847872531320993
6.54,0.08449421074777927
6.542,0.015790950105677937
6.5440000000000005,0.04819630477662637
6.546,0.09140174601800526
6.548,0.04273944915354082
6.55,-0.015490075480254977
6.5520000000000005,0.014643311083867867
6.554,-0.0402502031580788
6.556,-0.02701683769133069
6.558,0.06625619648430915
6.5600000000000005,0.020494661772522668
6.562,0.006203621327632614
6.564,0.06592966841233587
6.566,-0.014456866429144606
6.5680000000000005,0.05676801292989869
6.57,0.06278974329690018
6.572,0.0251137753902115
6.574,0.03389446128290825
6.5760000000000005,-0.009542223158618836
6.578,0.016340824879698866
6.58,-0.03790025317102471
6.582,0.00022036776882713646
6.5840000000000005,0.02160488406430699
6.586,-0.03904581029388489
6.588,0.08606158677914516
6.59,0.04410524762643703
6.5920000000000005,-0.0036963279351648736
6.594,-0.003291951395399639
6.596,-0.06876850801416426
6.598,-0.07617873481003837
6.6000000000000005,0.03144814763491569
6.602,0.03234537834376864
6.604,0.0773868887809559
6.606,-0.0373746335502082
6.6080000000000005,-0.012701757044958944
6.61,0.024228124813127402
6.612,-0.0043290844437719024
6.614,-0.09066739994638416
6.6160000000000005,-0.027983620446134443
6.618,0.03254270784419079
6.62,0.07508783330521043
6.622,-0.005710835255921885
6.6240000000000006,-0.031517007755253464
6.626,-0.02117501770446109
6.628,-0.06667988228060007
6.63,-0.02878496410909639
6.632000000000001,-0.11680365437041465
6.634,-0.042195993890140684
6.636,-0.06542583520206607
6.638,-0.06820094572828816
6.640000000000001,-0.05059786538021091
6.642,0.003279843986943285
6.644,-0.07997769979407543
6.646,0.05628938421811594
6.648000000000001,0.14843244809626616
6.65,0.27140628222279434
6.652,0.42944497181067176
6.654,0.5669978316586419
6.656000000000001,0.6977371263977764
6.658,0.7570471614597366
6.66,0.8543958883559379
6.662,0.9267573911473459
6.664,0.9791395819932667
6.666,1.0664813908236945
6.668,0.9267187647657734
6.67,0.9257789319856146
6.672,0.7858913061019802
6.674,0.6516728335841202
6.676,0.46603695046170845
6.678,0.2898194900650616
6.68,0.2620360719129948
6.682,0.11534093186705732
6.684,0.04378528714342137
6.686,-0.00811017497291278
6.688,-0.06855692519571718
6.69,-0.13950914428822403
6.692,-0.20955135810219222
6.694,-0.1849951208016934
6.696,-0.15397746072106125
6.698,-0.20236564195091394
6.7,-0.12093299292660026
6.702,-0.12083477558929075
6.704,-0.06281364585296277
6.706,-0.08157687925831117
6.708,-0.13217113444615203
6.71,-0.060904204071826964
6.712,-0.0034243936325420513
6.714,0.05034429351538136
6.716,-0.00904283585825372
6.718,0.020817823864371376
6.72,-0.021931061966390504
6.722,0.038009617363662804
6.724,-0.016695629571633876
6.726,-0.023820581731860198
6.728,0.0340835025933673
6.73,-0.0008594605185828271
6.732,0.009437145791253211
6.734,0.039176132290260166
6.736,0.013263832119333243
6.738,0.09855155987421471
6.74,-0.02875472774725094
6.742,-0.039692779637531476
6.744,-0.11971999932390404
6.746,0.009658023360919301
6.748,0.018099917679104585
6.75,0.07219201545852079
6.752,0.04086310390207769
6.7540000000000004,0.021543448912345796
6.756,-0.00047011500680218046
6.758,-0.0033581042669159344
6.76,-0.01710842941324764
6.7620000000000005,-0.047654202970351583
6.764,0.014090732163843926
6.766,-0.012043498019376505
6.768,0.01928070430644491
6.7700000000000005,0.022538386374576187
6.772,-0.0239610305785828
6.774,0.009794060316583347
6.776,0.04978761639472584
6.7780000000000005,-0.01887705364417578
6.78,-0.01976176807592963
6.782,-0.03979376144740907
6.784,0.04947885613627769
6.7860000000000005,-0.07193310678983456
6.788,0.05182353534174218
6.79,0.041731737739836544
6.792,-0.056459007736052495
6.7940000000000005,0.02225848921648962
6.796,-0.057228523577623744
6.798,0.04716479880469423
6.8,0.07020632304083005
6.8020000000000005,-0.04045790779384264
6.804,0.0150774914065792
6.806,0.015563549291864393
6.808,-0.014847684727742212
6.8100000000000005,0.001865078386226147
6.812,0.004215802520816455
6.814,-0.039167226701461756
6.816,-0.025564708969412965
6.8180000000000005,0.08988341958693633
6.82,0.009038294672642142
6.822,-0.012831329376409364
6.824,0.0034786492792277454
6.8260000000000005,-0.014632705237902242
6.828,-0.10905718687090983
6.83,-0.0057783213751144875
6.832,0.03312276342554524
6.8340000000000005,0.07183105666669519
6.836,-0.04107870485156448
6.838,0.04572356226153665
6.84,0.08394829958655696
6.8420000000000005,0.0767780586002993
6.844,0.06592198196242796
6.846,0.08844621205365405
6.848,0.12265381026213004
6.8500000000000005,0.1112489159058674
6.852,0.0751112550852245
6.854,-0.0018592985919038546
6.856,0.13514568560530746
6.8580000000000005,0.04068584029875902
6.86,0.06140941631327469
6.862,0.06846847384782281
6.864,0.08187985708550621
6.8660000000000005,0.03432972400166891
6.868,0.06079588029035308
6.87,0.15467341179330515
6.872,0.12524258538316127
6.8740000000000006,0.21074004508916372
6.876,0.19543225566827122
6.878,0.18180064015056047
6.88,0.06372542505216815
6.882000000000001,0.15516048935218854
6.884,0.15180071784821358
6.886,0.07772459582185104
6.888,0.22396817197653557
6.890000000000001,0.18521968842676803
6.892,0.0516454853308366
6.894,0.16102631845025372
6.896,0.23627119885912834
6.898000000000001,0.18334721231577406
6.9,0.23328103779494172
6.902,0.21853810526447784
6.904,0.2528866484409027
6.906000000000001,0.20636677835935405
6.908,0.22404594135620265
6.91,0.21755747813018225
6.912,0.20620474983976225
6.914,0.2711228889774885
6.916,0.19425230611462505
6.918,0.26398345485822644
6.92,0.31294750120285275
6.922,0.23736916325426252
6.924,0.279329817655562
6.926,0.18559542928302558
6.928,0.23334187325419145
6.93,0.24195395202709624
6.932,0.19325270251611174
6.934,0.12853946060260124
6.936,0.2608919331248137
6.938,0.2420815881493532
6.94,0.24671919146659016
6.942,0.24455360464938378
6.944,0.2077330354275542
6.946,0.27144964031017593
6.948,0.2694914991865994
6.95,0.19753663702573698
6.952,0.19687305799332774
6.954,0.22034102935666766
6.956,0.1744418013448332
6.958,0.17771786636248715
6.96,0.2194540020786077
6.962,0.1094613327205167
6.964,0.17682173253629618
6.966,0.17292154019552197
6.968,0.19643644033168756
6.97,0.23139698446651646
6.972,0.1554020399597382
6.974,0.14743807370857714
6.976,0.087433837458782
6.978,0.03698687022473348
6.98,0.10307254600302389
6.982,0.058924006961630616
6.984,0.1042178954116432
6.986,0.12707512117271244
6.988,0.09297955595738852
6.99,0.1502081051053906
6.992,0.11145051177844065
6.994,0.0464362544748529
6.996,0.010198126223029805
6.998,-0.08137567168634756
7.0,0.1094647965033641
7.002,0.03374869097186013
7.0040000000000004,0.1111879077868067
7.006,0.016896089341560616
7.008,-0.007928440647304073
7.01,-0.008512713709252929
7.0120000000000005,0.06629972685198784
7.014,0.0783269684357381
7.016,0.03933047588732771
7.018,0.028342413323139793
7.0200000000000005,0.09714056223190146
7.022,0.0445348437961513
7.024,-0.021010163183625086
7.026,-0.011600966194879846
7.0280000000000005,-0.041116165692070133
7.03,0.011904282813113686
7.032,-0.05071704531708336
7.034,0.04209898492532755
7.0360000000000005,0.005141344936688538
7.038,-0.06579743035330432
7.04,-0.02405768575303642
7.042,-0.004454423340715745
7.0440000000000005,-0.09676064721528845
7.046,-0.04537864679579687
7.048,-0.05007365903786354
7.05,0.06225418539344425
7.0520000000000005,-0.03205027338461096
7.054,0.0028645740648513547
7.056,0.0014712392668022236
7.058,0.04671866283480706
7.0600000000000005,-0.010623413944128204
7.062,-0.0019257257705318255
7.064,-0.15102345262702987
7.066,0.013634071995006967
7.0680000000000005,0.019775863153889878
7.07,0.04880660491164759
7.072,-0.040135954470747574
7.074,0.00015361459521871096
7.0760000000000005,0.016836586738306576
7.078,-0.03941345153305468
7.08,-0.0161658103689594
7.082,0.04886374715698304
7.0840000000000005,0.01087410301035439
7.086,-0.018532608850864246
7.088,0.00439986625725595
7.09,-0.005664557921234698
7.0920000000000005,-0.04988606811285218
7.094,-0.028256635786947405
7.096,0.024414097565953342
7.098,-0.003724799422563752
7.1000000000000005,0.008243292415662788
7.102,-0.01031443587197031
7.104,0.026490482095165538
7.106,0.08824375890537635
7.1080000000000005,-0.006732466253601941
7.11,-0.0010858161167850086
7.112,-0.043412494960875195
7.114,-0.08142267713369727
7.1160000000000005,-0.041069396630824595
7.118,-0.016406546677864658
7.12,0.008172799973622701
7.122,-0.07352866596651055
7.1240000000000006,0.014383158231900351
7.126,0.009593478066844626
7.128,-0.055720470997113
7.13,-0.014392395754529434
7.132000000000001,0.037593037133928225
7.134,0.01822673807035702
7.136,0.0056728187160806605
7.138,-0.00941074311391987
7.140000000000001,-0.02899487943539944
7.142,0.07064888332002087
7.144,0.0037119121217177586
7.146,-0.02112939326716023
7.148000000000001,-0.08480400567156918
7.15,0.03620813198070999
7.152,0.008708207276799957
7.154,0.014701503369976023
7.156000000000001,-0.044348488632979154
7.158,-0.03148946326531361
7.16,-0.05984950476739896
7.162,-0.07178223859678168
7.164000000000001,-0.09289579013682259
7.166,0.021288735774906715
7.168,-0.004102981540309561
7.17,-0.020675987051978373
7.172,-0.08245159162433352
7.174,-0.06283954836917728
7.176,0.01700352026955183
7.178,-0.050132013334036246
7.18,-0.030668150028969533
7.182,-0.055617087939794745
7.184,-0.05047438352626214
7.186,0.02705879837914919
7.188,-0.027353461221164246
7.19,-0.042910239453397336
7.192,-0.03494399966568047
7.194,-0.08912007249281388
7.196,-0.11951697879129033
7.198,0.0017684951993260298
7.2,-0.06986328326774123
7.202,-0.02338618771614557
7.204,-0.05465245486561196
7.206,-0.018106371315485273
7.208,0.03340053350875977
7.21,-0.056209770821837646
7.212,-0.0838704703535938
7.214,-0.04559296557674587
7.216,-0.0384702367191486
7.218,-0.055774190554108455
7.22,-0.04274529334446924
7.222,0.006592280807168047
7.224,0.023971848777460208
7.226,-0.02037907437063427
7.228,-0.038233289081903155
7.23,-0.11859079657575988
7.232,-0.06010648651871316
7.234,0.03996735123440956
7.236,-0.003149749357220271
7.238,-0.04222382713335796
7.24,-0.02345489103245563
7.242,0.0017719064546936544
7.244,-0.12966991590122087
7.246,-0.05124232879416312
7.248,-0.07848772926343199
7.25,-0.007530055213987596
7.252,-0.018071228638259437
7.2540000000000004,0.05248437282008852
7.256,-0.08445526393640017
7.258,-0.004442627438973768
7.26,-0.06401622820332051
7.2620000000000005,-0.08199620307916541
7.264,-0.05348923223345941
7.266,-0.032373679479664366
7.268,0.046342075131576
7.2700000000000005,-0.0439946423815283
7.272,-0.03155150532449118
7.274,0.0655216378239003
7.276,-0.06374904527254127
7.2780000000000005,-0.061616045236601844
7.28,-0.0256646165958082
7.282,-0.05933160317664984
7.284,0.035299364260688394
7.2860000000000005,0.035712607618136695
7.288,0.06622967367442646
7.29,0.01824673728922019
7.292,0.036995209422997125
7.2940000000000005,-0.001353360513292684
7.296,-0.08815813836283128
7.298,-0.07530279657033809
7.3,0.02812251328005791
7.3020000000000005,-0.016775937655972746
7.304,-0.045189441444248246
7.306,0.03290811557125135
7.308,0.03510151598759313
7.3100000000000005,0.011315989763494752
7.312,0.04432807564822444
7.314,0.004305635715184972
7.316,-0.04643316761403472
7.3180000000000005,0.08804629625675298
7.32,0.004526951984931214
7.322,0.10970928722123616
7.324,0.025589413448454956
7.3260000000000005,0.05648061411231923
7.328,0.08673600098266647
7.33,0.0057542800421575176
7.332,0.04528763017398528
7.3340000000000005,0.002363420527435385
7.336,-0.011947005407366706
7.338,0.07679606293671871
7.34,0.10767048574318758
7.3420000000000005,0.05585985084082168
7.344,-0.0010330713921334576
7.346,-0.01277671503223999
7.348,0.022529942178189852
7.3500000000000005,-0.024812023127298737
7.352,-0.05195911790763702
7.354,0.14048390623327953
7.356,-0.014262090197089683
7.3580000000000005,0.012718304787831694
7.36,0.016593704791360582
7.362,-0.035850855582689134
7.364,0.03879151145153238
7.3660000000000005,-0.03198911714083872
7.368,-0.007253384243047108
7.37,0.05690620424080775
7.372,-0.012940472081385521
7.3740000000000006,0.015397137706795232
7.376,-0.04031486113842923
7.378,-0.03163364155086523
7.38,-0.050531427781143036
7.382000000000001,0.058510997529078485
7.384,0.026481833237682547
7.386,0.007670089205496989
7.388,0.022983912369019553
7.390000000000001,-0.0464210872918976
7.392,-0.11424100897706399
7.394,-0.04844397759947146
7.396,0.0199098937468696
7.398000000000001,-0.13218206049108383
7.4,-0.053400220994863794
7.402,-0.06802820054804348
7.404,-0.04055353796841618
7.406000000000001,-0.018568824790276644
7.408,-0.07606824180197294
7.41,-0.03727492799882763
7.412,-0.06177714012774241
7.414000000000001,0.05984882712658374
7.416,-0.08501448619897231
7.418,-0.038960876077359645
7.42,0.003179932740307319
7.422000000000001,-0.06122569967337089
7.424,-0.0274045188151228
7.426,-0.10182708683578034
7.428,-0.01582378063457949
7.43,-0.102771609995125
7.432,-0.08486082698118118
7.434,-0.11347054359973369
7.436,0.08536409262143099
7.438,-0.038651186860690495
7.44,-0.02649380841015922
7.442,-0.08499573905067553
7.444,-0.006026773504177262
7.446,-0.09924528880116992
7.448,-0.0415683442000061
7.45,-0.04208425261478524
7.452,-0.05573475332436156
7.454,0.021956186018238233
7.456,-0.050753792124630756
7.458,-0.0819032778625361
7.46,-0.06973086039367082
7.462,-0.11633397833909855
7.464,-0.1427161724763502
7.466,-0.006179026009397355
7.468,0.02136199486608114
7.47,-0.11993482335291877
7.472,-0.08723439363376995
7.474,0.0070752578648823825
7.476,-0.1535748643549064
7.478,-0.07136038774491855
7.48,-0.12404303360579219
7.482,-0.06653814739139602
7.484,-0.14509495487728663
7.486,-0.10825413084673154
7.488,-0.05161390408413313
7.49,-0.13880128630126698
7.492,-0.14995958135625373
7.494,-0.05337711594840444
7.496,-0.04854826421734848
7.498,0.09052300935428789
7.5,0.18064432495312502
7.502,0.28664786190287583
7.5040000000000004,0.4422507759000357
7.506,0.5442202775919399
7.508,0.5838562505637725
7.51,0.7909150202063879
7.5120000000000005,0.8538242354279346
7.514,0.9783478927161982
7.516,0.9473141897489082
7.518,0.9337250035423202
7.5200000000000005,0.8550417539625744
7.522,0.8618467117041947
7.524,0.7372948160461301
7.526,0.5533374969558389
7.5280000000000005,0.41818213214241795
7.53,0.30457396758200306
7.532,0.19007239424262493
7.534,0.05320649071117134
7.5360000000000005,0.07247691501561884
7.538,-0.08501165128510489
7.54,-0.19030065562991896
7.542,-0.24271201547917842
7.5440000000000005,-0.22611828173802712
7.546,-0.23435618723432577
7.548,-0.2379827135812782
7.55,-0.20567167342841247
7.5520000000000005,-0.14460531835543872
7.554,-0.13955505361494924
7.556,-0.15679180566196965
7.558,-0.07226852388971389
7.5600000000000005,-0.059872915625173995
7.562,-0.13377323832181448
7.564,-0.07453841354264751
7.566,-0.08981240091303938
7.5680000000000005,-0.04828552821528761
7.57,-0.01959345133958057
7.572,-0.004101629558989642
7.574,-0.06492981888909372
7.5760000000000005,-0.03345839115090146
7.578,-0.09218536330672797
7.58,-0.09112599077382388
7.582,-0.029597332185241795
7.5840000000000005,0.0346719859327672
7.586,-0.07522330520678991
7.588,-0.0031312401983205514
7.59,-0.021711014770859564
7.5920000000000005,-0.0635650629029288
7.594,-0.07167490635465751
7.596,-0.08562489131284809
7.598,-0.08949733486268552
7.6000000000000005,-0.023997730423702245
7.602,-0.0217970502498264
7.604,0.03377119310815449
7.606,-0.03249788453889098
7.6080000000000005,-0.04238853283432794
7.61,-0.01352670310851782
7.612,-0.0915562384591512
7.614,-0.09806335421192974
7.6160000000000005,-0.00404948188856525
7.618,-0.09641372218366337
7.62,0.027517493830751156
7.622,-0.011648285657138928
7.6240000000000006,-0.008690344181462088
7.626,-0.14527222808418186
7.628,-0.06531269103053482
7.63,-0.052324149323599745
7.632000000000001,-0.0712180982113654
7.634,-0.019566011680270074
7.636,-0.01150370330054908
7.638,-0.042313987410772254
7.640000000000001,0.00012415687889619914
7.642,-0.05149858414004034
7.644,-0.05689394183457067
7.646,-0.0794947743067578
7.648000000000001,-0.02907272759320673
7.65,-0.011132759001286806
7.652,-0.00190584662991641
7.654,-0.03961927782228933
7.656000000000001,-0.025373202356786955
7.658,-0.07056333274108086
7.66,-0.002300113077881326
7.662,0.03640336382063333
7.664000000000001,-0.03577593800705845
7.666,-0.03320339053610368
7.668,0.03698565449794226
7.67,-0.030175443519300443
7.672000000000001,-0.026745026658682003
7.674,0.01618521987398113
7.676,-0.021568210223983933
7.678,-0.01958331945354927
7.68,-0.024717900287379944
7.682,-0.03408109305088496
7.684,-0.0068871715776991325
7.686,-0.02450896698760351
7.688,0.06732114717720473
7.69,0.01520396593729538
7.692,-0.05063516916042964
7.694,0.048568098574151106
7.696,-0.007643584437536437
7.698,0.11451302172845336
7.7,-0.0050928284322165306
7.702,0.04391373880618733
7.704,0.0401158035359776
7.706,0.04974968587358298
7.708,0.0930490521988794
7.71,0.003270109655539758
7.712,0.00039025972864719163
7.714,0.05913708927606786
7.716,0.09378540126786769
7.718,0.08297649753281325
7.72,-0.0026382637300700618
7.722,0.15473601940671822
7.724,0.06866466211314005
7.726,0.008877786940031482
7.728,0.08622150762797287
7.73,0.08144063355336627
7.732,-0.013340413202063986
7.734,0.14188708811798478
7.736,0.16070771151706054
7.738,0.14269932969401355
7.74,0.09901046395287791
7.742,0.10360476818950873
7.744,0.06888907680082883
7.746,0.19626222632948853
7.748,0.13887427881090175
7.75,0.19267635132957422
7.752,0.11923646109665892
7.7540000000000004,0.15400032526193622
7.756,0.25188649855124845
7.758,0.17312089337887107
7.76,0.12887386866083778
7.7620000000000005,0.17177459664104877
7.764,0.23340048754787812
7.766,0.19471666211832986
7.768,0.17504672609925082
7.7700000000000005,0.20956899902282977
7.772,0.23145434769970114
7.774,0.2282783443143812
7.776,0.22222595551290714
7.7780000000000005,0.21683654669802005
7.78,0.15143449936050393
7.782,0.20140416142499418
7.784,0.23575213055849517
7.7860000000000005,0.13481698949961196
7.788,0.1322816024533009
7.79,0.18214709311263375
7.792,0.10234814592776463
7.7940000000000005,0.17972436341254555
7.796,0.1495591322564001
7.798,0.17175976351444203
7.8,0.16905060933363716
7.8020000000000005,0.20017615947958614
7.804,0.2147419432669732
7.806,0.10334966035069579
7.808,0.1912811193200924
7.8100000000000005,0.1654641827516301
7.812,0.07204278112063298
7.814,0.13207814085166036
7.816,0.15614091519361578
7.8180000000000005,0.16203669181696412
7.82,0.17804517983550622
7.822,0.10374765012925519
7.824,0.04374598568537203
7.8260000000000005,0.11011013306867537
7.828,0.03265474812013127
7.83,0.0576050001327199
7.832,0.11494483340147657
7.8340000000000005,0.11350087219307053
7.836,0.08735523353585993
7.838,0.013056945635902047
7.84,0.11337104459335912
7.8420000000000005,0.089925320211003
7.844,0.06235736940755875
7.846,-0.02500708501747876
7.848,0.0021551277232848
7.8500000000000005,0.04026690796244368
7.852,0.07244699267506637
7.854,0.036497262693149124
7.856,0.030821851351051244
7.8580000000000005,-0.027672148912146574
7.86,-0.02058944259990605
7.862,-0.1149048670419055
7.864,-0.08953418479620753
7.8660000000000005,0.006551662348621038
7.868,0.02053426298060067
7.87,0.019061392976888945
7.872,-0.057211021395448286
7.8740000000000006,0.007358639844156068
7.876,-0.04509607542591573
7.878,-0.04180361723221395
7.88,-0.04255878061008383
7.882000000000001,-0.03606873002038546
7.884,0.004385677952250568
7.886,0.004937244266064865
7.888,-0.029087729025625314
7.890000000000001,0.026002328020747652
7.892,0.0243742598074662
7.894,-0.05677164871586931
7.896,-0.06478120353647841
7.898000000000001,-0.0778699174242557
7.9,-0.01619369002500997
7.902,-0.0010530702404115272
7.904,0.0719427645990453
7.906000000000001,-0.03465503654239289
7.908,0.03629227567928073
7.91,-0.04342715528026456
7.912,-0.03578997035198697
7.914000000000001,-0.06053106371413345
7.916,-0.06940495644059495
7.918,-0.06642444394735575
7.92,-0.02349502733765553
7.922000000000001,-0.04905387952109191
7.924,-0.0187760305393298
7.926,-0.01714197845816208
7.928,-0.07622489748256746
7.930000000000001,-0.10050366762958894
7.932,-0.00842878418824012
7.934,0.0033479674995357256
7.936,-0.07739764855479522
7.938,-0.01576136626482729
7.94,-0.00653196686478235
7.942,-0.08129420959372176
7.944,-0.08903017492639542
7.946,-0.029439026830099795
7.948,-0.0909190114562192
7.95,0.03781715145577525
7.952,-0.06406081433930019
7.954,-0.04401912188386586
7.956,-0.06626579888397274
7.958,0.019640935919339117
7.96,0.0016257732487796953
7.962,-0.09923889316447707
7.964,-0.10962828376572115
7.966,-0.12028615364046535
7.968,-0.0700560381097203
7.97,-0.04108327220231794
7.972,-0.0657527951310026
7.974,0.0121577992660983
7.976,-0.038925127155166106
7.978,-0.010139934838875084
7.98,-0.12009632915750319
7.982,-0.05747649434900154
7.984,-0.05707393565628421
7.986,-0.007194623752747428
7.988,-0.012447358273569558
7.99,0.026762452518799454
7.992,-0.09417941042358281
7.994,-0.10102932492165387
7.996,-0.08900868490295907
7.998,-0.05341060397672569
8.0,0.0035298849028881224
8.002,-0.051544978612564366
8.004,-0.03452320257518448
8.006,-0.04587264932246519
8.008000000000001,-0.09528691341247089
8.01,-0.006652311980552883
8.012,-0.10141141604093329
8.014,-0.08473605117082214
8.016,-0.006643525198996664
8.018,-0.046736010744093705
8.02,0.00301805452190243
8.022,-0.020700096509725784
8.024000000000001,0.05895558907720007
8.026,-0.06791333153413252
8.028,-0.15782371106674314
8.03,-0.039629629102041125
8.032,-0.07516699988545149
8.034,-0.005814054777890397
8.036,-0.008778689564921532
8.038,-0.02031861876796171
8.040000000000001,-0.050689841097524134
8.042,-0.08425081778152527
8.044,-0.03400986478502046
8.046,-0.05004282556543431
8.048,-0.11059272647823154
8.05,-0.013872871676652763
8.052,0.015417556986432955
8.054,0.010878877721483111
8.056000000000001,0.052848273209552675
8.058,-0.08822025140443496
8.06,-0.07348651483705218
8.062,-0.10504038449234637
8.064,-0.04615559092012364
8.066,-0.11092920912877349
8.068,0.006019233251172228
8.07,0.02551031690615351
8.072000000000001,-0.01920423870146657
8.074,-0.044427393041270455
8.076,-0.11271182090427331
8.078,-0.06356407586593858
8.08,-0.01756255409471323
8.082,-0.10126978670199813
8.084,-0.036573236575492066
8.086,-0.019247011963397537
8.088000000000001,-0.0705522732247101
8.09,-0.018643245700001095
8.092,-0.08921632034948046
8.094,-0.08313188111117115
8.096,-0.05014432858490307
8.098,-0.03729995870494921
8.1,-0.03864351386304172
8.102,0.013686554995475962
8.104000000000001,-0.027362800623418282
8.106,0.007633876856347234
8.108,-0.09322842417517764
8.11,-0.046931098606531906
8.112,0.052490833479286375
8.114,-0.0890760059002638
8.116,0.00483622671724207
8.118,-0.0061805125312720255
8.120000000000001,0.0021530693514824548
8.122,-0.014502427460324593
8.124,-0.0858295848387046
8.126,-0.050255286234690416
8.128,-0.08530770326059112
8.13,-0.10708384096264624
8.132,-0.06568542972774465
8.134,-0.05617601215864324
8.136000000000001,-0.04825619386002506
8.138,-0.01554299586000818
8.14,-0.0355749531645771
8.142,-0.07082819902854481
8.144,-0.0459034766169005
8.146,0.030420423443762265
8.148,0.05139697936038653
8.15,-0.06034544956940339
8.152000000000001,-0.05599548302883159
8.154,-0.043741309808196266
8.156,-0.031904186055874556
8.158,-0.051186131812823346
8.16,-0.06632705931187413
8.162,-0.1335852540323793
8.164,-0.036279599940272605
8.166,-0.05166955641241267
8.168000000000001,0.010176221280673692
8.17,0.01639057339109798
8.172,-0.03497997344529234
8.174,-0.06145409332604787
8.176,0.04845557275072172
8.178,-0.10141960240178828
8.18,-0.04658733435627041
8.182,-0.050609620321117293
8.184000000000001,-0.09329297471787974
8.186,-0.031191790443100477
8.188,0.01297898199069137
8.19,-0.026826850684501233
8.192,-0.05903590560858923
8.194,-0.11506248610074413
8.196,-0.05072404313047228
8.198,-0.05612136271504124
8.2,-0.04816533313414636
8.202,-0.0029032898962364495
8.204,-0.009805642200570671
8.206,-0.1058506956785407
8.208,-0.013932592891221257
8.21,-0.04106019400005207
8.212,-0.11752470082068155
8.214,0.013828766773509173
8.216,-0.0390041774469444
8.218,-0.09962325640946115
8.22,-0.11333327053968084
8.222,-0.015097176529945916
8.224,-0.02243842331269298
8.226,-0.0642333060290857
8.228,-0.05439764358161549
8.23,-0.1281608095745949
8.232,-0.07461790099266348
8.234,-0.06965086283919741
8.236,-0.105451792925774
8.238,-0.1012240158677519
8.24,-0.0643322428882465
8.242,-0.08086371795615349
8.244,-0.00879467071107063
8.246,-0.078540003067044
8.248,-0.07022232160021237
8.25,-0.06620726603472765
8.252,-0.0021017146050112817
8.254,-0.07266022449105317
8.256,0.012373864898918126
8.258000000000001,-0.008152533475247588
8.26,-0.022965612407299725
8.262,-0.09175486364308241
8.264,-0.15545909348250364
8.266,-0.025234398254453713
8.268,-0.010766487620264689
8.27,-0.02585958312666651
8.272,-0.08590105336058304
8.274000000000001,-0.0018871335353254776
8.276,0.046367473734386
8.278,0.026910489419986063
8.28,-0.06030395016881998
8.282,-0.02466306684754456
8.284,0.03816402886164511
8.286,-0.04637443438974633
8.288,0.03758075000339141
8.290000000000001,-0.03912442189152361
8.292,0.03086126112842135
8.294,-0.03022916643048264
8.296,-0.11298308428309482
8.298,-0.08777017181833495
8.3,-0.027203434227909634
8.302,0.004026849315287479
8.304,0.05144701899147976
8.306000000000001,0.057876707754143636
8.308,0.01378435192885619
8.31,0.007362488241581252
8.312,-0.015307845540296523
8.314,-0.006989849115566684
8.316,-0.007827239010217157
8.318,0.020361578755361313
8.32,0.007254958172504839
8.322000000000001,0.0736253150318191
8.324,0.06244445412708476
8.326,0.025826606816083553
8.328,-0.08540633884799365
8.33,0.016904113592260232
8.332,0.016392335830166645
8.334,0.012704133811419039
8.336,0.08489416809065636
8.338000000000001,0.0259265309201876
8.34,0.020962977598024228
8.342,0.0005855945739567589
8.344,-0.00773420573515041
8.346,-0.0006394421607237057
8.348,-0.01333296847191183
8.35,0.011627612292621537
8.352,0.03291012502615698
8.354000000000001,0.051904731418242124
8.356,0.009936695661991936
8.358,0.01909688047473892
8.36,0.03351812179135137
8.362,-0.02457756407123325
8.364,-0.11260077637072916
8.366,-0.06160288938348392
8.368,-0.013758743266024484
8.370000000000001,0.035021908496161804
8.372,0.09996084714718576
8.374,-0.021270577594044795
8.376,-0.03459430589326827
8.378,0.0064838666735516914
8.38,-0.07833068223096416
8.382,0.0010899036103691057
8.384,-0.09864281110369869
8.386000000000001,-0.0546800905779975
8.388,-0.02147432496689107
8.39,0.022972713780763137
8.392,0.014994448545797574
8.394,-0.02219934162823684
8.396,-0.03439256523403614
8.398,-0.026738868962492748
8.4,-0.09356766574829291
8.402000000000001,-0.04910023071918103
8.404,-0.06946405704817069
8.406,-0.048703428145592864
8.408,0.04771415185185544
8.41,-0.0215595858374419
8.412,-0.09817810074181525
8.414,-0.0454073556084654
8.416,-0.016294786669385768
8.418000000000001,-0.08482839809963424
8.42,-0.04101162711933867
8.422,-0.041925643131006496
8.424,-0.00606969286960574
8.426,-0.11567341085382321
8.428,-0.03603562412061019
8.43,-0.0034665408087479477
8.432,-0.05005940985954019
8.434000000000001,-0.028597210635111066
8.436,-0.050837209480820676
8.438,-0.03424663946371317
8.44,-0.010637787643166748
8.442,-0.07638835169240744
8.444,-0.05911571692559916
8.446,-0.004312581377355795
8.448,-0.09785482579611901
8.45,-0.03104383104382908
8.452,-0.06615036115930213
8.454,0.05157867120624886
8.456,-0.03469918314065887
8.458,-0.12698839122454295
8.46,-0.03350240850108186
8.462,-0.0739999579108297
8.464,-0.0698252509020679
8.466,-0.0039952124222982985
8.468,-0.0763439982335087
8.47,-0.02353955941781848
8.472,-0.037579957802558024
8.474,-0.1462601430379597
8.476,-0.0015521883649819018
8.478,-0.10917953181877055
8.48,-0.09341502952041877
8.482,-0.03290900514027941
8.484,-0.04848058242239411
8.486,-0.03648356900286717
8.488,-0.07022456085237005
8.49,-0.06249325970936311
8.492,-0.03828076801678214
8.494,-0.09718758077822935
8.496,-0.15652996361740606
8.498,-0.1497600646096197
8.5,-0.1310064770359809
8.502,-0.059542432400885
8.504,-0.0034123713800486115
8.506,0.04791502673936328
8.508000000000001,0.1088077007033435
8.51,0.18507309170307543
8.512,0.27167389623803767
8.514,0.4507453950176772
8.516,0.6286642508216725
8.518,0.7069186617009885
8.52,0.9034765461340118
8.522,1.0059570679274203
8.524000000000001,0.9238383802421634
8.526,0.9999989965157894
8.528,0.912467290501464
8.53,0.8118686320902148
8.532,0.7688311247956015
8.534,0.5476712420585068
8.536,0.3729507961217906
8.538,0.30072301901296034
8.540000000000001,0.19777315631361878
8.542,0.003936632208522542
8.544,-0.006482254415871615
8.546,-0.1426694223090792
8.548,-0.14447108148449503
8.55,-0.16860993753936632
8.552,-0.2028121584428011
8.554,-0.23762738339649556
8.556000000000001,-0.15207466937603556
8.558,-0.25709851333141265
8.56,-0.25157084102397054
8.562,-0.13643036692808397
8.564,-0.14408268997902005
8.566,-0.11203944932139788
8.568,-0.14543948397909
8.57,-0.03560141978712254
8.572000000000001,-0.06428543597942896
8.574,-0.09590498493542682
8.576,-0.016948702717255078
8.578,-0.05915325968561567
8.58,-0.07475884916861458
8.582,-0.08654101795698738
8.584,-0.07636579939399216
8.586,-0.01181981365448254
8.588000000000001,-0.06713293844890124
8.59,-0.04112977662397069
8.592,-0.07499263402326511
8.594,0.0016866826709191415
8.596,-0.02631143833223396
8.598,-0.07967397805329071
8.6,-0.005086663359744038
8.602,0.0015586233170747713
8.604000000000001,0.02811819622915881
8.606,-0.05973711641446732
8.608,-0.034290072217750205
8.61,-0.0014302173835620269
8.612,-0.01666344623371776
8.614,-0.07856500170985146
8.616,-0.04802781957336209
8.618,-0.005642136864974116
8.620000000000001,-0.015579701800275413
8.622,-0.04206675224988308
8.624,-0.02225154761205186
8.626,-0.021185348826288208
8.628,-0.022832954205672024
8.63,-0.0514714427533338
8.632,-0.030938083182368466
8.634,0.022080967508680226
8.636000000000001,-0.029908996559203357
8.638,-0.0015179955749598083
8.64,0.04724310292931076
8.642,-0.033116993351878954
8.644,-0.008823595589605257
8.646,-0.026559955079058648
8.648,-0.12028316231117771
8.65,-0.021204383760887433
8.652000000000001,0.006279160778214929
8.654,0.08815805904282224
8.656,-0.028300542029629804
8.658,0.014154329959310555
8.66,-0.012481514865834938
8.662,-0.06515182571872677
8.664,-0.06161861200646375
8.666,-0.11096448574895776
8.668000000000001,0.012104788314724228
8.67,0.04579292253668092
8.672,0.02164006813393483
8.674,-0.01637692189437768
8.676,0.05048399513058584
8.678,-0.06511005086479912
8.68,-0.04009415479700054
8.682,-0.06482787711247122
8.684000000000001,0.05698155673710141
8.686,0.016477881443704104
8.688,0.04225282179296631
8.69,-0.03258154118593383
8.692,-0.11297241991470677
8.694,-0.0024882058970810412
8.696,0.06313337788492222
8.698,-0.01108466283860992
8.700000000000001,0.022523259057665793
8.702,0.05539668207891764
8.704,0.055667333545455666
8.706,0.07951383967888462
8.708,0.03370036372009168
8.71,0.00899759256585778
8.712,-0.018248530642315373
8.714,0.00046607791699673773
8.716,0.06434789915683205
8.718,0.04505197329983757
8.72,0.012750753974094364
8.722,0.08291418964600397
8.724,0.11900684853473492
8.726,0.09048946648815735
8.728,0.08161808029292754
8.73,0.07380438495730975
8.732,0.16523595275462072
8.734,0.12376414367552441
8.736,0.166201434788114
8.738,0.08168649480571391
8.74,0.0855888432157183
8.742,0.15077487422150915
8.744,0.02749203566154039
8.746,0.11345614658404266
8.748,0.20831781399532528
8.75,0.1704672285788168
8.752,0.1565923731610636
8.754,0.20535281829095842
8.756,0.21484815684506767
8.758000000000001,0.15377161116491966
8.76,0.23578753714780296
8.762,0.13604806747934173
8.764,0.22680467179328484
8.766,0.16615013458063307
8.768,0.17887765238437375
8.77,0.222231915722364
8.772,0.24536411929418261
8.774000000000001,0.18226239047457637
8.776,0.23754234028531318
8.778,0.15090963211441993
8.78,0.11417834489031163
8.782,0.26001144548508104
8.784,0.23974865665278092
8.786,0.19180983143825484
8.788,0.1671464620721818
8.790000000000001,0.19282114550231397
8.792,0.2112451749841769
8.794,0.2192419369288294
8.796,0.1868293968392621
8.798,0.2530159188522669
8.8,0.235548429621405
8.802,0.1979794508516022
8.804,0.23280101323453486
8.806000000000001,0.2356654635462046
8.808,0.15309650332166147
8.81,0.20438975592465136
8.812,0.2195409755438275
8.814,0.14598636206000978
8.816,0.21647905078196344
8.818,0.15786009746941534
8.82,0.21282534679455667
8.822000000000001,0.1672805222519436
8.824,0.22096787580388172
8.826,0.05205104027933649
8.828,0.0725501059145548
8.83,0.09447551143063383
8.832,0.16543152890487967
8.834,0.06102046526457381
8.836,0.056734003513323916
8.838000000000001,0.0975184993991863
8.84,0.18959938552678052
8.842,0.056980783568253285
8.844,0.01900203191581188
8.846,0.05826957207388004
8.848,0.11534898673260222
8.85,0.09000241903445803
8.852,0.1528754453041184
8.854000000000001,0.12570822327047723
8.856,0.1071543315374905
8.858,0.06580770147428945
8.86,0.06902311139682693
8.862,0.03911571548364029
8.864,-0.00027603812866922386
8.866,0.07964916935809023
8.868,0.07656626099266395
8.870000000000001,0.03745269501003669
8.872,0.0677603991193999
8.874,0.032742678884855755
8.876,0.045585681693179225
8.878,0.028828967351485553
8.88,-0.07482718267773228
8.882,0.01894917430846742
8.884,0.04619547813064993
8.886000000000001,0.03489492428210668
8.888,0.030589427628402294
8.89,0.06779381368665466
8.892,-0.006186233670014062
8.894,0.012575976402086807
8.896,-0.016738053692999764
8.898,0.02957130605747139
8.9,-0.013385416854943499
8.902000000000001,0.026673958064266954
8.904,0.04475069398189814
8.906,0.007320685064792376
8.908,-0.08607326287261009
8.91,-0.05161560112037626
8.912,-0.05649813615442739
8.914,0.008106833965431052
8.916,-0.046612104417984496
8.918000000000001,0.030478422208992474
8.92,0.05646265956678829
8.922,0.002357823777651833
8.924,0.07087926197498769
8.926,-0.06397687147107248
8.928,0.04430503148696659
8.93,0.0013101475663932112
8.932,-0.04985344579651235
8.934000000000001,-0.04931773625000298
8.936,0.03076523917809011
8.938,0.0019896544015654636
8.94,0.018932912188359494
8.942,-0.026061964370109682
8.944,-0.04970248108546896
8.946,-0.05071582906193198
8.948,0.016628003571865713
8.950000000000001,-0.011364751163460352
8.952,-0.0009952172206112897
8.954,0.09911485815612787
8.956,-0.055522518635634406
8.958,0.024587643501637058
8.96,-0.11751980237617692
8.962,-0.05977528720290676
8.964,-0.0404302432290941
8.966,0.019276189248172957
8.968,-0.00916248116008908
8.97,-0.015355852583269715
8.972,-0.007432834160225048
8.974,0.01256079577979224
8.976,0.0020892750242303432
8.978,-0.040277265759703966
8.98,0.03803251327163912
8.982,0.03739309572805644
8.984,0.03773484222253513
8.986,0.0626310495504543
8.988,-0.047498803963820106
8.99,-0.01654336481189356
8.992,-0.018161974408375373
8.994,-0.08167611011869542
8.996,-0.0360883358014884
8.998,-0.0861816854683688
9.0,-0.02862729543745112
9.002,-0.035442564948791264
9.004,-0.015136419743786461
9.006,0.08061947580622937
9.008000000000001,-0.009951581681180634
9.01,-0.04506293377579604
9.012,-0.045814714910171375
9.014,-0.009081534750865407
9.016,-0.025854931393194967
9.018,0.04848290939878359
9.02,0.0461131428735068
9.022,0.04188236672627864
9.024000000000001,0.051098998509834806
9.026,-0.035589452074345614
9.028,-0.024897613882697563
9.03,0.01662331898760584
9.032,0.0037815570424021543
9.034,-0.005379848787576103
9.036,-0.014595931847050886
9.038,0.08033925416357854
9.040000000000001,0.013912499897917485
9.042,-0.008137796434468074
9.044,-0.038765418382699424
9.046,-0.11243902501661013
9.048,0.03181039679484199
9.05,-0.009684599061555403
9.052,0.010009418510883418
9.054,0.008740591377416361
9.056000000000001,0.021620467462356407
9.058,-0.037211523424367135
9.06,0.012652115746425054
9.062,-0.049651367005783306
9.064,0.05179440722442309
9.066,0.011805448732597283
9.068,-0.003948630206984566
9.07,0.037778585209005525
9.072000000000001,0.01716056931586698
9.074,-0.04676430715928061
9.076,0.023791873384064438
9.078,-0.04758958890630693
9.08,0.015282056465148412
9.082,-0.0042007911459971195
9.084,-0.02691566449279699
9.086,0.04503198272285183
9.088000000000001,-0.05981468674532668
9.09,-0.0022783454762523737
9.092,0.035289400301052196
9.094,-0.06336771579558016
9.096,-0.025774914866175978
9.098,0.025773885271497626
9.1,0.030489143303523994
9.102,-0.003923958140724913
9.104000000000001,-0.01546476409489609
9.106,0.07250029380432753
9.108,-0.022914606007788087
9.11,0.006742251593713933
9.112,-0.018015988816009198
9.114,-0.01684450676836895
9.116,0.06654433661369527
9.118,-0.005952577764376497
9.120000000000001,0.03517046707975578
9.122,0.09366037149341289
9.124,0.00654160781264787
9.126,-0.10124033124980095
9.128,0.06481368429998273
9.13,-0.06433699655120938
9.132,0.009399364542895496
9.134,-0.008885607064931175
9.136000000000001,0.018727797283256506
9.138,0.06939646285921998
9.14,0.05113236587988197
9.142,-0.01435093691106843
9.144,-0.04593101191378699
9.146,-0.025973292670363444
9.148,-0.03976548184137779
9.15,0.04572671564081064
9.152000000000001,0.04711071781689589
9.154,-0.03797435856047074
9.156,0.10551211127768276
9.158,0.029270794918260262
9.16,-0.042352633020568624
9.162,-0.007365284225644259
9.164,-0.01242626549049737
9.166,-0.01588796265416992
9.168000000000001,0.08523837612466185
9.17,0.04832135955116005
9.172,-0.021644534867836976
9.174,0.022600128575744352
9.176,-0.03676808321336838
9.178,0.01408977656148549
9.18,-0.03714291059636975
9.182,-0.037954754549035505
9.184000000000001,0.1199784284569926
9.186,0.07380223227586963
9.188,0.07733705240380928
9.19,0.09278940998349564
9.192,0.029595344757107882
9.194,-0.03970348311769216
9.196,0.10086839941365083
9.198,0.12930431426765526
9.200000000000001,0.017565873405617813
9.202,0.08966780956594078
9.204,0.08749170482385393
9.206,0.07619957233679552
9.208,0.09125037729929963
9.21,0.003569144324972358
9.212,0.026434240453270592
9.214,0.0948208600683621
9.216000000000001,0.03850018561558623
9.218,0.12419413351347933
9.22,0.16334011341232102
9.222,0.1399697382880702
9.224,0.08833311318902196
9.226,0.03299286503130309
9.228,0.09396340908582981
9.23,0.11592787528887832
9.232,0.08959230013203545
9.234,0.10874463719988675
9.236,0.1136121200721812
9.238,0.09818993462750246
9.24,0.08260538843589688
9.242,0.11904628756389982
9.244,0.06927064698427222
9.246,0.019510500502827183
9.248,0.18088744007165336
9.25,0.09301399215366565
9.252,0.12167441552963557
9.254,0.12366120091652463
9.256,0.19194180157272694
9.258000000000001,0.04762891294191449
9.26,0.032284100670832004
9.262,-0.043740475020082964
9.264,0.058080670149037186
9.266,-0.03184019752354069
9.268,0.07270415118742189
9.27,0.018369226279664565
9.272,0.02083821443682432
9.274000000000001,0.06285663320222076
9.276,0.03508040576472608
9.278,0.007243584350311557
9.28,-0.04692187054056122
9.282,0.018052498959795396
9.284,0.016332345626009236
9.286,0.0517085027912683
9.288,-0.0020986061347848806
9.290000000000001,0.007814732119936111
9.292,0.010982702936355192
9.294,-0.07085081113183013
9.296,0.027512067003653353
9.298,0.08645158555408693
9.3,0.07531178262772446
9.302,0.02724637193624214
9.304,0.03176504063949716
9.306000000000001,0.0628617024532044
9.308,-0.01432089970916068
9.31,0.061692661288200557
9.312,-0.01903471325623865
9.314,-0.018061607185452244
9.316,0.04370196144905362
9.318,0.010923637932972389
9.32,-0.040835009927031735
9.322000000000001,0.0641322662968133
9.324,0.019208631858079053
9.326,0.016311709681615695
9.328,0.03936203260860434
9.33,-0.05446230191906423
9.332,0.025481150225864196
9.334,-0.016413900986307527
9.336,0.028084870951077756
9.338000000000001,0.003117748631100113
9.34,0.012817890411387003
9.342,0.02590539806318041
9.344,-0.006420867615002308
9.346,-0.006799956957443046
9.348,0.09584671011076842
9.35,0.007785319981146356
9.352,0.04668941299184472
9.354000000000001,0.041029535302349374
9.356,0.00922368369886328
9.358,0.0072550556092684446
9.36,0.03514802265735947
9.362,0.02571009388584451
9.364,0.04204298372632751
9.366,-0.011971951799653557
9.368,0.039726676492853163
9.370000000000001,0.04400874335354451
9.372,0.03252510826923862
9.374,-0.0209659539330527
9.376,-0.007980091971716344
9.378,-0.011093608635187727
9.38,-0.07281128901828161
9.382,-0.0820243253650039
9.384,-0.014837659328050319
9.386000000000001,-0.036003785234021736
9.388,0.019941913567491535
9.39,0.027086588170146014
9.392,0.10081793257965407
9.394,0.20023556288005454
9.396,0.3062031247835701
9.398,0.37342383794523987
9.4,0.5618720096890784
9.402000000000001,0.7848065574526201
9.404,0.8227789483870909
9.406,0.9922411803059472
9.408,0.9532153593692966
9.41,1.0157090455367954
9.412,0.9906139312953184
9.414,0.9166477858653395
9.416,0.8535769017020877
9.418000000000001,0.8557439822179194
9.42,0.6585675195273115
9.422,0.5031904093340448
9.424,0.4045961152856657
9.426,0.29132969080352356
9.428,0.07379021115923193
9.43,0.06166581460502988
9.432,-0.042031129820376045
9.434000000000001,-0.0582459529891072
9.436,-0.14336936223029312
9.438,-0.21925708415452938
9.44,-0.06785784446586299
9.442,-0.11978051742269877
9.444,-0.1171984823806422
9.446,-0.19368770656467643
9.448,-0.1298258621836485
9.450000000000001,-0.10836864836372906
9.452,-0.1921520889932061
9.454,0.012356596187605894
9.456,0.029065714571963865
9.458,-0.04867649139195441
9.46,-0.015250990508847706
9.462,-0.01759595055190692
9.464,0.0587014849021833
9.466000000000001,-0.02150326688700776
9.468,0.031321671631959876
9.47,-0.04387898334134736
9.472,0.04503352894184807
9.474,0.11542455813423515
9.476,0.00426353265061131
9.478,0.0203238091443777
9.48,-0.005959421482553476
9.482,0.0491681523294628
9.484,0.014202581022516283
9.486,0.07809676447569772
9.488,0.11830088372691223
9.49,0.021063105233707285
9.492,0.07141844125059246
9.494,0.07866986254482664
9.496,0.009462020167179456
9.498,0.019790736366382664
9.5,0.007372335253518211
9.502,0.09743528274900279
9.504,0.03694927404780521
9.506,0.03341062651661445
9.508000000000001,0.00036348935420538186
9.51,0.04904159210625335
9.512,0.06703375951642707
9.514,0.010136037698560368
9.516,-0.001780947319180621
9.518,-0.003355033189898153
9.52,-0.06425422701889577
9.522,0.04124965556035631
9.524000000000001,0.04603847079282233
9.526,0.04173054063029251
9.528,0.03650981224618673
9.53,0.060332812691335405
9.532,-0.034866445303183
9.534,-0.01952338965187457
9.536,0.02436068491033863
9.538,0.06421244705938792
9.540000000000001,0.10155036236327028
9.542,-0.002618910275021369
9.544,0.013269862126217873
9.546,-0.02169746288989544
9.548,0.13497138637420353
9.55,0.022538306968712722
9.552,0.04886793732455303
9.554,-0.07162981504727606
9.556000000000001,0.07602470035010318
9.558,0.03175732238486133
9.56,0.019666186618106214
9.562,0.042590375656886954
9.564,-0.06356617450938726
9.566,0.07240295434436723
9.568,0.016834692839640425
9.57,0.06282655300105297
9.572000000000001,0.07597934142153583
9.574,0.07771828786671331
9.576,0.03734686867647602
9.578,0.0735176498731968
9.58,0.03885902273183378
9.582,-0.0025883886112344073
9.584,0.10752636970173844
9.586,0.07997204152352082
9.588000000000001,0.14586511437677638
9.59,0.161577680159867
9.592,0.13649062785145002
9.594,0.07859980007061457
9.596,0.04187868506394899
9.598,0.05896580484215733
9.6,0.11268006787973354
9.602,0.09374027542632804
9.604000000000001,0.14506159961605772
9.606,0.12211422713252584
9.608,0.11384723261147965
9.61,0.1603439985923842
9.612,0.1906513833303366
9.614,0.06445819464686685
9.616,0.19718001925845943
9.618,0.14190459887220586
9.620000000000001,0.1178001219024956
9.622,0.22629778923661137
9.624,0.21103767232064188
9.626,0.18402441301796568
9.628,0.17641740915040605
9.63,0.16126617537347449
9.632,0.23233460072751091
9.634,0.19271007507481044
9.636000000000001,0.21047612253441284
9.638,0.2995479861821721
9.64,0.21540620449134062
9.642,0.20122214982598546
9.644,0.19638132131073185
9.646,0.20541166295288688
9.648,0.24059565510956218
9.65,0.20984999278302288
9.652000000000001,0.2776399998071227
9.654,0.24446776450312518
9.656,0.21988507298823337
9.658,0.2898008218611762
9.66,0.3405802267441177
9.662,0.20239461012246707
9.664,0.20640323903421148
9.666,0.2806778298296114
9.668000000000001,0.261029060094089
9.67,0.24434828041902942
9.672,0.280998296490832
9.674,0.31336004515079924
9.676,0.2741419695368326
9.678,0.30226875430944145
9.68,0.2403985207837003
9.682,0.23401715863803071
9.684000000000001,0.2758159119568313
9.686,0.31186482000733207
9.688,0.27084288939485346
9.69,0.2164316054856003
9.692,0.3204847734662576
9.694,0.21070063997966737
9.696,0.2295713437615162
9.698,0.22967789521051388
9.700000000000001,0.21756720368703306
9.702,0.2005446802494886
9.704,0.2506438978425054
9.706,0.2394174439501761
9.708,0.20595541504806597
9.71,0.1289402793336783
9.712,0.20682102029770144
9.714,0.2082643133230512
9.716000000000001,0.07485439390370276
9.718,0.14601124352105757
9.72,0.16521205262405456
9.722,0.21278821304475584
9.724,0.1691276270264632
9.726,0.06643387738723033
9.728,0.12422672775377866
9.73,0.16013977328600087
9.732,0.15688040465611536
9.734,0.11999476921327866
9.736,0.17618081419835885
9.738,0.08524487648001407
9.74,0.18198580102536532
9.742,0.10413028775599596
9.744,0.01699623391687817
9.746,0.06854978402091202
9.748,0.018233854711285066
9.75,0.10393324190372637
9.752,0.10139472749572778
9.754,0.10014918195094284
9.756,0.05626662769904642
9.758000000000001,0.13630515330701673
9.76,0.059575359742562006
9.762,0.06227243668607448
9.764,0.13604895620881408
9.766,0.0701768290446669
9.768,0.08120485948900197
9.77,0.09527793732316653
9.772,0.026296812669317472
9.774000000000001,0.0769520955186927
9.776,0.11321197258771636
9.778,0.10097562899844109
9.78,-0.0006982759721352316
9.782,0.055892133959784776
9.784,0.07987025244662324
9.786,0.08068582704368983
9.788,0.09522559527777287
9.790000000000001,-0.036003802865182524
9.792,0.06856228269814015
9.794,0.1331215614220777
9.796,0.012978224758781923
9.798,-0.0264067003839481
9.8,0.05692703820547538
9.802,0.08081574951362144
9.804,0.060390170105735524
9.806000000000001,0.07723702324682037
9.808,0.01463431700153691
9.81,0.06898039659089385
9.812,0.05398620046811679
9.814,-0.0025546607428400467
9.816,0.05704763343362902
9.818,0.06501065677313338
9.82,0.12196530269014881
9.822000000000001,0.05850515549177552
9.824,0.013809086994536215
9.826,0.05021486185800025
9.828,-0.021986893341699405
9.83,0.019944456801003933
9.832,-0.012964076128208032
9.834,0.11505491300564744
9.836,0.09019949310133302
9.838000000000001,0.053542015455744184
9.84,0.11956632076568624
9.842,0.03552901898126961
9.844,0.03457809909157978
9.846,-0.014354511979018287
9.848,0.12726465463141295
9.85,0.03185896723320329
9.852,0.053888994121923516
9.854000000000001,0.09743216391717699
9.856,0.0628394011814987
9.858,0.022601095067022174
9.86,0.038975642821415885
9.862,-0.003766047564129283
9.864,0.051546046173770385
9.866,0.07090057921741343
9.868,-0.010491188057268515
9.870000000000001,0.11319784691264115
9.872,0.05423742851062649
9.874,0.05311854741815463
9.876,-0.010773136142413126
9.878,0.03660078914322766
9.88,0.04017100374611298
9.882,0.021256805675394647
9.884,0.02340066163546933
9.886000000000001,0.05577358958131573
9.888,0.024138249918319567
9.89,0.07234475346220773
9.892,0.005249012229211265
9.894,-0.009920592993234115
9.896,0.04857188440199309
9.898,-0.033762190538368854
9.9,0.02824174713461309
9.902000000000001,0.025957242177166245
9.904,0.014232755744822481
9.906,0.01274953018800934
9.908,0.024436918122685246
9.91,0.015365851871153663
9.912,0.01918975603153508
9.914,0.007693356013644535
9.916,0.05074326840594774
9.918000000000001,0.050893022276277664
9.92,0.07171277286321824
9.922,0.02696872362573543
9.924,0.0635305372172933
9.926,0.06698215062064054
9.928,0.013670073353701524
9.93,0.05833206866566189
9.932,0.012981620023839048
9.934000000000001,0.09959391586392494
9.936,0.01883452092522321
9.938,0.07821933880003165
9.94,0.033844187818486846
9.942,0.07909233846157744
9.944,0.052060436369033576
9.946,0.04005159025418608
9.948,-0.004963631924494782
9.950000000000001,0.050672066489534415
9.952,0.11788800304690722
9.954,0.10198940642833174
9.956,0.04581757903988411
9.958,0.07589721163158446
9.96,0.008673305765145377
9.962,0.07148504320410812
9.964,0.06339737302764198
9.966000000000001,-0.018328248969791662
9.968,0.05323063273076789
9.97,0.00604221633667365
9.972,0.01412629280484589
9.974,0.011272091530008473
9.976,0.06933329091724649
9.978,-0.05606039077090515
9.98,0.022231489251892576
9.982000000000001,0.03971441251894897
9.984,0.10698502717643216
9.986,0.06810316778415469
9.988,0.06450674269571872
9.99,0.08204458431741542
9.992,0.1078460801409481
9.994,0.06338396089051929
9.996,0.03654443981634439
9.998,0.08799632854648573
10.0,0.0627462010854577
10.002,0.03419765922642923
10.004,0.00035779253031290037
10.006,0.048101941388781204
10.008000000000001,0.019591654122748815
10.01,0.10500154883482574
10.012,-0.00815204174284747
10.014,0.07776160604233498
10.016,0.04144352705575466
10.018,0.04945151587809123
10.02,-0.033643760979685106
10.022,0.1082312892227856
10.024000000000001,0.07595151798325901
10.026,0.053958315380170416
10.028,0.014858015043704736
10.03,0.0037916507288591333
10.032,0.08419774635500793
10.034,0.0787033621960987
10.036,0.05904991297762056
10.038,0.068305380154277
10.040000000000001,0.0982298024106982
10.042,0.01960135907320267
10.044,0.05451300493928092
10.046,0.05650770745847633
10.048,0.06464981324476965
10.05,0.07402405657798819
10.052,0.09940066323515463
10.054,0.11853893816760235
10.056000000000001,0.11591391602622797
10.058,0.06585693638710179
10.06,0.06759255245199487
10.062,0.028020370315022577
10.064,0.06920455303359734
10.066,0.06194565470326272
10.068,0.0956675478005773
10.07,0.11553336108799271
10.072000000000001,0.07116118196334587
10.074,0.06434054665340362
10.076,0.12013681009101274
10.078,0.038025244791335164
10.08,0.11256593913656238
10.082,0.06888713443179963
10.084,0.09914117648212423
10.086,0.15326619130141078
10.088000000000001,0.1331742852119694
10.09,0.1319110854673107
10.092,0.06103571086472706
10.094,0.09224329036567394
10.096,0.1491473652078099
10.098,0.07172542781252794
10.1,0.13100236127565051
10.102,0.13160008868102882
10.104000000000001,0.07540583096849664
10.106,0.14473638742099232
10.108,0.09902766394007759
10.11,0.17385159550856852
10.112,0.14475781910954338
10.114,0.18633807304545136
10.116,0.10473278262643854
10.118,0.10933103488643964
10.120000000000001,0.08305827268530687
10.122,0.06578683857396705
10.124,0.08869599833662623
10.126,0.18628730759110604
10.128,0.058316956604295034
10.13,0.1366143742266933
10.132,0.08741340732937117
10.134,0.0919144558124937
10.136000000000001,0.14940059712749432
10.138,0.06486106298211419
10.14,0.07544630644562224
10.142,0.12103493438162743
10.144,0.030363082690217987
10.146,0.053214622077435325
10.148,0.08187823033004432
10.15,0.109066993958197
10.152000000000001,0.0932496715382307
10.154,0.10305515993777165
10.156,0.03690128448287575
10.158,0.019419145485705606
10.16,0.06667482291479243
10.162,0.12529391217529123
10.164,0.023384459039504556
10.166,0.055436306322190536
10.168000000000001,0.017588236740545993
10.17,0.07197324792858183
10.172,0.02789114746879482
10.174,0.008921057707664534
10.176,0.04399686728482271
10.178,0.024854457852864716
10.18,0.09543018132422915
10.182,0.025853047719330054
10.184000000000001,0.04911910386024571
10.186,0.01491702438607926
10.188,0.031959109374709
10.19,0.02758777090986307
10.192,0.045512724315816676
10.194,0.0639150023547209
10.196,0.08732521302678634
10.198,0.05387943232033667
10.200000000000001,0.012111471032487144
10.202,0.09759238263927793
10.204,0.09432438817676339
10.206,0.07777736338084931
10.208,0.05824505874976111
10.21,-0.022737219673716356
10.212,-0.03497225730069119
10.214,0.06656372724172518
10.216000000000001,0.055663782617292774
10.218,0.06026942976528069
10.22,0.08312338104693019
10.222,0.05823111140079284
10.224,0.04834322784133232
10.226,0.08696718195503983
10.228,0.023163932607426503
10.23,-0.007546172150827889
10.232000000000001,0.08563624498069367
10.234,0.053259287676664976
10.236,0.06114693139745477
10.238,0.10958692958893851
10.24,0.09823708061509906
10.242,-0.014347434220920947
10.244,0.011827267149305173
10.246,0.00868337293998567
10.248,0.0764441218652796
10.25,-0.047189636783025804
10.252,-0.02133093994790742
10.254,-0.018947408586622094
10.256,0.07505260651534658
10.258000000000001,-0.07310169618997425
10.26,-0.0947536432969237
10.262,-0.028244107482378447
10.264,-0.04192549535929557
10.266,0.12549202431012446
10.268,0.20863916617208605
10.27,0.26041691492991353
10.272,0.3548560527709372
10.274000000000001,0.3415404851878686
10.276,0.5086523040655977
10.278,0.6517650510571448
10.28,0.7450223444301463
10.282,0.9539906267298617
10.284,0.9719268275335131
10.286,1.0273592575243151
10.288,1.1147337147487866
10.290000000000001,0.9969961038061559
10.292,0.9149100019262187
10.294,0.8141212502512765
10.296,0.7529190745663144
10.298,0.5868166642446303
10.3,0.4306835020890971
10.302,0.39019183654277284
10.304,0.19988291276309797
10.306000000000001,0.11795306647104403
10.308,0.10330495863750445
10.31,-0.09130755330210542
10.312,-0.08554528444379039
10.314,-0.1240326953159232
10.316,-0.16936540622345628
10.318,-0.15802402197757962
10.32,-0.1344587730471109
10.322000000000001,-0.09709359873698452
10.324,-0.0891299632309285
10.326,-0.11470356830056982
10.328,0.005442168947014811
10.33,-0.010137978122021211
10.332,0.04282352751945705
10.334,0.01655861122067567
10.336,0.12597538427383131
10.338000000000001,0.047604578443700155
10.34,0.06386119563586015
10.342,0.09157072331183354
10.344,0.01968261015057026
10.346,0.05306569384537677
10.348,0.013181031577617453
10.35,0.03524732101195603
10.352,0.08076514706996771
10.354000000000001,0.00531607486678945
10.356,0.08424155205273631
10.358,0.0849369845819395
10.36,0.068702724626237
10.362,0.06866152733709543
10.364,0.09721503109195728
10.366,0.08219465777635077
10.368,0.11738424069290657
10.370000000000001,0.027208992634712728
10.372,0.03056768973838856
10.374,0.028496318960840115
10.376,0.09724858401269895
10.378,-0.02288525781274693
10.38,-0.006679552817720001
10.382,-0.0006177654595667451
10.384,0.07792200749566243
10.386000000000001,0.08083248341119718
10.388,0.029611492734134576
10.39,-0.011726266185417528
10.392,0.04747634135810347
10.394,0.036618423960915435
10.396,-0.0025146492419161823
10.398,-0.01940510763701398
10.4,0.05585402472997987
10.402000000000001,0.13049150797775275
10.404,0.058903311969577515
10.406,0.04073532799004162
10.408,0.06141101560063761
10.41,0.0571312730922862
10.412,-0.0029032758069915746
10.414,-0.0035668507094443608
10.416,0.028230340608978135
10.418000000000001,0.0635869571890382
10.42,0.009239421651921507
10.422,0.07385731516397612
10.424,0.059265468116510366
10.426,0.05669851411259351
10.428,0.05415435547166507
10.43,-0.0966543374265337
10.432,0.09620215244245281
10.434000000000001,0.08152954566087697
10.436,0.05101729131529366
10.438,0.08613515504409844
10.44,0.04885158462746737
10.442,0.005020969563857822
10.444,0.03732133044736172
10.446,0.03293698987145152
10.448,0.06578277566138446
10.450000000000001,0.0918914899641962
10.452,0.034004799622179116
10.454,0.0648501832045214
10.456,0.11864200282109151
10.458,0.12417448077197449
10.46,0.11132312938308964
10.462,0.02532455826789292
10.464,0.09186961566239055
10.466000000000001,0.1238351894259313
10.468,0.10700659155534982
10.47,0.1523129995370667
10.472,0.1338390751231698
10.474,0.12444355762298939
10.476,0.1070046362495504
10.478,0.045475468618205575
10.48,0.12456970880040064
10.482000000000001,0.08783437330497747
10.484,0.16879949625886395
10.486,0.0810700054922025
10.488,0.144128401063362
10.49,0.1335512692345585
10.492,0.12141971949729306
10.494,0.19630311174823786
10.496,0.06442065105103231
10.498,0.23505210645838287
10.5,0.15156988042977054
10.502,0.2316114925853247
10.504,0.27531497048984616
10.506,0.26245888200449985
10.508000000000001,0.24850855534863409
10.51,0.19009484850048244
10.512,0.1752732153080766
10.514,0.23643879226469558
10.516,0.2269538283026868
10.518,0.23615048336556083
10.52,0.24979370086980443
10.522,0.2820047019336995
10.524000000000001,0.3010840598699812
10.526,0.2153270495057051
10.528,0.2503598470133165
10.53,0.305824968805279
10.532,0.24605962521533165
10.534,0.23695000226033816
10.536,0.30649927477767297
10.538,0.23285604797136028
10.540000000000001,0.3125535643744939
10.542,0.3067978867787088
10.544,0.3525557335700747
10.546,0.17353337670440816
10.548,0.23096424542763877
10.55,0.3058948315098356
10.552,0.28606409519311127
10.554,0.28621266524457595
10.556000000000001,0.3213658121465372
10.558,0.2970027252412941
10.56,0.23340320354540706
10.562,0.24114466299408108
10.564,0.213964617779193
10.566,0.2658170305186178
10.568,0.2807374556943113
10.57,0.24769464870188082
10.572000000000001,0.2893084286715176
10.574,0.3020512145035031
10.576,0.19737665540847965
10.578,0.21292588182168548
10.58,0.18371760252851926
10.582,0.21546487083461915
10.584,0.25096651464355546
10.586,0.24769795398086433
10.588000000000001,0.19481375944968243
10.59,0.225261767881644
10.592,0.18047394709767095
10.594,0.23002280371214978
10.596,0.18310382986243431
10.598,0.18748178487345515
10.6,0.2172787789138235
10.602,0.156022231687159
10.604000000000001,0.1753141575484673
10.606,0.1440246518391924
10.608,0.18584474280937516
10.61,0.1354224677509273
10.612,0.13284777536402975
10.614,0.11249809277162372
10.616,0.11809830969428965
10.618,0.10441471177993347
10.620000000000001,0.182577134225184
10.622,0.10374572619901996
10.624,0.144828998601006
10.626,0.09327313095305564
10.628,0.11427787235412118
10.63,0.09316457078634775
10.632,0.04063830541556079
10.634,0.025056084002637147
10.636000000000001,0.06713938830454
10.638,0.04620357918665969
10.64,0.08551042284870466
10.642,0.06306734359303819
10.644,-0.024120776245564815
10.646,0.08722004592410997
10.648,0.03076122731165842
10.65,0.057756509230926546
10.652000000000001,0.12675221821903987
10.654,0.06844984603194382
10.656,0.08949024448057051
10.658,0.05284879215269032
10.66,0.12205175532814437
10.662,0.026674583642180866
10.664,0.058525017015971556
10.666,0.03401938769174577
10.668000000000001,0.06366199716391135
10.67,0.051617835864658984
10.672,0.07494747308391285
10.674,0.06714355318282986
10.676,0.00939683979024002
10.678,0.032734014644706794
10.68,0.045978146423513805
10.682,0.10770537542274591
10.684000000000001,0.06447696708064743
10.686,0.08882682545586093
10.688,0.06406863570494158
10.69,0.07406386019951806
10.692,0.008353203715875945
10.694,0.06621665726213231
10.696,0.10621992385164651
10.698,0.02022841664166799
10.700000000000001,0.04589110971477778
10.702,0.010902171803402264
10.704,0.001310948102926826
10.706,0.06375507081846088
10.708,0.0542847430368843
10.71,0.09908101712118507
10.712,0.08681279637961502
10.714,0.08896141381391069
10.716000000000001,0.05780642272865936
10.718,0.068460310593492
10.72,0.07165500100938035
10.722,0.10256381146807858
10.724,0.03756133543390214
10.726,0.01864039809608961
10.728,-0.05589062834154308
10.73,-0.04008498901889351
10.732000000000001,0.01994093345124995
10.734,0.02780466937243276
10.736,0.1480228949571279
10.738,0.07649303592418673
10.74,0.0210878963923456
10.742,0.04664247764144934
10.744,0.06459148514634801
10.746,0.024696808310936028
10.748000000000001,0.045996899130942015
10.75,0.04863469196121386
10.752,0.08254645031198113
10.754,0.03199852413933274
10.756,0.030361582343036854
10.758000000000001,0.0635465489075611
10.76,0.014771437799491851
10.762,-0.05232314082286452
10.764,0.06470671869274003
10.766,-0.00839256237405469
10.768,-0.054416993246263874
10.77,0.057926250236871736
10.772,0.08627373106608913
10.774000000000001,0.046064309423216536
10.776,0.039215148817059294
10.778,0.037562363674002806
10.78,0.006540887043899152
10.782,-0.010751163361646415
10.784,0.041774520492309945
10.786,0.04787628147460827
10.788,0.025271694779829153
10.790000000000001,0.03648398979061547
10.792,0.01884723692853521
10.794,0.04449720459622311
10.796,-0.023997393026556336
10.798,0.0025438111389787937
10.8,-0.0013973610451779653
10.802,0.0992816432742489
10.804,-0.022722078403836207
10.806000000000001,0.07185421209238864
10.808,0.04360683677269341
10.81,-0.05808487450765516
10.812,0.12097369453842849
10.814,0.0042227452807421136
10.816,0.005938636609748915
10.818,0.07207975297525272
10.82,0.0714875062948936
10.822000000000001,0.02884379386904526
10.824,0.02743337537425996
10.826,0.029868817035982202
10.828,0.017369304857955993
10.83,0.08895837055045845
10.832,0.003620996239925175
10.834,-0.003880837373697918
10.836,-0.0010416569199582573
10.838000000000001,0.07907674131897521
10.84,0.11851381706037734
10.842,0.016739182495794584
10.844,-0.002480687949815378
10.846,0.03814169142029164
10.848,0.05719079571745634
10.85,0.09591049890389941
10.852,0.0732137750903152
10.854000000000001,0.109858024127055
10.856,0.01615004421084057
10.858,0.0141614376888902
10.86,0.02251993471428251
10.862,-0.051606727852293484
10.864,0.006574531802106617
10.866,-0.029431353385041794
10.868,0.025299425662661083
10.870000000000001,0.09555274748396592
10.872,0.02972358047897166
10.874,0.12721985849988143
10.876,-0.05667345975840618
10.878,0.1168038542751588
10.88,0.023882747462935776
10.882,0.07962700333619852
10.884,-0.03520398518292602
10.886000000000001,0.016019311436029374
10.888,0.08031564562311203
10.89,0.13344469661365108
10.892,0.014365238549543524
10.894,0.02398107051011844
10.896,0.00799019944637051
10.898,0.023142838034953934
10.9,0.04942838927390829
10.902000000000001,0.019721515428218782
10.904,-0.03855272000491859
10.906,0.021356528462476713
10.908,0.022141788021812575
10.91,0.020151775354105464
10.912,-0.003989919548204943
10.914,-0.007860223220996975
10.916,-0.019916166035537673
10.918000000000001,0.05152232001865455
10.92,0.08142572048462351
10.922,0.08712260525388862
10.924,-0.004925964884202501
10.926,0.04677628693237253
10.928,-0.014785706018376412
10.93,0.05225521730404959
10.932,0.006225867876484447
10.934000000000001,-0.07981884464966417
10.936,-0.007229547809233329
10.938,-0.02938715642874329
10.94,-0.007006213468272314
10.942,0.0468745709430204
10.944,-0.043272270916092925
10.946,-0.030121520902985234
10.948,0.04398820605134164
10.950000000000001,-0.005554682119476247
10.952,0.08399866680117432
10.954,0.027565764422278947
10.956,0.07519953941153393
10.958,0.07407674366486953
10.96,0.025732465468102768
10.962,0.07048808108267401
10.964,0.10070804869447354
10.966000000000001,0.05464858034631138
10.968,0.021071869672878392
10.97,0.11061599742302611
10.972,0.04010266239510154
10.974,0.09360181741154132
10.976,0.11946251812563566
10.978,0.09455575734744864
10.98,0.07959724031623275
10.982000000000001,0.14072558575964872
10.984,0.14393444345735937
10.986,0.12194491450551873
10.988,0.058297778188519674
10.99,0.10590428651284291
10.992,0.10904371273989204
10.994,0.04852251143686021
10.996,0.03950204871605038
10.998000000000001,0.13579394355195407
11.0,0.08448983682787886
11.002,0.12422137601031517
11.004,0.24428564527203825
11.006,0.07391639921280234
11.008000000000001,0.12411961637562992
11.01,0.08330083674850909
11.012,0.07394845276757266
11.014,0.09781546476395031
11.016,0.05837129779904001
11.018,0.06791609869327875
11.02,0.11354086453501364
11.022,0.04729018739005135
11.024000000000001,0.10482552347225987
11.026,0.09665530931157393
11.028,0.06089793693923878
11.03,-0.04117632399773598
11.032,0.047238746967109405
11.034,0.07102683565278253
11.036,0.11687523427177263
11.038,0.05900428754545452
11.040000000000001,0.030449544181153962
11.042,0.053967544731659406
11.044,0.08924413605095226
11.046,-0.020221136467661986
11.048,0.03775598380615827
11.05,0.03804555450881866
11.052,0.11812614157362511
11.054,0.023932404231817278
11.056000000000001,-0.014178958930507246
11.058,0.019067078355698156
11.06,0.006067708941129731
11.062,0.08055115140586358
11.064,-0.004953472753589597
11.066,-0.015259739544737902
11.068,0.05511954372832305
11.07,0.08933276363986947
11.072000000000001,0.08459806235315186
11.074,0.00011736052461155944
11.076,-0.00923473688441667
11.078,-0.017795913837987783
11.08,0.004821295312773312
11.082,0.030354843037603566
11.084,0.023165577948925327
11.086,0.07996099030428434
11.088000000000001,0.04588968941789996
11.09,0.008414714833385989
11.092,-0.06328302907861652
11.094,0.01181797030075969
11.096,0.032823790554007665
11.098,0.02857909150451198
11.1,0.04804793001676792
11.102,-0.008101628267699067
11.104000000000001,0.028299547672842384
11.106,0.05787166687043316
11.108,0.05000405592472261
11.11,-0.040148951039815355
11.112,-0.058943706407357806
11.114,-0.04762447980655543
11.116,-0.01787730707341644
11.118,0.0031263796714802485
11.120000000000001,-0.026681178221120386
11.122,0.08509620703310214
11.124,-0.040797256953521085
11.126,0.0322117014626101
11.128,-0.00391974000128289
11.13,-0.021705847050514766
11.132,-0.00619747381666331
11.134,-0.006965021819975055
11.136000000000001,0.039053987834285875
11.138,0.004117837386307537
11.14,-0.006673919430084897
11.142,0.041315120350027615
11.144,0.01171156558803172
11.146,-0.06631268698447033
11.148,-0.10068518870651286
11.15,-0.005825022506623867
11.152000000000001,-0.010350615801843661
11.154,0.018661576020341478
11.156,-0.020322265044914543
11.158,-0.01704697134693166
11.16,0.05448068549368264
11.162,0.037681920605609195
11.164,0.10498088638970202
11.166,0.27921248927511905
11.168000000000001,0.39502155137171335
11.17,0.49631465239516037
11.172,0.6605468845706466
11.174,0.7664239842910661
11.176,0.8788854059790658
11.178,0.9897893930491831
11.18,0.9661380686025136
11.182,1.0071703408962596
11.184000000000001,1.0000100400071097
11.186,0.9222186023283115
11.188,0.8030245619315813
11.19,0.7675193899322226
11.192,0.46325948871578904
11.194,0.36115702328756766
11.196,0.23017397797447134
11.198,0.13870642597812471
11.200000000000001,-0.00703037777405334
11.202,0.0071508480824871885
11.204,-0.04836084238578052
11.206,-0.09444222661622675
11.208,-0.1020308593180183
11.21,-0.13935554120724494
11.212,-0.23882687696990962
11.214,-0.16212274378572772
11.216000000000001,-0.18747503122587247
11.218,-0.13340203208145665
11.22,-0.03699869869396906
11.222,-0.1183803260662511
11.224,-0.052133630252525195
11.226,-0.025244464710576134
11.228,-0.0065191108260198236
11.23,0.001990682512124191
11.232000000000001,-0.017194617889709527
11.234,-0.008460795077611162
11.236,-0.0006689115976686762
11.238,0.012334571636250902
11.24,0.07410951825638304
11.242,-0.013538766766342816
11.244,-0.05566191853842232
11.246,-0.009909164446621049
11.248000000000001,0.025784862059591643
11.25,0.06743759881550919
11.252,-0.028228186167217114
11.254,-0.012506982992681128
11.256,-0.007671654602842252
11.258000000000001,0.07322866607641368
11.26,0.03219680018040792
11.262,-0.03229458438388205
11.264,-0.032676003478519136
11.266,-0.03316864110173451
11.268,0.049931234182561866
11.27,-0.03383030433447394
11.272,0.05103103570083925
11.274000000000001,-0.004247017112304454
11.276,0.0040352809128158095
11.278,0.009169268203291487
11.28,0.039460385995038594
11.282,0.01735448058367401
11.284,-0.07453894180396148
11.286,0.037914795433349434
11.288,0.0312666244081505
11.290000000000001,0.017479105643762746
11.292,0.015526438007150095
11.294,-0.06927765786662021
11.296,-0.06049328593091469
11.298,-0.04909911421712495
11.3,-0.01914197848010301
11.302,0.06981952280854412
11.304,0.01108425584294173
11.306000000000001,-0.028464365155845713
11.308,0.04840204526744674
11.31,-0.045073917658352884
11.312,-0.043647816601994016
11.314,-0.0534081710484045
11.316,-0.05730346767285538
11.318,-0.0020754638934245215
11.32,-0.018546973763853836
11.322000000000001,0.015484763076975251
11.324,0.006002748858226492
11.326,0.030989500515078677
11.328,-0.01010142164842778
11.33,-0.05991145555322299
11.332,0.04073961396417298
11.334,0.0011836273274101472
11.336,0.04282852329452418
11.338000000000001,0.0770095753613513
11.34,-0.03023692583755959
11.342,0.05359647980176835
11.344,0.00031185875693978855
11.346,0.03367647566594399
11.348,0.017019821157192427
11.35,0.021988828546245936
11.352,0.03950162938630346
11.354000000000001,0.07040837786320443
11.356,0.018582121609505196
11.358,0.056383890013445605
11.36,0.05155337174374162
11.362,0.08181579935300934
11.364,0.06448165423057632
11.366,0.04980521329296792
11.368,0.085139362594353
11.370000000000001,0.06332297594048014
11.372,0.12233683747839205
11.374,0.10244317761735972
11.376,0.041515236643119874
11.378,0.07822586584831635
11.38,0.08681539170050599
11.382,0.18367436274491541
11.384,0.11912581790285749
11.386000000000001,0.12904941126541283
11.388,0.14708136207575406
11.39,0.17727966799647082
11.392,0.2133716946329411
11.394,0.10789770968776191
11.396,0.0985155774091426
11.398,0.1317896029514718
11.4,0.19656469599589133
11.402000000000001,0.179640447458561
11.404,0.16367147198482615
11.406,0.17266356720583087
11.408,0.14579105907555098
11.41,0.1101043368212035
11.412,0.22842749359291825
11.414,0.17980024116641535
11.416,0.15620381071079997
11.418000000000001,0.22262327299908086
11.42,0.19166174011529788
11.422,0.15727122854891193
11.424,0.24146368997557768
11.426,0.20368949410794573
11.428,0.23468577432196502
11.43,0.2516706282871564
11.432,0.20312124623686922
11.434000000000001,0.20748584627643304
11.436,0.27790041534979654
11.438,0.2915155388020768
11.44,0.25127325523801536
11.442,0.23675481028558093
11.444,0.25323656736679395
11.446,0.12803526718508734
11.448,0.22904354301401714
11.450000000000001,0.22830517995453511
11.452,0.30291173558242546
11.454,0.2598600928813744
11.456,0.27469390127786014
11.458,0.22851726254392163
11.46,0.19411995104969315
11.462,0.25587763309422995
11.464,0.20366875579215496
11.466000000000001,0.18339135264812095
11.468,0.19800263018033012
11.47,0.2395813930096775
11.472,0.18816953702886063
11.474,0.15282812314919572
11.476,0.1977494322925902
11.478,0.17454678543866042
11.48,0.11032731355274496
11.482000000000001,0.12097079334910463
11.484,0.2598962510481161
11.486,0.13227303043057176
11.488,0.1375376562723559
11.49,0.14368855560496466
11.492,0.13760334639561397
11.494,0.1991964496679281
11.496,0.08230541297039859
11.498000000000001,0.12136647022023801
11.5,0.1115054643918163
11.502,0.18436980613109777
11.504,0.10560863217873209
11.506,0.047892985699513675
11.508000000000001,0.10788157150769374
11.51,0.02779757215968484
11.512,0.03187705014331152
11.514000000000001,0.049640664930545836
11.516,0.0308781198740484
11.518,0.025831784707827488
11.52,0.0644756719699261
11.522,0.1247738044126673
11.524000000000001,0.026040524589188346
11.526,0.03010735141902379
11.528,0.07462636302309437
11.53,0.00570211188241177
11.532,-0.011573845663682622
11.534,0.01158160459944147
11.536,0.04036484064229862
11.538,0.046199660293946024
11.540000000000001,-0.005342677016468969
11.542,0.030732593240073287
11.544,-0.028780106410156197
11.546,-0.02123188640845055
11.548,0.01577460554481676
11.55,-0.004995944710407121
11.552,-0.008084380872137642
11.554,0.03377911217995664
11.556000000000001,0.0037770166384902305
11.558,0.026523623323800063
11.56,-0.03879387693939068
11.562,-0.002498369474222613
11.564,-0.09641501633039695
11.566,0.0028074567187176703
11.568,0.014605024020902899
11.57,0.05253249816115941
11.572000000000001,-0.022848921197091275
11.574,-0.0028847968243704775
11.576,0.02517100157801202
11.578,-0.05174441746708179
11.58,0.0318032538265273
11.582,-0.05491074542154469
11.584,0.011955863545074415
11.586,0.016195854750892795
11.588000000000001,0.009371144508939024
11.59,0.06504241233671075
11.592,0.07270279203641722
11.594,0.019499899326309664
11.596,-0.09954834955684765
11.598,0.001559476897589316
11.6,0.018110627171852224
11.602,0.0077456592192663
11.604000000000001,-0.03381892311758987
11.606,0.00017949186868849738
11.608,-0.0097083913834656
11.61,-0.00960283450825375
11.612,-0.00035657198313916033
11.614,-0.01261722084479695
11.616,-0.06926274593581372
11.618,-0.028367715516393215
11.620000000000001,-0.05223260447488803
11.622,0.029722149306029948
11.624,-0.04859540549473437
11.626,-0.0046799391254487566
11.628,0.02705438007211402
11.63,0.0009120883547097947
11.632,-0.012442133831004744
11.634,-0.06959119551194072
11.636000000000001,-0.002671737683864631
11.638,-0.007388049107003425
11.64,0.028285974044008733
11.642,-0.05976201769476104
11.644,0.027174586242422097
11.646,-0.0328013281441793
11.648,-0.019913518774779093
11.65,0.031844746541808126
11.652000000000001,-0.010024563104514283
11.654,-0.020968885247361395
11.656,0.007274665211123739
11.658,-0.06528025646640573
11.66,-0.1142127947683887
11.662,-0.0825518911241919
11.664,0.0299068932856658
11.666,-0.07251320109237519
11.668000000000001,-0.030292169566490793
11.67,0.06586445655200507
11.672,0.05743912947419916
11.674,-0.09642387220336603
11.676,-0.011720951086922587
11.678,-0.12688868592168928
11.68,-0.034978022531312526
11.682,-0.029853261103198754
11.684000000000001,-0.019715890661874763
11.686,-0.006309191214392751
11.688,-0.00816587456619335
11.69,0.056978430970426056
11.692,0.015348269332549711
11.694,0.0036534430174334914
11.696,-0.0497133811786581
11.698,0.0007156962805604586
11.700000000000001,-0.022319063365878286
11.702,-0.00715697181188833
11.704,-0.02738860132203645
11.706,0.08233070466352199
11.708,-0.07607601774467977
11.71,-0.04405997285982545
11.712,-0.016278795209015488
11.714,-0.01745055163396723
11.716000000000001,-0.0774576622332471
11.718,-0.03542642968305229
11.72,0.06628990637442092
11.722,0.0009743726909561051
11.724,-0.0038112252608477875
11.726,0.012767433440031672
11.728,-0.037895234214816255
11.73,-0.017824244149927733
11.732000000000001,-0.09572668471480933
11.734,-0.08652266361232404
11.736,-0.017543678443012623
11.738,0.04464199015834837
11.74,0.07296072214492644
11.742,-0.028504235556673287
11.744,0.0006541331803000261
11.746,-0.04930007714356472
11.748000000000001,-0.012330196184514752
11.75,-0.02098317034970954
11.752,-0.021675826230648974
11.754,0.07481492373746476
11.756,0.009447134620539489
11.758000000000001,0.0018936591454099955
11.76,-0.050657053528965365
11.762,-0.05344240625956466
11.764000000000001,-0.11880703932082332
11.766,-0.11256917490552648
11.768,0.007147281141398648
11.77,0.004575523776646835
11.772,-0.013471960778704018
11.774000000000001,0.011668623820948586
11.776,-0.04775133530596506
11.778,-0.033962676363960165
11.78,-0.130135760365246
11.782,0.024511962321603013
11.784,0.04309201463054181
11.786,-0.055203395023063845
11.788,0.007922469132943283
11.790000000000001,-0.04611767975029564
11.792,-0.09837136014500522
11.794,-0.02467579323041298
11.796,0.014290480445418322
11.798,-0.0261124915391055
11.8,-0.06388804113133027
11.802,-0.05877604360540374
11.804,-0.0456069828009021
11.806000000000001,0.034794968526818876
11.808,-0.06326366415264667
11.81,-0.00947325915567217
11.812,-0.1373391369226506
11.814,-0.022091108015581926
11.816,0.03133852205201835
11.818,-0.04929317576582637
11.82,-0.024699592851354424
11.822000000000001,-0.05290010169535018
11.824,-0.06433466992469995
11.826,-0.054670766306448626
11.828,-0.06114259620204861
11.83,-0.05489827111306339
11.832,-0.010432013695457251
11.834,-0.006532149805575267
11.836,-0.02642845457052302
11.838000000000001,-0.008413209576558937
11.84,0.008144138967923015
11.842,-0.031077619782334257
11.844,-0.08326753595781627
11.846,-0.07809081671448717
11.848,-0.02317975917852796
11.85,-0.07622195519052766
11.852,-0.022898172036133025
11.854000000000001,-0.06836107093706811
11.856,-0.06697511003070801
11.858,-0.06373965195987324
11.86,-0.09638731974414996
11.862,-0.06098470274166122
11.864,-0.0335114942573709
11.866,-0.033624935180465845
11.868,0.0269001516741236
11.870000000000001,-0.021424365518449916
11.872,-0.003805824608185614
11.874,-0.09857999890437404
11.876,-0.005269375297297839
11.878,-0.05011726979688244
11.88,-0.025711662171965695
11.882,-0.031103370991656106
11.884,-0.049243504313163364
11.886000000000001,-0.08592690804937828
11.888,0.004748913173466911
11.89,-0.004842578310246405
11.892,0.007566445709360041
11.894,-0.022568932444074673
11.896,-0.08213939526792413
11.898,0.045949282639083336
11.9,-0.027940961767693687
11.902000000000001,-0.10793348827463084
11.904,0.002857573058750753
11.906,-0.005609357731559959
11.908,-0.08193058420285579
11.91,-0.015316437706409856
11.912,-0.030763808632395473
11.914,-0.057828599895422536
11.916,-0.04166992553082503
11.918000000000001,0.026172160700190402
11.92,-0.10857344397294252
11.922,0.020395175992130726
11.924,0.00048446759312681387
11.926,-0.06044814507178707
11.928,-0.11684985086229788
11.93,-0.049268685060205285
11.932,-0.008311114936859355
11.934000000000001,-0.01931512937718293
11.936,-0.07984714688034869
11.938,-0.025003223465993596
11.94,-0.031058869494498643
11.942,-0.06443712746121125
11.944,-0.03203274017389743
11.946,-0.15700694014251193
11.948,-0.08730758684632874
11.950000000000001,-0.03761116086385659
11.952,0.007684340356725529
11.954,-0.024631566980937356
11.956,-0.024939993995997504
11.958,-0.030736385537570268
11.96,-0.11440008221192566
11.962,-0.07386231174518121
11.964,-0.05354653032811332
11.966000000000001,-0.038853415773367324
11.968,-0.09410525557919644
11.97,-0.09937881525332723
11.972,-0.053382113615434934
11.974,-0.06340498111200207
11.976,-0.08687853262336907
11.978,-0.018880301759985854
11.98,0.017448449828072532
11.982000000000001,-0.017322482607843467
11.984,0.012838258415406839
11.986,-0.03963445146325841
11.988,-0.024575511470809955
11.99,-0.08660486275495537
11.992,-0.043224589575116275
11.994,-0.03348022852808839
11.996,-0.10672949299739427
11.998000000000001,-0.031889349465931374
