Time_s,ECG_mV
0.0,0.009750603182811865
0.0033333333333333335,-0.03370758172690567
0.006666666666666667,0.008399153837241751
0.01,0.01283345141771471
0.013333333333333334,0.010137877155458259
0.016666666666666666,0.02168545162603714
0.02,-0.0027271973409995626
0.023333333333333334,-0.041471431569687744
0.02666666666666667,0.04128986242538765
0.030000000000000002,0.006921668112763365
0.03333333333333333,-0.02749075571615167
0.03666666666666667,-0.06765333184737246
0.04,0.011393169608128657
0.043333333333333335,-0.01752091021908042
0.04666666666666667,0.007048032275245711
0.05,0.04500045163426136
0.05333333333333334,0.036224388166922104
0.05666666666666667,0.014854517877895285
0.060000000000000005,0.03059590664058206
0.06333333333333334,-0.0286989109601805
0.06666666666666667,-0.015885891242983556
0.07,0.0013122672843144372
0.07333333333333333,-0.03329657056120975
0.07666666666666667,0.012359308477382785
0.08,-0.005230737693172825
0.08333333333333334,0.031083136220403408
0.08666666666666667,-0.02375448803496788
0.09000000000000001,0.04206247224204004
0.09333333333333334,0.009779848676714638
0.09666666666666668,0.022124112332740725
0.1,-0.07238765429899058
0.10333333333333335,-0.006319096782760306
0.10666666666666667,-0.017076633322226604
0.11,0.02196099954893579
0.11333333333333334,-0.027821223193092992
0.11666666666666667,-0.010131808035768162
0.12000000000000001,0.0012794526022238094
0.12333333333333334,-0.004645831540722652
0.12666666666666668,-0.005722930660059916
0.13,-0.01289485205396838
0.13333333333333333,-0.04111331206513153
0.1366666666666667,-0.006083392825044097
0.14,-0.014999172301107488
0.14333333333333334,0.01936268926616427
0.14666666666666667,0.0073711966620945224
0.15000000000000002,-0.025266209434806394
0.15333333333333335,-0.024261570923664655
0.15666666666666668,-0.023251019799628174
0.16,0.04635020107114799
0.16333333333333333,0.00014427638858193989
0.16666666666666669,-0.030147314355867382
0.17,0.0010419725756282798
0.17333333333333334,-0.0007459063926504601
0.17666666666666667,0.020804457304859712
0.18000000000000002,0.009419416815559902
0.18333333333333335,-0.007886425211518767
0.18666666666666668,-0.025179549759123135
0.19,-0.049055969071930994
0.19333333333333336,0.022645882055863407
0.19666666666666668,0.024246613603774697
0.2,0.018717436700163587
0.20333333333333334,0.021189183333344422
0.2066666666666667,0.0651328451673745
0.21000000000000002,-0.04327415209373466
0.21333333333333335,0.008676850445256316
0.21666666666666667,-0.027545969294254173
0.22,-0.03207218919890838
0.22333333333333336,0.026886551073800075
0.22666666666666668,0.003975809233858247
0.23,-0.018177708148525512
0.23333333333333334,-0.019044355777222063
0.2366666666666667,-0.053832921087266214
0.24000000000000002,-0.030802053665323875
0.24333333333333335,-0.009001860561622478
0.24666666666666667,0.0015908405496069793
0.25,-0.021774901989889302
0.25333333333333335,-0.017283120993234667
0.2566666666666667,-0.033034544087457
0.26,0.0018684814060707274
0.26333333333333336,-0.024973577763255244
0.26666666666666666,-0.005792437793083234
0.27,-0.0291607853508863
0.2733333333333334,-0.046730956109776116
0.27666666666666667,0.012268141969190096
0.28,0.0043147171360358675
0.2833333333333333,-0.09167799470919331
0.2866666666666667,-0.010707719374938189
0.29000000000000004,-0.04483786420414686
0.29333333333333333,0.03391274512424777
0.2966666666666667,-0.016724001269180173
0.30000000000000004,-0.0703703908749567
0.30333333333333334,-0.042487192554532524
0.3066666666666667,0.005271529984768358
0.31,-0.0032624577468853746
0.31333333333333335,-0.010342871501435716
0.3166666666666667,-0.03452140614165652
0.32,-0.02900248413030619
0.32333333333333336,-0.025418927858280017
0.32666666666666666,-0.001434883244691744
0.33,-0.03435453712285743
0.33333333333333337,-0.02296604701217643
0.33666666666666667,0.01330188659166973
0.34,-0.043403201505155954
0.3433333333333334,-0.0037837850107504643
0.3466666666666667,0.040124585884179866
0.35000000000000003,-0.032378132017930966
0.35333333333333333,-0.0407640976396367
0.3566666666666667,-0.03719379431133305
0.36000000000000004,0.005330907119415815
0.36333333333333334,0.007589990730400703
0.3666666666666667,-0.03456882718034609
0.37000000000000005,-0.039861453850063275
0.37333333333333335,0.014837298610665576
0.3766666666666667,-0.065943413730388
0.38,-0.008473812332519518
0.38333333333333336,-0.025957557429430282
0.3866666666666667,-0.02991027180825199
0.39,-0.05762731385505103
0.39333333333333337,0.003612633967166946
0.39666666666666667,0.012900003796347486
0.4,-0.05056771922522351
0.4033333333333334,-0.00020276793594804082
0.4066666666666667,-0.001994808126741167
0.41000000000000003,-0.021110563273895086
0.4133333333333334,-0.043314354406985514
0.4166666666666667,-0.03145615508065973
0.42000000000000004,-0.022923452615005314
0.42333333333333334,-0.04603081536094113
0.4266666666666667,0.04397539610726911
0.43000000000000005,0.0038879281102054616
0.43333333333333335,0.0008496339657741471
0.4366666666666667,-0.02598533128682773
0.44,-0.0010119366768459662
0.44333333333333336,0.026131511037534944
0.4466666666666667,-0.0301230314739817
0.45,-0.05617226266923937
0.45333333333333337,-0.07893348238091168
0.4566666666666667,-0.02211748439412567
0.46,-0.014807539074075511
0.4633333333333334,0.014595963575280629
0.4666666666666667,-0.003920082394545308
0.47000000000000003,0.005153290740819626
0.4733333333333334,-0.033945959941660046
0.4766666666666667,-0.07655379136569615
0.48000000000000004,-0.050063707199904384
0.48333333333333334,-0.051048200756344926
0.4866666666666667,-0.04290196151070315
0.49000000000000005,-0.11569780101392185
0.49333333333333335,-0.05859843896639629
0.4966666666666667,-0.0594876747524105
0.5,-0.0683746503427374
0.5033333333333334,-0.09832650880709536
0.5066666666666667,-0.08211977571873358
0.51,-0.11231530222654115
0.5133333333333334,-0.12533266491787598
0.5166666666666667,-0.12397440162127302
0.52,-0.12831463042929236
0.5233333333333333,-0.14691191886213792
0.5266666666666667,-0.08595212630754609
0.53,-0.0670963776762966
0.5333333333333333,-0.08622889515729819
0.5366666666666667,-0.13439881926343517
0.54,-0.1064738948511557
0.5433333333333333,-0.0694872412889677
0.5466666666666667,-0.047039412939829925
0.55,-0.05303932192353503
0.5533333333333333,-0.05523811096442438
0.5566666666666668,-0.04884039574880151
0.56,-0.046365656230878474
0.5633333333333334,-0.05502311746255835
0.5666666666666667,-0.05605515570801981
0.5700000000000001,-0.04501207197815152
0.5733333333333334,-0.02436863080073999
0.5766666666666667,-0.04597871951001684
0.5800000000000001,-0.009419028553212309
0.5833333333333334,-0.061719528971685825
0.5866666666666667,-0.06158975532442058
0.5900000000000001,-0.029925996045152337
0.5933333333333334,-0.031101438910712324
0.5966666666666667,-0.022819475035981966
0.6000000000000001,-0.03187479177669544
0.6033333333333334,-0.03313233912590083
0.6066666666666667,-0.0562251964113758
0.61,-0.059581022580963136
0.6133333333333334,-0.04345820313277625
0.6166666666666667,-0.005126313432791414
0.62,0.008546878576860359
0.6233333333333334,-0.06032189677454398
0.6266666666666667,-0.016722615232862777
0.63,-0.041965288219774376
0.6333333333333334,-0.07517555665118657
0.6366666666666667,-0.059114727021565915
0.64,0.026103897340710315
0.6433333333333334,-0.06344102632433735
0.6466666666666667,-0.03716527521904439
0.65,0.008533627760515777
0.6533333333333333,-0.0208096722770057
0.6566666666666667,-0.004881466047237014
0.66,-0.006616041333394042
0.6633333333333333,0.04373648577417828
0.6666666666666667,-0.006853072714539048
0.67,-0.006680967024747138
0.6733333333333333,0.07203387861744368
0.6766666666666667,0.04510088529542139
0.68,-0.07260335489337491
0.6833333333333333,-0.20699312103501794
0.6866666666666668,-0.35511333609616286
0.6900000000000001,-0.6203734888362631
0.6933333333333334,-0.8502399554839191
0.6966666666666667,-1.016373821301795
0.7000000000000001,-1.0234615793772837
0.7033333333333334,-0.9728145535023196
0.7066666666666667,-0.7615847760092314
0.7100000000000001,-0.606674904185136
0.7133333333333334,-0.3279428593651691
0.7166666666666667,-0.18235394733434665
0.7200000000000001,-0.041184484974920464
0.7233333333333334,0.0837267025250353
0.7266666666666667,0.16240753929364724
0.7300000000000001,0.19604764592343596
0.7333333333333334,0.1070691787995149
0.7366666666666667,0.08759189336215896
0.7400000000000001,0.02436948065947791
0.7433333333333334,0.02887864927693737
0.7466666666666667,0.03300224146089318
0.75,0.002533889439596187
0.7533333333333334,-0.04561036469979933
0.7566666666666667,-0.05810538430279738
0.76,-0.05006849635592561
0.7633333333333334,-0.009917354889444847
0.7666666666666667,-0.02459784334106755
0.77,-0.07298209799911513
0.7733333333333334,-0.03059457017309729
0.7766666666666667,-0.02999481040555023
0.78,0.003328658619130013
0.7833333333333334,-0.05495100336664159
0.7866666666666667,-0.011603334107284785
0.79,-0.06622617405359539
0.7933333333333333,-0.03433219025130763
0.7966666666666667,-0.012972240447169686
0.8,-0.02931459626964042
0.8033333333333333,-0.032334048544235515
0.8066666666666668,-0.05374053849980078
0.81,-0.015583027382133546
0.8133333333333334,-0.06629675777446853
0.8166666666666668,-0.03540009770107277
0.8200000000000001,-0.06822562524105855
0.8233333333333334,-0.04526038386550187
0.8266666666666668,-0.058442875185462664
0.8300000000000001,-0.02194641578183098
0.8333333333333334,-0.018732235911007564
0.8366666666666667,-0.10242993386578905
0.8400000000000001,-0.04858981297233736
0.8433333333333334,-0.057242570527109383
0.8466666666666667,-0.02307286252126266
0.8500000000000001,-0.04576217270051443
0.8533333333333334,-0.05075532129385941
0.8566666666666667,-0.06143901944864672
0.8600000000000001,-0.0714366754185714
0.8633333333333334,-0.10930229693410837
0.8666666666666667,-0.08587766288397052
0.8700000000000001,-0.04720933385901118
0.8733333333333334,-0.0918175418082905
0.8766666666666667,-0.10009611015088336
0.88,-0.042885469552842365
0.8833333333333334,-0.09187794469849529
0.8866666666666667,-0.13812595682153195
0.89,-0.061444071837093286
0.8933333333333334,-0.10603607219462062
0.8966666666666667,-0.08412131941602644
0.9,-0.1618668052202128
0.9033333333333334,-0.17442436297126174
0.9066666666666667,-0.15649874590677368
0.91,-0.15172014445057028
0.9133333333333334,-0.20065725775732612
0.9166666666666667,-0.19178541731836923
0.92,-0.21192131046324325
0.9233333333333333,-0.24147859044190995
0.9266666666666667,-0.2350591262621668
0.93,-0.20526603861196252
0.9333333333333333,-0.19698003288386426
0.9366666666666668,-0.24492012812713856
0.9400000000000001,-0.23582098096628326
0.9433333333333334,-0.26521434705202235
0.9466666666666668,-0.25373287848417564
0.9500000000000001,-0.2826134169138355
0.9533333333333334,-0.234739441218569
0.9566666666666668,-0.27140551752651776
0.9600000000000001,-0.2387204038319399
0.9633333333333334,-0.27940179056608866
0.9666666666666667,-0.281040126445048
0.9700000000000001,-0.2792220509552105
0.9733333333333334,-0.24717399754283792
0.9766666666666667,-0.2306222108534524
0.9800000000000001,-0.26301124783897717
0.9833333333333334,-0.2451612806131732
0.9866666666666667,-0.24299019638710265
0.9900000000000001,-0.23367838369462102
0.9933333333333334,-0.22404095653839398
0.9966666666666667,-0.2185177544206559
1.0,-0.1965168431677511
1.0033333333333334,-0.2262507614073991
1.0066666666666668,-0.15961996944384996
1.01,-0.13136816760325626
1.0133333333333334,-0.13044403774321797
1.0166666666666668,-0.2071203470889936
1.02,-0.1474698233716295
1.0233333333333334,-0.17009342943223038
1.0266666666666668,-0.16767222927393888
1.03,-0.08398739547412026
1.0333333333333334,-0.1238477455082645
1.0366666666666666,-0.13808042504190404
1.04,-0.0802815824622218
1.0433333333333334,-0.0638838302422271
1.0466666666666666,-0.07636154273883997
1.05,-0.031025656416899167
1.0533333333333335,-0.07397684041713558
1.0566666666666666,-0.11726963717920702
1.06,-0.04124033910564426
1.0633333333333335,-0.08218940201248048
1.0666666666666667,-0.07639592538959342
1.07,-0.030175963952323547
1.0733333333333335,-0.037077775385271336
1.0766666666666667,-0.03655652498356476
1.08,-0.02106676762730866
1.0833333333333335,0.0004973763068564785
1.0866666666666667,-0.08861599887965887
1.09,-0.023708921196688736
1.0933333333333335,-0.026446229752841874
1.0966666666666667,-0.06800840155013865
1.1,-0.06730458839590156
1.1033333333333335,-0.044555179742805893
1.1066666666666667,-0.04817350108481555
1.11,-0.0363682170408834
1.1133333333333335,-0.04323423454077915
1.1166666666666667,-0.01162371731800347
1.12,-0.027084522093255802
1.1233333333333333,-0.08677900565879715
1.1266666666666667,-0.03089159565527126
1.1300000000000001,-0.01785406825961717
1.1333333333333333,-0.062213961096323614
1.1366666666666667,-0.02729550983714165
1.1400000000000001,-0.023325304953861228
1.1433333333333333,-0.05721871972251116
1.1466666666666667,-0.008498426926026797
1.1500000000000001,-0.014032366441036281
1.1533333333333333,-0.05323155044883993
1.1566666666666667,-0.03994708906498201
1.1600000000000001,0.0003689110457930078
1.1633333333333333,-0.040868082843697896
1.1666666666666667,0.010867352096849081
1.1700000000000002,-0.03404363754618894
1.1733333333333333,-0.052489087831599564
1.1766666666666667,-0.028642477441524632
1.1800000000000002,-0.024246478105608912
1.1833333333333333,-0.041177553688904675
1.1866666666666668,-0.0768861877318173
1.1900000000000002,-0.056241059649593125
1.1933333333333334,-0.037999132620309586
1.1966666666666668,-0.015793362607287323
1.2000000000000002,-0.06062686322812043
1.2033333333333334,-0.050154530999204965
1.2066666666666668,-0.060249223017395756
1.2100000000000002,-0.05518999620397834
1.2133333333333334,-0.06943838731649704
1.2166666666666668,-0.05759398897613642
1.22,-0.03461939132298297
1.2233333333333334,-0.03370464833060813
1.2266666666666668,-0.004277013592979821
1.23,-0.033199205017824016
1.2333333333333334,-0.014520498300658217
1.2366666666666668,-0.08781517095654136
1.24,-0.03404366339175208
1.2433333333333334,-0.05331087271942243
1.2466666666666668,-0.05435512167054507
1.25,-0.029974945506028285
1.2533333333333334,-0.008124048338853038
1.2566666666666668,-0.06603464231067396
1.26,-0.057246580647655025
1.2633333333333334,-0.03770540535058632
1.2666666666666668,-0.056988326417410126
1.27,-0.051459330139079225
1.2733333333333334,-0.07587841694043808
1.2766666666666668,-0.0536970128422148
1.28,-0.002343591227013074
1.2833333333333334,-0.06565999226974381
1.2866666666666668,-0.08925126735362846
1.29,-0.03890942249132507
1.2933333333333334,-0.0551350149666615
1.2966666666666669,-0.06138195896228835
1.3,-0.040507504612597243
1.3033333333333335,-0.04089458212276094
1.3066666666666666,-0.07128794182268738
1.31,0.020733326971240564
1.3133333333333335,-0.03271462238303545
1.3166666666666667,-0.046890685216642705
1.32,-0.03887128013918112
1.3233333333333335,-0.07281119042802273
1.3266666666666667,-0.03845074416174195
1.33,-0.011527666863843263
1.3333333333333335,-0.04049249347601639
1.3366666666666667,-0.05179557940230518
1.34,-0.0329379619801729
1.3433333333333335,0.007412414892380523
1.3466666666666667,0.01822976736005045
1.35,-0.04620956508199879
1.3533333333333335,-0.05794058436407939
1.3566666666666667,-0.09241138804743579
1.36,-0.04903063724332705
1.3633333333333335,-0.06460163994018406
1.3666666666666667,-0.11965449042389778
1.37,-0.08928925065724397
1.3733333333333335,-0.09575835337048728
1.3766666666666667,-0.09617581452359532
1.3800000000000001,-0.10193123063039077
1.3833333333333335,-0.15569325430569247
1.3866666666666667,-0.09644754807201679
1.3900000000000001,-0.125415422173028
1.3933333333333333,-0.10422800256451153
1.3966666666666667,-0.08518036309714634
1.4000000000000001,-0.14977325064573613
1.4033333333333333,-0.11722437356157016
1.4066666666666667,-0.07711876548680943
1.4100000000000001,-0.07760131765232098
1.4133333333333333,-0.12761222600820005
1.4166666666666667,-0.11178841021805096
1.4200000000000002,-0.0986718689297533
1.4233333333333333,-0.08289405422693
1.4266666666666667,-0.09168801560405562
1.4300000000000002,-0.07880486066645923
1.4333333333333333,-0.05114167907706286
1.4366666666666668,-0.11469681840294241
1.4400000000000002,-0.05978764426444227
1.4433333333333334,-0.031902095298322726
1.4466666666666668,-0.08139828284216284
1.4500000000000002,-0.02789435181598359
1.4533333333333334,-0.033952702537669466
1.4566666666666668,-0.01801288194324539
1.4600000000000002,-0.03115595526116089
1.4633333333333334,-0.05665279451568918
1.4666666666666668,-0.06883178092532577
1.4700000000000002,-0.05015868670908291
1.4733333333333334,-0.11758774708467787
1.4766666666666668,-0.02364789410395034
1.4800000000000002,-0.06233691245250391
1.4833333333333334,-0.06992188882680422
1.4866666666666668,-0.005707203357039142
1.49,-0.044440586783904196
1.4933333333333334,-0.03106856028170033
1.4966666666666668,-0.030179386415780798
1.5,-0.03552219664310323
1.5033333333333334,-0.06336312829942733
1.5066666666666668,-0.05725625102692575
1.51,-0.05095427514498178
1.5133333333333334,-0.0322627690469736
1.5166666666666668,-0.029876752400461042
1.52,-0.07415015891656032
1.5233333333333334,-0.07464092431551307
1.5266666666666668,-0.05330176889143354
1.53,-0.003356872896854964
1.5333333333333334,0.03436967359549414
1.5366666666666668,0.029026314583682794
1.54,0.041599535390490605
1.5433333333333334,0.04884119846395739
1.5466666666666669,0.05738745499461917
1.55,-0.01054759432255404
1.5533333333333335,-0.06378143398094237
1.5566666666666669,-0.2076226654432922
1.56,-0.33475119919812335
1.5633333333333335,-0.6327380148496435
1.5666666666666669,-0.7873811803264155
1.57,-0.9519061087155504
1.5733333333333335,-1.0442152192462988
1.5766666666666667,-0.9816328595804888
1.58,-0.8231249287105878
1.5833333333333335,-0.6544844131857436
1.5866666666666667,-0.3854109636235178
1.59,-0.22774401156813337
1.5933333333333335,0.0029937228679166317
1.5966666666666667,0.09631316810598359
1.6,0.14239182267343564
1.6033333333333335,0.14113285041749288
1.6066666666666667,0.1669862334331971
1.61,0.1037733461028539
1.6133333333333335,0.10746477423977416
1.6166666666666667,0.00928586532049322
1.62,0.028791527686708368
1.6233333333333335,0.007570471317666749
1.6266666666666667,0.023677644297800726
1.6300000000000001,-0.011628831465113652
1.6333333333333335,-0.0728849554038889
1.6366666666666667,-0.07304795252337318
1.6400000000000001,-0.050159923709064906
1.6433333333333335,0.0268722909412434
1.6466666666666667,-0.010663169498250802
1.6500000000000001,-0.012786670633875584
1.6533333333333335,-0.05041875215346581
1.6566666666666667,-0.04092697987757872
1.6600000000000001,-0.0322760123362545
1.6633333333333333,-0.08123112368230503
1.6666666666666667,-0.0038434631933353634
1.6700000000000002,-0.08434135824612396
1.6733333333333333,-0.07113860729007021
1.6766666666666667,0.01992340140208522
1.6800000000000002,0.018666836886519864
1.6833333333333333,-0.02193237900633728
1.6866666666666668,-0.01788475727370706
1.6900000000000002,-0.04617290188398506
1.6933333333333334,-0.035165543297322986
1.6966666666666668,-0.018304723629864683
1.7000000000000002,-0.06550517239221555
1.7033333333333334,-0.025883886569374095
1.7066666666666668,-0.059146857194403206
1.7100000000000002,-0.025934840525692743
1.7133333333333334,-0.018559404559273122
1.7166666666666668,-0.06056260512280005
1.7200000000000002,-0.036973344308908175
1.7233333333333334,-0.06782121004719886
1.7266666666666668,-0.005624781257654463
1.7300000000000002,-0.04793952560632828
1.7333333333333334,-0.020223566206695427
1.7366666666666668,-0.11139523552668647
1.7400000000000002,-0.04291518710556871
1.7433333333333334,-0.0028124671013652278
1.7466666666666668,-0.03274595046194714
1.7500000000000002,-0.08536040556396621
1.7533333333333334,-0.08451374912006705
1.7566666666666668,-0.07112235502769067
1.76,-0.059261019489602204
1.7633333333333334,-0.07696936341438307
1.7666666666666668,-0.10918109274694875
1.77,-0.10178832500176845
1.7733333333333334,-0.16284642142886174
1.7766666666666668,-0.15810061823613902
1.78,-0.14968018347977358
1.7833333333333334,-0.11955618525011329
1.7866666666666668,-0.17342318323550443
1.79,-0.19794838923632416
1.7933333333333334,-0.14539455702549214
1.7966666666666669,-0.1438708940475003
1.8,-0.1621122336402327
1.8033333333333335,-0.28116826804309847
1.8066666666666669,-0.20203677741831436
1.81,-0.24423977621116383
1.8133333333333335,-0.24552407658137482
1.8166666666666669,-0.26421237369698
1.82,-0.24422133319923028
1.8233333333333335,-0.21007526178991093
1.8266666666666669,-0.20048827441475975
1.83,-0.27708534268020085
1.8333333333333335,-0.2877901998084193
1.836666666666667,-0.24941894538986956
1.84,-0.26113255347581205
1.8433333333333335,-0.2471866671071929
1.8466666666666667,-0.2741281745369432
1.85,-0.213182436803118
1.8533333333333335,-0.24812180066331302
1.8566666666666667,-0.24351202470263444
1.86,-0.1960542715807575
1.8633333333333335,-0.21428873477308175
1.8666666666666667,-0.19848338779566133
1.87,-0.2441110179970642
1.8733333333333335,-0.22820615106081737
1.8766666666666667,-0.15950764898418685
1.8800000000000001,-0.1450039298551849
1.8833333333333335,-0.14280896482772326
1.8866666666666667,-0.19618361444597152
1.8900000000000001,-0.14291142909249183
1.8933333333333335,-0.14421540423068172
1.8966666666666667,-0.11953789504900816
1.9000000000000001,-0.11401635965378423
1.9033333333333335,-0.07307267015243205
1.9066666666666667,-0.08144870453891463
1.9100000000000001,-0.04004061806224658
1.9133333333333336,-0.02731311595305435
1.9166666666666667,-0.07959328534659801
1.9200000000000002,-0.061500820161419154
1.9233333333333336,-0.04449742441070442
1.9266666666666667,-0.016825778105389842
1.9300000000000002,-0.05189364664475407
1.9333333333333333,-0.03348773503025464
1.9366666666666668,-0.04640849674430408
1.9400000000000002,-0.04202770935777232
1.9433333333333334,-0.01124599362756215
1.9466666666666668,-0.01849871175174147
1.9500000000000002,-0.0074372167614281705
1.9533333333333334,-0.006862920433552175
1.9566666666666668,-0.009263374784864862
1.9600000000000002,-0.0357000660804139
1.9633333333333334,-0.008885271292460459
1.9666666666666668,-0.0281477551997533
1.9700000000000002,-0.03396234612191247
1.9733333333333334,0.00846685158896903
1.9766666666666668,0.012907377323351255
1.9800000000000002,-0.018693554503197027
1.9833333333333334,-0.054936117710484636
1.9866666666666668,-0.005338824786914217
1.9900000000000002,-0.0572352626060184
1.9933333333333334,-0.015010446598175652
1.9966666666666668,-0.03821567078118256
2.0,-0.04975551765325976
2.0033333333333334,0.010641583902777547
2.006666666666667,-0.022282198532298573
2.0100000000000002,-0.042703408225025725
2.0133333333333336,0.03797063905042332
2.0166666666666666,-0.04382181431483978
2.02,-0.006300103715485696
2.0233333333333334,-0.047509845702632836
2.026666666666667,0.0016187653870639038
2.0300000000000002,0.00810365349791378
2.0333333333333337,-0.05955807896876923
2.0366666666666666,-0.02393702272613108
2.04,-0.049367456800707685
2.0433333333333334,-0.03542299454423717
2.046666666666667,0.01388678517946297
2.0500000000000003,-0.02954303998542486
2.0533333333333337,-0.02796348536670902
2.0566666666666666,0.004453852750364678
2.06,-0.00025379601594686507
2.0633333333333335,-0.019110700388245888
2.066666666666667,-0.006106825645787048
2.0700000000000003,-0.015850090215543216
2.0733333333333333,-0.007079328010984898
2.0766666666666667,0.0033830435224088953
2.08,-0.016432773188713373
2.0833333333333335,-0.002720738015322577
2.086666666666667,-0.05218415657563698
2.0900000000000003,-0.03694164654867599
2.0933333333333333,-0.017764368601860925
2.0966666666666667,-0.016141919902610408
2.1,-0.015579849652519729
2.1033333333333335,-0.033298056013857845
2.106666666666667,-0.038689109128275743
2.1100000000000003,-0.011587826747232379
2.1133333333333333,-0.0020757949002974084
2.1166666666666667,-0.01132484662304396
2.12,0.024962638591535847
2.1233333333333335,-0.018436713499358208
2.126666666666667,-0.003400208685624637
2.1300000000000003,-0.06346881858161639
2.1333333333333333,-0.005745595825536606
2.1366666666666667,-0.010703397448164868
2.14,0.010561004028953913
2.1433333333333335,0.0252571810780233
2.146666666666667,0.006082003858511936
2.1500000000000004,-0.03519506828946305
2.1533333333333333,-0.020924715115527917
2.1566666666666667,0.029543316213293133
2.16,0.013268948689821947
2.1633333333333336,-0.010336716341179553
2.166666666666667,0.0010693506022274608
2.17,-0.016206776967326968
2.1733333333333333,0.01503906263866427
2.1766666666666667,-0.023507813840789992
2.18,0.007992093181747954
2.1833333333333336,-0.0017135973794604525
2.186666666666667,-0.016709693750911494
2.19,-0.003307852973976672
2.1933333333333334,0.031615876889396356
2.1966666666666668,-0.00211873834199325
2.2,-0.014645893010482601
2.2033333333333336,-0.04476521071344601
2.206666666666667,-0.03258638355536158
2.21,0.021196079846335883
2.2133333333333334,0.010011535993355209
2.216666666666667,-0.044980159157992
2.22,-0.04710965928086716
2.2233333333333336,0.006700735876086682
2.226666666666667,-0.021645893971749052
2.23,0.009323902733280934
2.2333333333333334,0.006685768315642708
2.236666666666667,-0.080040541496808
2.24,-0.039174562919446036
2.2433333333333336,-0.036292471413557216
2.2466666666666666,-0.006554582487495769
2.25,-0.027388217758192265
2.2533333333333334,-0.07440015106526823
2.256666666666667,-0.0552003906316642
2.2600000000000002,-0.045592195443767386
2.2633333333333336,-0.11013192794451426
2.2666666666666666,-0.08670753660581393
2.27,-0.0866336301967253
2.2733333333333334,-0.09909855462263988
2.276666666666667,-0.07886665454194988
2.2800000000000002,-0.08876184643312254
2.2833333333333337,-0.0931413012356559
2.2866666666666666,-0.03524420545422365
2.29,-0.04274746846078645
2.2933333333333334,-0.062362360523657664
2.296666666666667,-0.03938725415563042
2.3000000000000003,0.0018461479097724928
2.3033333333333337,-0.008442845262009842
2.3066666666666666,-0.04925556028435109
2.31,-0.012898734161641544
2.3133333333333335,-0.054944870902538634
2.316666666666667,-0.010183251486404938
2.3200000000000003,-0.07907758693118228
2.3233333333333337,0.00087264305187474
2.3266666666666667,-0.012394887098137831
2.33,0.01314126560956911
2.3333333333333335,0.004454159206262942
2.336666666666667,-0.014667189175026126
2.3400000000000003,-0.018542676661817317
2.3433333333333333,-0.002339262925646698
2.3466666666666667,0.0014324818927904277
2.35,0.036491788773538814
2.3533333333333335,-0.051262008675101264
2.356666666666667,0.010950786112641938
2.3600000000000003,0.03763305997422372
2.3633333333333333,0.007261066517455463
2.3666666666666667,0.0342242101149636
2.37,-0.006019678508108685
2.3733333333333335,0.010365943740360662
2.376666666666667,-0.010824209013967698
2.3800000000000003,0.0336696243037339
2.3833333333333333,-0.010585169372188893
2.3866666666666667,-0.002958190267367938
2.39,-0.039393972236735436
2.3933333333333335,-0.019444674890281077
2.396666666666667,0.049840153628724515
2.4000000000000004,-0.02308216825787259
2.4033333333333333,-0.0008912463110077816
2.4066666666666667,0.04018797038338159
2.41,0.07320357005606037
2.4133333333333336,0.013940878835108195
2.416666666666667,0.08891180887688023
2.4200000000000004,0.07965178783458884
2.4233333333333333,0.13005429659227838
2.4266666666666667,0.01575057249291982
2.43,-0.0159984846005206
2.4333333333333336,-0.21312544564231045
2.436666666666667,-0.38458239012763057
2.44,-0.5959928086792838
2.4433333333333334,-0.7855072048154443
2.4466666666666668,-0.8706768013511407
2.45,-0.9771998524752693
2.4533333333333336,-0.9740419190366796
2.456666666666667,-0.7566373614166305
2.46,-0.47950822882953625
2.4633333333333334,-0.3283203471068772
2.466666666666667,-0.11509977914898993
2.47,-0.006797486363226381
2.4733333333333336,0.13391838792040298
2.476666666666667,0.18346436194866464
2.48,0.19432367260442293
2.4833333333333334,0.22383057756790867
2.486666666666667,0.09463914774093776
2.49,0.09763649709117628
2.4933333333333336,0.10598512118062502
2.496666666666667,0.03660910779366374
2.5,0.03323010007608081
2.5033333333333334,-0.018996633138735248
2.506666666666667,0.019819959360115276
2.5100000000000002,0.04284090648376997
2.5133333333333336,0.03792312567355857
2.5166666666666666,0.01148658206115288
2.52,-0.03283114279094944
2.5233333333333334,0.013891773789634748
2.526666666666667,-0.002483610211217367
2.5300000000000002,-0.026513266423385178
2.5333333333333337,0.0177331573488832
2.5366666666666666,-0.008632464516626272
2.54,-0.010281707543116785
2.5433333333333334,0.018785353616445188
2.546666666666667,0.009691071346588427
2.5500000000000003,-0.0015947335822320448
2.5533333333333337,-0.00023075968665031265
2.5566666666666666,-0.021120237162234996
2.56,0.021871857387404037
2.5633333333333335,0.03528347764107062
2.566666666666667,-0.004634412893136678
2.5700000000000003,0.026637574894482006
2.5733333333333337,-0.014150742014165467
2.5766666666666667,-0.010673860717197146
2.58,-0.004257191294601732
2.5833333333333335,-0.04322047405397077
2.586666666666667,0.04140739461032834
2.5900000000000003,0.001519229700889461
2.5933333333333337,-0.011550794666734917
2.5966666666666667,0.04113126380767888
2.6,0.03445420660850587
2.6033333333333335,0.005216489181131462
2.606666666666667,-0.02347017397952448
2.6100000000000003,-0.046983956505173965
2.6133333333333333,-0.022182040136137823
2.6166666666666667,-0.06418236027567976
2.62,-0.02100795355186988
2.6233333333333335,-0.018607748177588014
2.626666666666667,-0.09323457916181849
2.6300000000000003,-0.03231843078960474
2.6333333333333333,-0.043633656382469445
2.6366666666666667,-0.033995381024896694
2.64,-0.04214702158971153
2.6433333333333335,-0.032440127363762006
2.646666666666667,-0.08404427199841288
2.6500000000000004,-0.08153072947661734
2.6533333333333333,-0.07170253598082231
2.6566666666666667,-0.06887846147501567
2.66,-0.1017555264493024
2.6633333333333336,-0.12855315477832188
2.666666666666667,-0.12699659350407877
2.6700000000000004,-0.1269673665788202
2.6733333333333333,-0.1828404201367903
2.6766666666666667,-0.20309818268798166
2.68,-0.10469502948232148
2.6833333333333336,-0.18627295616491266
2.686666666666667,-0.206272768313268
2.6900000000000004,-0.2326490592172002
2.6933333333333334,-0.19233179792995309
2.6966666666666668,-0.20019696056997396
2.7,-0.23994492704463485
2.7033333333333336,-0.23338342475713808
2.706666666666667,-0.24167583605787818
2.71,-0.22198817849360447
2.7133333333333334,-0.21231831572364576
2.716666666666667,-0.23765790356557326
2.72,-0.24868299954463222
2.7233333333333336,-0.20934965016322196
2.726666666666667,-0.1949745125417281
2.73,-0.192746736087753
2.7333333333333334,-0.15729581712755314
2.736666666666667,-0.15797113043109134
2.74,-0.13195327076925822
2.7433333333333336,-0.1848106680070496
2.746666666666667,-0.1722691914973442
2.75,-0.1485368554260147
2.7533333333333334,-0.12998794025051338
2.756666666666667,-0.1279103253968485
2.7600000000000002,-0.14524598817968284
2.7633333333333336,-0.09352078126367876
2.766666666666667,-0.05716894824829295
2.77,-0.09008745105063053
2.7733333333333334,-0.06406948328628218
2.776666666666667,-0.0698222834621347
2.7800000000000002,-0.05320889659606418
2.7833333333333337,-0.04751148454719223
2.7866666666666666,-0.007906926409698097
2.79,-0.04985808034465955
2.7933333333333334,-0.0013947626499293611
2.796666666666667,-0.008968110284352328
2.8000000000000003,-0.0009755550398676963
2.8033333333333337,0.031092715321541793
2.8066666666666666,-0.020565221836996085
2.81,-0.00861446783740313
2.8133333333333335,0.03125144207527647
2.816666666666667,0.0452056289438105
2.8200000000000003,0.03303944443129683
2.8233333333333337,0.057623234722532814
2.8266666666666667,-0.004286208429685353
2.83,-0.0031626607925840516
2.8333333333333335,-0.0024180449190852847
2.836666666666667,0.03238117928756715
2.8400000000000003,0.035106025704134854
2.8433333333333337,0.03151851652287067
2.8466666666666667,0.010291401456596981
2.85,0.019891646791489893
2.8533333333333335,0.0065226006717566485
2.856666666666667,0.06935109656001301
2.8600000000000003,0.022897983555125852
2.8633333333333337,0.002807997848857123
2.8666666666666667,0.04003940566280487
2.87,0.019477634267806625
2.8733333333333335,-0.020605727837525414
2.876666666666667,0.03304840971081069
2.8800000000000003,0.047319070714358036
2.8833333333333333,0.03028744923384116
2.8866666666666667,0.03261890686395041
2.89,-0.0049857706427406945
2.8933333333333335,0.0023428302422702635
2.896666666666667,-0.028558631290123808
2.9000000000000004,0.01596895177613512
2.9033333333333333,0.014297089105370031
2.9066666666666667,0.012373460194169322
2.91,-0.032554163630394886
2.9133333333333336,-0.002805613122665758
2.916666666666667,0.03468659027208545
2.9200000000000004,0.014197206038083204
2.9233333333333333,0.05752854540299504
2.9266666666666667,0.03215422586035736
2.93,0.04599849225760833
2.9333333333333336,0.03229591714163423
2.936666666666667,-0.010041298974932573
2.9400000000000004,0.056659560790214766
2.9433333333333334,0.028941488604134327
2.9466666666666668,0.11852896101509094
2.95,0.05443993568129204
2.9533333333333336,0.007010747877335036
2.956666666666667,0.011767296576658585
2.9600000000000004,0.056486294984666965
2.9633333333333334,0.0752635040606799
2.966666666666667,0.050198413335267436
2.97,-0.013956807775447961
2.9733333333333336,0.034896988433298595
2.976666666666667,0.06007306255265456
2.98,0.026205468462008497
2.9833333333333334,-0.0015574937912942871
2.986666666666667,0.019255523388842132
2.99,-0.03579119720119691
2.9933333333333336,0.01712056969359309
2.996666666666667,0.02306934503059325
3.0,0.06719005784483639
3.0033333333333334,-0.01252832341602252
3.006666666666667,0.02640588749753142
3.0100000000000002,0.03084382214058244
3.0133333333333336,0.008025768013272185
3.016666666666667,-0.0029267726571649832
3.02,0.06853690703538985
3.0233333333333334,0.0005352292093995376
3.026666666666667,0.03303422084047215
3.0300000000000002,0.04165735343088419
3.0333333333333337,0.07782960989235928
3.036666666666667,0.07633624312597845
3.04,0.08658791922292366
3.0433333333333334,-0.026666188838938572
3.046666666666667,0.0696577910855738
3.0500000000000003,0.012287909430165282
3.0533333333333337,0.01447226413484241
3.0566666666666666,0.06187649811318487
3.06,0.058660265978886746
3.0633333333333335,0.03989145378099891
3.066666666666667,0.042475675852057054
3.0700000000000003,-0.00327393870890752
3.0733333333333337,0.031956377363311965
3.0766666666666667,0.08096529412783073
3.08,0.059230830405597956
3.0833333333333335,-0.028125490123174265
3.086666666666667,-0.02100597518907034
3.0900000000000003,0.07075970763428921
3.0933333333333337,0.03270270087701118
3.0966666666666667,0.0487783895538947
3.1,0.052023436885745095
3.1033333333333335,-0.017081241309498868
3.106666666666667,0.010507982588362004
3.1100000000000003,0.08860161919478535
3.1133333333333337,0.04348415789927018
3.1166666666666667,0.06362739108307573
3.12,0.03672966603799635
3.1233333333333335,0.012885470791350516
3.126666666666667,0.03221196739309877
3.1300000000000003,0.03412493840898762
3.1333333333333337,0.03191896626632086
3.1366666666666667,0.0469818123147322
3.14,0.017747864921416397
3.1433333333333335,0.07115359594454612
3.146666666666667,0.034085850075803226
3.1500000000000004,0.041180966986665776
3.1533333333333333,-0.048590349700969475
3.1566666666666667,0.022973277952529403
3.16,-0.03473023144681027
3.1633333333333336,0.010105521084988252
3.166666666666667,-0.007011309155201101
3.1700000000000004,0.005952301069322499
3.1733333333333333,-0.010233689740326662
3.1766666666666667,0.017257548209496314
3.18,-0.02232966284602718
3.1833333333333336,0.0023863241544672537
3.186666666666667,-0.05204243511445977
3.1900000000000004,-0.04712342455911512
3.1933333333333334,-0.051535923046251625
3.1966666666666668,-0.015161464706970114
3.2,-0.046634479966812276
3.2033333333333336,-0.0337242650766294
3.206666666666667,-0.003919702034213518
3.2100000000000004,-0.01222051044578085
3.2133333333333334,0.02099418257547421
3.216666666666667,-0.012273224388988138
3.22,-0.017744441907201203
3.2233333333333336,0.012052516726739688
3.226666666666667,0.03886154240786046
3.2300000000000004,0.04146228146641935
3.2333333333333334,0.029843776061727
3.236666666666667,0.04921258282907505
3.24,0.0630627300948427
3.2433333333333336,0.025314813645060046
3.246666666666667,0.06412671225014
3.25,0.04148028468880523
3.2533333333333334,0.044310306338649116
3.256666666666667,0.005014936392912197
3.2600000000000002,0.032142111182876805
3.2633333333333336,0.05648914924052898
3.266666666666667,0.044075526920128456
3.27,0.01301987508266398
3.2733333333333334,0.031747395751301796
3.276666666666667,0.09162786991518207
3.2800000000000002,0.03133287036243339
3.2833333333333337,0.0924007853334638
3.286666666666667,0.047646376235087905
3.29,0.008470495110996332
3.2933333333333334,0.09075777325453409
3.296666666666667,0.028101748520198165
3.3000000000000003,0.036083953774603765
3.3033333333333337,0.07747551153200505
3.306666666666667,-0.014050185588267323
3.31,0.059468428996370594
3.3133333333333335,0.059623093539176934
3.316666666666667,0.01210814642293348
3.3200000000000003,0.037485408656301594
3.3233333333333337,0.04358206411352202
3.3266666666666667,0.003327791974032289
3.33,0.10073707599528176
3.3333333333333335,0.03035418287144475
3.336666666666667,0.06251444139111237
3.3400000000000003,0.07434817563508896
3.3433333333333337,0.141664514830471
3.3466666666666667,0.13996579753307287
3.35,0.019337592123904512
3.3533333333333335,-0.05569236175510146
3.356666666666667,-0.15456611457945826
3.3600000000000003,-0.38449305235122233
3.3633333333333337,-0.5851536938665022
3.3666666666666667,-0.805058161358148
3.37,-0.9312371782664207
3.3733333333333335,-0.929808035262641
3.376666666666667,-0.8659422377181154
3.3800000000000003,-0.7467218259659717
3.3833333333333337,-0.4888446839602006
3.3866666666666667,-0.262721023727438
3.39,-0.06139831803916631
3.3933333333333335,0.11516766581245107
3.396666666666667,0.18266866531638964
3.4000000000000004,0.2307936969693606
3.4033333333333338,0.23153410354909512
3.4066666666666667,0.17227422062467612
3.41,0.16192660302757828
3.4133333333333336,0.16258462198662663
3.416666666666667,0.08907838114321646
3.4200000000000004,0.04825377855236974
3.4233333333333333,0.04128243438910481
3.4266666666666667,0.0934814987111234
3.43,0.04082391618717046
3.4333333333333336,0.041941184873089336
3.436666666666667,0.04733345930134264
3.4400000000000004,0.093701634201278
3.4433333333333334,0.09089996280901286
3.4466666666666668,0.026479200734941977
3.45,0.0178195144710495
3.4533333333333336,0.03486643181163306
3.456666666666667,0.026663699941063743
3.4600000000000004,0.0707886473760729
3.4633333333333334,0.06292401919829722
3.466666666666667,0.004261593424355781
3.47,0.004270670557518442
3.4733333333333336,-0.0005274617781549917
3.476666666666667,0.017900877032213616
3.4800000000000004,0.04835108850284708
3.4833333333333334,0.03351823468062198
3.486666666666667,-0.01981536240477771
3.49,0.013486981608293952
3.4933333333333336,0.04228345241693308
3.496666666666667,0.0791006749654552
3.5000000000000004,0.012689854754913053
3.5033333333333334,0.054041381074223106
3.506666666666667,0.043595809947068895
3.5100000000000002,0.06754329613722614
3.5133333333333336,0.07542622050274699
3.516666666666667,0.02125373166274727
3.52,0.012510999116709621
3.5233333333333334,0.0697738108507244
3.526666666666667,0.032807445996716006
3.5300000000000002,0.03097812052053977
3.5333333333333337,-0.008191858338684414
3.536666666666667,0.055411274823061754
3.54,-0.0014269474316999813
3.5433333333333334,-0.003297456017609838
3.546666666666667,0.013670286783669251
3.5500000000000003,0.00036831832258192414
3.5533333333333337,0.006680986009043349
3.556666666666667,0.0028020182019017174
3.56,-0.03677791421344558
3.5633333333333335,0.003887078485886916
3.566666666666667,-0.0588248359988795
3.5700000000000003,-0.0619234312950875
3.5733333333333337,-0.11038811990494123
3.576666666666667,-0.02449301812401662
3.58,-0.08592412234536222
3.5833333333333335,-0.06382537505072908
3.586666666666667,-0.1034642813588318
3.5900000000000003,-0.12923055860370508
3.5933333333333337,-0.10759555772957693
3.5966666666666667,-0.11999868664998968
3.6,-0.10815377440507465
3.6033333333333335,-0.1979711816995255
3.606666666666667,-0.15526753978077115
3.6100000000000003,-0.16442677949060838
3.6133333333333337,-0.1973396303829188
3.6166666666666667,-0.16162866499627007
3.62,-0.16518539411379157
3.6233333333333335,-0.18697923573538727
3.626666666666667,-0.15962995507078004
3.6300000000000003,-0.16456468299582297
3.6333333333333337,-0.16653181123127508
3.6366666666666667,-0.20621140176450412
3.64,-0.2294844350941869
3.6433333333333335,-0.1701929977871107
3.646666666666667,-0.16919174859774433
3.6500000000000004,-0.1671348360100857
3.6533333333333338,-0.20095993072553878
3.6566666666666667,-0.20030556993861343
3.66,-0.13939422994496806
3.6633333333333336,-0.1420841164401694
3.666666666666667,-0.157085558772229
3.6700000000000004,-0.14304022200686003
3.673333333333334,-0.13083293215431194
3.6766666666666667,-0.12705440130329082
3.68,-0.11803545117642242
3.6833333333333336,-0.06907399567309339
3.686666666666667,-0.11378338146223771
3.6900000000000004,-0.08502408003251341
3.6933333333333334,-0.04692930555571213
3.6966666666666668,-0.004391759743486705
3.7,-0.10509475348417678
3.7033333333333336,-0.08230422807987917
3.706666666666667,-0.05731145821182988
3.7100000000000004,-0.051542952001802596
3.7133333333333334,-0.033708070566201204
3.716666666666667,-0.003612625239768609
3.72,0.009050959604983984
3.7233333333333336,-0.024414700386253794
3.726666666666667,-0.01676125211401938
3.7300000000000004,-0.007875010630945155
3.7333333333333334,0.020854624870691518
3.736666666666667,0.009001976947734502
3.74,0.018813288453864405
3.7433333333333336,0.015921217163337432
3.746666666666667,0.019622433342536993
3.7500000000000004,0.027728864055817298
3.7533333333333334,0.05585240642257569
3.756666666666667,0.04306728160372635
3.7600000000000002,0.07082949930209667
3.7633333333333336,0.03977726782393105
3.766666666666667,0.038443741769625395
3.7700000000000005,0.05491993394893746
3.7733333333333334,0.016651540130083325
3.776666666666667,0.0639716807681211
3.7800000000000002,0.08474229681607581
3.7833333333333337,0.021415693773021126
3.786666666666667,-0.029129403132444574
3.79,0.002718754904780997
3.7933333333333334,-0.0012282816740034619
3.796666666666667,5.447723596714582e-05
3.8000000000000003,0.036517137118689855
3.8033333333333337,0.013148972447455522
3.806666666666667,0.02430606717272029
3.81,0.0075739501090460876
3.8133333333333335,0.04503153942049203
3.816666666666667,0.022793463746575628
3.8200000000000003,0.022742667534397142
3.8233333333333337,0.03810987499083638
3.826666666666667,-0.02359053679985082
3.83,0.09674111789477158
3.8333333333333335,0.04969822002512223
3.836666666666667,0.04261976295993513
3.8400000000000003,0.044738777859853335
3.8433333333333337,0.0203043110702601
3.846666666666667,0.07800874632357249
3.85,0.03885100200259804
3.8533333333333335,0.011646401322582423
3.856666666666667,0.07961433345056898
3.8600000000000003,0.04394231439407466
3.8633333333333337,0.09198060395463065
3.8666666666666667,0.04737886258472281
3.87,-0.01566119812264804
3.8733333333333335,0.06656685382173591
3.876666666666667,0.05465568109808315
3.8800000000000003,0.08399940716913343
3.8833333333333337,0.002063960861957804
3.8866666666666667,0.015705789488503603
3.89,0.03806832940328854
3.8933333333333335,-0.009293414574342997
3.896666666666667,-0.008864440670282567
3.9000000000000004,0.027984860257836874
3.9033333333333338,0.06019208516205417
3.9066666666666667,0.02178551951705882
3.91,0.04220185091214079
3.9133333333333336,0.033532196470759994
3.916666666666667,0.036641808682855895
3.9200000000000004,0.040876930483893764
3.923333333333334,0.06312542987950472
3.9266666666666667,0.051016422250804064
3.93,0.03887487397142659
3.9333333333333336,0.01847789322793615
3.936666666666667,0.07043641299246983
3.9400000000000004,-0.003881438927546065
3.943333333333334,0.048510097899303044
3.9466666666666668,0.04298366061772041
3.95,0.009454168092790389
3.9533333333333336,0.03524029286760905
3.956666666666667,0.027204422990040666
3.9600000000000004,0.04557546179101698
3.9633333333333334,0.001561889544125096
3.966666666666667,0.02890579968179907
3.97,0.03232786109364205
3.9733333333333336,0.05700387556611619
3.976666666666667,0.038279797182288224
3.9800000000000004,0.058460234135849824
3.9833333333333334,0.07468507081597105
3.986666666666667,0.005292871525589479
3.99,0.02239463278476378
3.9933333333333336,0.06471154039087171
3.996666666666667,0.04358513622418499
4.0,0.04482284730415686
4.003333333333334,0.018547079473695598
4.006666666666667,0.044501800530318464
4.010000000000001,0.0506578140140573
4.013333333333334,0.0611333195704784
4.016666666666667,0.023589497375720248
4.0200000000000005,0.018397016815344128
4.023333333333333,0.02286053118600937
4.026666666666667,0.0006785138134062334
4.03,0.021481203403401438
4.033333333333333,0.03248495860025919
4.036666666666667,-0.016015043598149672
4.04,0.02224985775827536
4.043333333333334,-0.002581285750807221
4.046666666666667,0.06294238041456499
4.05,0.01945882213490911
4.053333333333334,-0.02416795199462688
4.056666666666667,-0.010174665758739317
4.0600000000000005,-0.04281455613259133
4.0633333333333335,0.024741519548504655
4.066666666666667,-0.027123541180673488
4.07,-0.005095339569643413
4.073333333333333,-0.019382359854687604
4.076666666666667,-0.04946780994285212
4.08,-0.01718886282303113
4.083333333333334,-0.038396442155466996
4.086666666666667,-0.06750501814218383
4.09,0.011394650873196799
4.093333333333334,-0.09968059371507208
4.096666666666667,-0.027082300634532153
4.1000000000000005,-0.08058423156805088
4.1033333333333335,-0.047725811269211875
4.106666666666667,-0.08767667999441439
4.11,-0.055255368333270265
4.113333333333333,0.013943418198039063
4.116666666666667,-0.0692491685538317
4.12,-0.032901568193979436
4.123333333333334,-0.01875266912924199
4.126666666666667,-0.008467961450466546
4.13,-0.008316287333528561
4.133333333333334,0.0019305784679171272
4.136666666666667,0.043618955631356024
4.140000000000001,0.0584257034669589
4.1433333333333335,0.023912545298960163
4.1466666666666665,0.007766360217366257
4.15,0.02463679803280127
4.153333333333333,0.024719715869525306
4.156666666666667,0.03549721298073394
4.16,-0.012761722886298673
4.163333333333334,0.009080592946754108
4.166666666666667,0.040279034614417605
4.17,0.0008438429086214099
4.173333333333334,0.03925780991378875
4.176666666666667,0.0032135270983911952
4.180000000000001,0.030219460890576214
4.183333333333334,0.03582195225086629
4.1866666666666665,0.04093939419245267
4.19,0.019882693739896196
4.193333333333333,0.038631275513706334
4.196666666666667,0.08575779498610436
4.2,0.026499607576579952
4.203333333333334,0.019057020366143707
4.206666666666667,0.04290757316124805
4.21,0.04048340756394765
4.213333333333334,0.043510599148286845
4.216666666666667,0.0533251441130157
4.220000000000001,0.017423167854853615
4.223333333333334,0.012787128802101769
4.226666666666667,0.017979297387242306
4.23,0.06719291186971178
4.233333333333333,0.06160541451023624
4.236666666666667,0.07277884747535596
4.24,0.08493221926372424
4.243333333333333,0.07346814511641289
4.246666666666667,0.11218172464878359
4.25,0.02726583978389474
4.253333333333334,-0.05998740247894265
4.256666666666667,-0.21809295056149333
4.260000000000001,-0.36520802997721313
4.263333333333334,-0.5890409810244505
4.266666666666667,-0.8031450561088269
4.2700000000000005,-0.9072792948964584
4.273333333333333,-0.9913783128838872
4.276666666666667,-0.8922382386697876
4.28,-0.7688038235645623
4.283333333333333,-0.5139683393694099
4.286666666666667,-0.32118366489257255
4.29,-0.14309211647473272
4.293333333333334,0.07259919093107838
4.296666666666667,0.14734622143533394
4.300000000000001,0.20605212719522015
4.303333333333334,0.17438094562236597
4.306666666666667,0.14297018527381528
4.3100000000000005,0.16850975772466034
4.3133333333333335,0.13827664504084577
4.316666666666667,0.07512076604733647
4.32,0.09029847142916833
4.323333333333333,0.005789351055233313
4.326666666666667,0.0107576374463632
4.33,0.05318140593458817
4.333333333333334,-0.03271037732776154
4.336666666666667,-0.009328279376672476
4.34,0.032511782758117114
4.343333333333334,0.027881953186720113
4.346666666666667,0.06678201562025224
4.3500000000000005,0.0254126316971383
4.3533333333333335,0.006880247872176906
4.356666666666667,-0.001073617585407599
4.36,0.012942800063020522
4.363333333333333,0.031457930451559035
4.366666666666667,0.02219152058906092
4.37,0.005962142128352086
4.373333333333334,-0.03197901101525381
4.376666666666667,0.001285728343026116
4.38,-0.002819461572294346
4.383333333333334,0.04384268766102338
4.386666666666667,0.03191072844417216
4.390000000000001,-0.0032206895115038
4.3933333333333335,0.0010260842024886162
4.396666666666667,0.020714359050780375
4.4,-0.005507497933780206
4.403333333333333,0.0340627371095939
4.406666666666667,-0.028553701650667247
4.41,-0.018943987593404564
4.413333333333334,-0.03973497750327112
4.416666666666667,-0.0006955201016543701
4.42,-0.00440054680955934
4.423333333333334,0.003671576818175714
4.426666666666667,0.002235471684038496
4.430000000000001,-0.04053101309965398
4.433333333333334,-0.019410683227112646
4.4366666666666665,-0.030616453758996263
4.44,-0.017817257562037607
4.443333333333333,0.014852876602978217
4.446666666666667,0.002595727067291862
4.45,-0.0854238807329106
4.453333333333334,-0.05561929015166013
4.456666666666667,-0.034863526692405306
4.46,-0.08749001418050059
4.463333333333334,-0.0750307556201397
4.466666666666667,-0.08307099415801864
4.470000000000001,-0.10136929702039262
4.473333333333334,-0.0989586842051967
4.476666666666667,-0.15981080526122748
4.48,-0.10070074114729956
4.483333333333333,-0.18970308654306164
4.486666666666667,-0.18536360600716562
4.49,-0.1542365009468261
4.493333333333333,-0.13830324460650864
4.496666666666667,-0.21610269108923597
4.5,-0.15513564044052827
4.503333333333334,-0.1835904218475104
4.506666666666667,-0.22733255138058667
4.510000000000001,-0.23507781021436208
4.513333333333334,-0.1989109411714264
4.516666666666667,-0.2632363135332386
4.5200000000000005,-0.23454827415660562
4.523333333333333,-0.269423745565345
4.526666666666667,-0.2069419596153679
4.53,-0.22427843601293648
4.533333333333333,-0.2432436842902851
4.536666666666667,-0.23983584015380532
4.54,-0.21383285610424363
4.543333333333334,-0.20416704277477657
4.546666666666667,-0.16819611911051227
4.550000000000001,-0.20754847522217768
4.553333333333334,-0.18738368034558867
4.556666666666667,-0.2267759322471088
4.5600000000000005,-0.20465691368378106
4.5633333333333335,-0.2095320811008377
4.566666666666667,-0.23582903694413665
4.57,-0.18518011150519356
4.573333333333333,-0.15863339002258386
4.576666666666667,-0.10831903225468098
4.58,-0.18351473139044805
4.583333333333334,-0.0883673806184007
4.586666666666667,-0.1657719409208108
4.59,-0.12459101753626517
4.593333333333334,-0.07906210363829652
4.596666666666667,-0.08303632586058005
4.6000000000000005,-0.09720667564436036
4.6033333333333335,-0.07853230085016687
4.606666666666667,-0.07508347908694848
4.61,-0.09148962451375858
4.613333333333333,-0.018442953851024072
4.616666666666667,-0.04828601966130706
4.62,-0.04386874326814987
4.623333333333334,0.0017055836654227205
4.626666666666667,-0.09979063569220978
4.63,-0.022233327610032345
4.633333333333334,-0.06311131562681774
4.636666666666667,-0.06048906270477557
4.640000000000001,-0.10204732822380136
4.6433333333333335,-0.029813596427542513
4.646666666666667,-0.07058744523783284
4.65,0.024586988458571962
4.653333333333333,-0.055412160202602506
4.656666666666667,0.011985431535688783
4.66,-0.0009651271661086439
4.663333333333334,-0.03228538765763391
4.666666666666667,0.00296880758449645
4.67,-0.014858804409238377
4.673333333333334,-0.010893491670557809
4.676666666666667,-0.023813630201894895
4.680000000000001,-0.021051810294494783
4.683333333333334,-0.029702683424731417
4.6866666666666665,-0.027698759842971
4.69,0.01322360418398842
4.693333333333333,-0.06671595756297347
4.696666666666667,0.045896706311544466
4.7,-0.05415537252006863
4.703333333333334,-0.02519189278011507
4.706666666666667,-0.012139751722958291
4.71,0.00031797864486253014
4.713333333333334,-0.07455439734663687
4.716666666666667,-0.031563594655907204
4.720000000000001,-0.0007739552100129166
4.723333333333334,0.01687481962072648
4.726666666666667,0.015252204664472049
4.73,-0.009600579315621012
4.733333333333333,-0.037946977540490506
4.736666666666667,-0.03507907566052679
4.74,-0.032413110162064954
4.743333333333334,-0.00965446557459248
4.746666666666667,0.013465070455615864
4.75,0.031190252440511046
4.753333333333334,-0.020058574105491396
4.756666666666667,-0.015109895452738767
4.760000000000001,0.00671516241503504
4.763333333333334,0.010930724862766483
4.766666666666667,0.052994808624722195
4.7700000000000005,-0.004463343106542006
4.773333333333333,-0.041573189481936994
4.776666666666667,-0.04852690720230847
4.78,-0.020765305588053576
4.783333333333333,-0.0015605825461152308
4.786666666666667,-0.0089889370394561
4.79,0.01560973738745211
4.793333333333334,0.027904053757575473
4.796666666666667,-0.03374855851055111
4.800000000000001,-0.01959747526562995
4.803333333333334,-0.043886834141915104
4.806666666666667,-0.028843828047618664
4.8100000000000005,-0.019114726831777454
4.8133333333333335,-0.007288472534416356
4.816666666666667,-0.039338001528309616
4.82,-0.008089598611151199
4.823333333333333,-0.04966331277230844
4.826666666666667,-0.007147496749999548
4.83,-0.012611042640739114
4.833333333333334,-0.025287865590898774
4.836666666666667,-0.023201287948310615
4.840000000000001,-0.028180168963311287
4.843333333333334,-0.05608284534130513
4.846666666666667,0.002496886969706652
4.8500000000000005,-0.015061020704572011
4.8533333333333335,-0.024588340422071312
4.856666666666667,-0.023231464721597234
4.86,-0.005762000833417628
4.863333333333333,-0.06705796993187166
4.866666666666667,-0.005169000211406108
4.87,-0.0018591036691322053
4.873333333333334,-0.04693906654872544
4.876666666666667,-0.010376469522981161
4.88,0.011846124229641755
4.883333333333334,-0.011847747526100953
4.886666666666667,-0.03166576257422365
4.890000000000001,-0.027928308000468718
4.8933333333333335,-0.028471079077717776
4.896666666666667,0.031137816180144797
4.9,-0.004323612179941148
4.903333333333333,-0.06429554990297226
4.906666666666667,-0.015051142584950798
4.91,0.011159600444600834
4.913333333333334,-0.008506753150392
4.916666666666667,-0.018154637085425654
4.92,-0.043812685543727206
4.923333333333334,-0.05404445562175382
4.926666666666667,-0.00353498112587226
4.930000000000001,0.025446370730317747
4.933333333333334,-0.014932458925883772
4.936666666666667,-0.05497735035492195
4.94,-0.0689927422305911
4.943333333333333,-0.007338604236467712
4.946666666666667,-0.05587060741826428
4.95,-0.061608225338123844
4.953333333333334,-0.05622153223460928
4.956666666666667,-0.04285896335477969
4.96,-0.04104296480960369
4.963333333333334,-0.02273319697329468
4.966666666666667,-0.04769310960395503
4.970000000000001,-0.0903235506667363
4.973333333333334,-0.08986935577294741
4.976666666666667,-0.07187005083570959
4.98,-0.0883440739960544
4.983333333333333,-0.09668912846612313
4.986666666666667,-0.11435432938629385
4.99,-0.10707225297643133
4.993333333333334,-0.1057676505602089
4.996666666666667,-0.10431045320594985
5.0,-0.14086962214040366
5.003333333333334,-0.13859185195892876
5.006666666666667,-0.09904596430324418
5.010000000000001,-0.07863613161664301
5.013333333333334,-0.07677044727740055
5.016666666666667,-0.08748389286384191
5.0200000000000005,-0.12057649853826083
5.023333333333333,-0.07732221639696568
5.026666666666667,-0.07596530959227604
5.03,-0.048588890653381955
5.033333333333333,-0.04885022381173734
5.036666666666667,-0.10737085940119176
5.04,-0.06461072003933967
5.043333333333334,-0.03790351642727001
5.046666666666667,-0.028430735967141397
5.050000000000001,0.0006015380285279356
5.053333333333334,-0.03486284765212098
5.056666666666667,-0.033309808402478186
5.0600000000000005,-0.02318064820464302
5.0633333333333335,-0.010010819822412382
5.066666666666667,0.0027950369015524237
5.07,-0.0483251612873284
5.073333333333333,-0.004062535611376383
5.076666666666667,-0.02484850215035408
5.08,-0.06410342743545167
5.083333333333334,-0.04291187205605873
5.086666666666667,-0.07109281886801844
5.090000000000001,-0.0584615739398095
5.093333333333334,-0.03895931867575494
5.096666666666667,-0.051658620848951876
5.1000000000000005,-0.040769327873679664
5.1033333333333335,-0.018400111745236203
5.106666666666667,0.004388581826197106
5.11,-0.024519387582879863
5.113333333333333,0.03496278440364527
5.116666666666667,0.010699441402509672
5.12,-0.030923904926176873
5.123333333333334,0.002357382568073711
5.126666666666667,0.019565971372021446
5.13,-0.013505076885416486
5.133333333333334,-0.006798117501539788
5.136666666666667,-0.019512446294709218
5.140000000000001,-0.07246991081717781
5.1433333333333335,0.04877587180356303
5.146666666666667,0.04747118843518997
5.15,0.012463315446240186
5.153333333333333,0.049809497293357693
5.156666666666667,-0.004103882649546881
5.16,-0.11744914367694119
5.163333333333334,-0.2222577577284904
5.166666666666667,-0.38632925433682563
5.17,-0.6692969950417258
5.173333333333334,-0.828520327226428
5.176666666666667,-0.9609239015342301
5.180000000000001,-1.0111795549138296
5.183333333333334,-0.9518787625877704
5.186666666666667,-0.7712347986978682
5.19,-0.5395274521992333
5.193333333333333,-0.33789941253247
5.196666666666667,-0.1052819632166364
5.2,0.02093530656808771
5.203333333333334,0.04613372576786612
5.206666666666667,0.15402787188213327
5.21,0.12868471872904735
5.213333333333334,0.14779466450570017
5.216666666666667,0.0980853408262704
5.220000000000001,0.06470166783827598
5.223333333333334,-0.02050327644262017
5.226666666666667,-0.021067070286221807
5.23,-0.028416103978499065
5.233333333333333,-0.017622394615562347
5.236666666666667,-0.023695606205292142
5.24,-0.052011761130636436
5.243333333333334,-0.004643483786279212
5.246666666666667,-0.00022832651898109513
5.25,0.024883208197094928
5.253333333333334,-0.028244080564882538
5.256666666666667,-0.06179864294533885
5.260000000000001,-0.07543968740171117
5.263333333333334,-0.018681295980485818
5.266666666666667,-0.005671478052635074
5.2700000000000005,-0.05784778025268048
5.273333333333333,-0.04636971741369825
5.276666666666667,-0.008765022858701458
5.28,0.03088901600311987
5.283333333333334,-0.046094702321714615
5.286666666666667,0.01007161281240232
5.29,-0.0733446160368666
5.293333333333334,-0.030624081480700466
5.296666666666667,0.012731499388346869
5.300000000000001,-0.052597440068751306
5.303333333333334,-0.05156765165923463
5.306666666666667,-0.03001559601345541
5.3100000000000005,-0.039802311825676465
5.3133333333333335,-0.015265678452995882
5.316666666666667,-0.0264155147095645
5.32,-0.00900986778278165
5.323333333333333,-6.643559992221965e-05
5.326666666666667,-0.059434395139521354
5.33,-0.04060534682429052
5.333333333333334,-0.0075779984858626095
5.336666666666667,-0.07521450799976645
5.340000000000001,-0.09744015504274586
5.343333333333334,-0.05969116439212338
5.346666666666667,-0.06106187805686705
5.3500000000000005,-0.09511324107737522
5.3533333333333335,-0.06634326463184376
5.356666666666667,-0.08972668116191378
5.36,-0.08925798056534832
5.363333333333333,-0.1090048148521691
5.366666666666667,-0.09766472051828518
5.37,-0.12691518370542262
5.373333333333334,-0.15474949039517769
5.376666666666667,-0.11538802991776574
5.380000000000001,-0.12017445108608782
5.383333333333334,-0.1346048402233355
5.386666666666667,-0.15289049150552303
5.390000000000001,-0.19172665097820915
5.3933333333333335,-0.19517613809353473
5.396666666666667,-0.16847589384206468
5.4,-0.20298854413739584
5.403333333333333,-0.205372932471106
5.406666666666667,-0.24292590714700277
5.41,-0.24432298837287827
5.413333333333334,-0.24880796339199718
5.416666666666667,-0.2708654523273567
5.42,-0.24854828326959974
5.423333333333334,-0.2716360320995594
5.426666666666667,-0.2538176477690034
5.430000000000001,-0.2182643754223128
5.433333333333334,-0.2424819458315262
5.436666666666667,-0.316628540383252
5.44,-0.27550184750028617
5.443333333333333,-0.21885892130577309
5.446666666666667,-0.2991182070246822
5.45,-0.29620344174226604
5.453333333333334,-0.26093555332916707
5.456666666666667,-0.2524062570200307
5.46,-0.20526433049627812
5.463333333333334,-0.228328172293395
5.466666666666667,-0.2522930556437703
5.470000000000001,-0.25138814706188917
5.473333333333334,-0.2231283549144107
5.4766666666666675,-0.1805261146295804
5.48,-0.18925107573143943
5.483333333333333,-0.1888372881950298
5.486666666666667,-0.17416693715854498
5.49,-0.1940234633401393
5.493333333333334,-0.14753957251571095
5.496666666666667,-0.10753912207536263
5.5,-0.14000481252014105
5.503333333333334,-0.1362998059362471
5.506666666666667,-0.11446553416108976
5.510000000000001,-0.13157878316417387
5.513333333333334,-0.10162507593321095
5.516666666666667,-0.10964730567250308
5.5200000000000005,-0.08917880881880705
5.523333333333333,-0.09353945398753659
5.526666666666667,-0.08868753432937442
5.53,-0.06688661170288569
5.533333333333334,-0.04897804143434879
5.536666666666667,-0.06256661691843295
5.54,-0.05515295708921988
5.543333333333334,-0.019668777180724503
5.546666666666667,-0.0422522469455685
5.550000000000001,-0.04267159536473964
5.553333333333334,-0.040627114860066184
5.556666666666667,-0.03157516909008046
5.5600000000000005,-0.046285475535737294
5.5633333333333335,-0.057015896796396515
5.566666666666667,-0.07282118834465323
5.57,-0.07841613859096656
5.573333333333333,-0.027316398662628968
5.576666666666667,-0.015150504492653413
5.58,-0.03546785599200741
5.583333333333334,-0.04438138701791944
5.586666666666667,0.005554614128191512
5.590000000000001,-0.0655791393086184
5.593333333333334,-0.057413269383229576
5.596666666666667,-0.005057655106423368
5.6000000000000005,-0.024131486176192086
5.6033333333333335,-0.07294098849414021
5.606666666666667,-0.09019621664431537
5.61,-0.03390916355470659
5.613333333333333,-0.02779867753558212
5.616666666666667,-0.017535625131570677
5.62,-0.06724471745172102
5.623333333333334,-0.02084045196302351
5.626666666666667,-0.014590198477811109
5.630000000000001,0.0030096397396816993
5.633333333333334,-0.031226808606220013
5.636666666666667,-0.07103278841569188
5.640000000000001,-0.012647848858009708
5.6433333333333335,-0.02833977724531652
5.646666666666667,-0.03482399112250183
5.65,-0.027755547772500257
5.653333333333333,-0.038470038225967604
5.656666666666667,-0.010112295302978538
5.66,-0.058764532980443235
5.663333333333334,-0.051141845056999716
5.666666666666667,-0.039157769331587246
5.67,-0.054088297937526855
5.673333333333334,-0.07965759186086517
5.676666666666667,-0.06297383320988338
5.680000000000001,5.8981361833521095e-05
5.683333333333334,-0.036852102540578385
5.686666666666667,0.02180610779579146
5.69,-0.061163417251657776
5.693333333333333,-0.0585907248994445
5.696666666666667,-0.026275736914968158
5.7,-0.03155011798506284
5.703333333333334,-0.06177243750905709
5.706666666666667,-0.028339797406926454
5.71,-0.029801773853098564
5.713333333333334,-0.02724675821435754
5.716666666666667,-0.005021496887520821
5.720000000000001,-0.05023693490983372
5.723333333333334,-0.014612725682845041
5.7266666666666675,-0.08034870225693864
5.73,-0.021279449552695173
5.733333333333333,-0.05867395881872329
5.736666666666667,-0.06989345263692781
5.74,-0.049200035398680855
5.743333333333334,-0.02059414923197215
5.746666666666667,-0.022262396975149833
5.75,-0.0283956025262566
5.753333333333334,-0.04944254426673609
5.756666666666667,-0.060598814457191376
5.760000000000001,-0.027238266345731774
5.763333333333334,-0.06241882239133333
5.766666666666667,-0.006078383067243884
5.7700000000000005,-0.10396685145356686
5.773333333333333,-0.031556414714251
5.776666666666667,-0.010609968652596731
5.78,0.01159884736026666
5.783333333333334,0.0042237926536411105
5.786666666666667,-0.04381830423412433
5.79,-0.10439184159225097
5.793333333333334,-0.027651875399764995
5.796666666666667,-0.10697442791169942
5.800000000000001,-0.04864588701436
5.803333333333334,-0.10400853250279776
5.806666666666667,-0.052696113580101685
5.8100000000000005,-0.12417309033715473
5.8133333333333335,-0.11811601131749987
5.816666666666667,-0.09320934669866687
5.82,-0.09541105318598092
5.823333333333334,-0.0815609761489583
5.826666666666667,-0.1225381835978177
5.83,-0.07795757963062594
5.833333333333334,-0.08177747127344495
5.836666666666667,-0.17538088878610386
5.840000000000001,-0.16834424001639414
5.843333333333334,-0.16246161668163972
5.846666666666667,-0.08620480223023698
5.8500000000000005,-0.08839135103933159
5.8533333333333335,-0.15924477110693488
5.856666666666667,-0.11897287976268368
5.86,-0.09075980551939825
5.863333333333333,-0.1196552487527159
5.866666666666667,-0.06490486367496498
5.87,-0.05287614961482263
5.873333333333334,-0.10178116374925958
5.876666666666667,-0.08510931447285183
5.880000000000001,-0.03293648916507172
5.883333333333334,-0.025171871840931167
5.886666666666667,-0.04792600443118746
5.890000000000001,-0.06586533305506267
5.8933333333333335,-0.07497642371568375
5.896666666666667,-0.022591062671161587
5.9,-0.04826370514900804
5.903333333333333,-0.019953400177815425
5.906666666666667,-0.08025755785292407
5.91,-0.013837080935249307
5.913333333333334,-0.010140018550707966
5.916666666666667,-0.03866801190228326
5.920000000000001,-0.04800997813305515
5.923333333333334,-0.03672203205563606
5.926666666666667,-0.02450762216940509
5.930000000000001,-0.03733122705133937
5.933333333333334,-0.06363073949938311
5.936666666666667,-0.06641291909719263
5.94,-0.025150882385045183
5.943333333333333,-0.03558835229000984
5.946666666666667,-0.061816174622748174
5.95,-0.02928048737516343
5.953333333333334,-0.07524506684899132
5.956666666666667,-0.01831292005697309
5.96,-0.08776737390558158
5.963333333333334,-0.04505726762730082
5.966666666666667,-0.01978524958697245
5.970000000000001,-0.03426833274498315
5.973333333333334,0.005169165557949856
5.9766666666666675,0.0026431409820049587
5.98,-0.016485565529508577
5.983333333333333,-0.018550872831406405
5.986666666666667,0.04679720820060984
5.99,-0.007819381126002611
5.993333333333334,0.07422786543636764
5.996666666666667,0.011226642888400574
6.0,-0.06267279220068495
6.003333333333334,-0.1993600995665904
6.006666666666667,-0.4232245544882939
6.010000000000001,-0.6087310724531783
6.013333333333334,-0.7970887419638241
6.0166666666666675,-0.9415503712938781
6.0200000000000005,-1.0321857161772796
6.023333333333333,-0.9207955115172256
6.026666666666667,-0.8514237367744906
6.03,-0.5624407414470196
6.033333333333334,-0.38988193275501476
6.036666666666667,-0.1748574869063769
6.04,-0.0005333982610612777
6.043333333333334,0.06335997875305918
6.046666666666667,0.1526783073142894
6.050000000000001,0.16054559158701484
6.053333333333334,0.16870357008212405
6.056666666666667,0.11990434712221668
6.0600000000000005,0.06286659611899412
6.0633333333333335,0.06733083721611782
6.066666666666667,-0.008317438348353162
6.07,0.013971956112072418
6.073333333333334,-0.03108823451385031
6.076666666666667,-0.02717637995614732
6.08,0.0006752075148838618
6.083333333333334,-0.013547426702918558
6.086666666666667,-0.06276665560177068
6.090000000000001,-0.08289092326981762
6.093333333333334,-0.059355574213969205
6.096666666666667,-0.00873848974874788
6.1000000000000005,-0.034413873964751145
6.1033333333333335,-0.08683059521199155
6.106666666666667,-0.045514762028724585
6.11,-0.004875333508061731
6.113333333333333,-0.03672898430346686
6.116666666666667,-0.03807291791736255
6.12,-0.025913633618672542
6.123333333333334,-0.014047958305614318
6.126666666666667,-0.035134598660789815
6.130000000000001,-0.0106449235026242
6.133333333333334,0.020988812153843184
6.136666666666667,-0.042844754409427165
6.140000000000001,-0.026257113075826316
6.1433333333333335,0.04293010629734441
6.146666666666667,-0.013264047641677353
6.15,-0.04899900548234417
6.153333333333333,-0.05722449673721379
6.156666666666667,-0.03834574935261843
6.16,-0.02793746564731597
6.163333333333334,-0.046749178347557374
6.166666666666667,-0.011376651106990127
6.170000000000001,-0.03731357844890115
6.173333333333334,-0.020917674139784896
6.176666666666667,-0.05041459944007597
6.180000000000001,-0.051114717701399845
6.183333333333334,-0.040707761356467864
6.186666666666667,-0.0712272522346097
6.19,-0.03983529081914628
6.193333333333333,-0.03745222881832719
6.196666666666667,-0.03983043874785189
6.2,-0.0442410589249067
6.203333333333334,-0.0938954848471279
6.206666666666667,-0.1210242197187212
6.21,-0.08439512757199183
6.213333333333334,-0.1658890548833521
6.216666666666667,-0.12494450895358294
6.220000000000001,-0.15594227061222432
6.223333333333334,-0.12382260617701875
6.2266666666666675,-0.14844279035593363
6.23,-0.1384521393049855
6.233333333333333,-0.19001421188221604
6.236666666666667,-0.16573172521071355
6.24,-0.23391709466821314
6.243333333333334,-0.19171171852258942
6.246666666666667,-0.21473310146182428
6.25,-0.21992441656939893
6.253333333333334,-0.23104381549762948
6.256666666666667,-0.27179418713913595
6.260000000000001,-0.2129018939147071
6.263333333333334,-0.2083964902806529
6.2666666666666675,-0.2889534916983964
6.2700000000000005,-0.2808875665833512
6.273333333333333,-0.20643454566224093
6.276666666666667,-0.3071488013415974
6.28,-0.2778245550008246
6.283333333333334,-0.24167739897097643
6.286666666666667,-0.27333717837073174
6.29,-0.22645801462449847
6.293333333333334,-0.2724412991135182
6.296666666666667,-0.24153566365586376
6.300000000000001,-0.22180524885836644
6.303333333333334,-0.2734910894939503
6.306666666666667,-0.19684506208739333
6.3100000000000005,-0.19330464887433838
6.3133333333333335,-0.23033106762538796
6.316666666666667,-0.23728452936572259
6.32,-0.2424623668991801
6.323333333333334,-0.19782963980168367
6.326666666666667,-0.16316164625183752
6.33,-0.13750510069611188
6.333333333333334,-0.13203867204963754
6.336666666666667,-0.12595840665654862
6.340000000000001,-0.13831689123457505
6.343333333333334,-0.1262899668817354
6.346666666666667,-0.15002180460922312
6.3500000000000005,-0.05696351440919087
6.3533333333333335,-0.134093198681563
6.356666666666667,-0.0965557758997681
6.36,-0.07607956480101817
6.363333333333334,-0.0963097389117395
6.366666666666667,-0.029963973159728367
6.37,-0.08502422286299578
6.373333333333334,-0.08072039771423792
6.376666666666667,-0.0391660566816376
6.380000000000001,-0.0420045555352928
6.383333333333334,-0.032115971256940615
6.386666666666667,-0.030339877057321978
6.390000000000001,-0.08686519950268567
6.3933333333333335,-0.021491501080549896
6.396666666666667,-0.017428249621290956
6.4,0.0018163921802427652
6.403333333333333,-0.04017720352943839
6.406666666666667,-0.04471373385887195
6.41,-0.019382327490973548
6.413333333333334,0.0123801088376601
6.416666666666667,-0.03933620945569302
6.420000000000001,0.0037798284078142882
6.423333333333334,-0.009416273568259942
6.426666666666667,-0.017230288911696062
6.430000000000001,-0.03419271224724161
6.433333333333334,0.006700462825627574
6.436666666666667,-0.04155157130647868
6.44,-0.0147650130932114
6.443333333333333,-0.03202489305391242
6.446666666666667,-0.003335705342379644
6.45,-0.024812863269983554
6.453333333333334,-0.015869818413219272
6.456666666666667,-0.0022706185491169414
6.460000000000001,-0.01810534430096005
6.463333333333334,-0.011824337856828997
6.466666666666667,0.0008376855376449402
6.470000000000001,-0.015250410734992564
6.473333333333334,0.003688833679251779
6.4766666666666675,-0.003384032931629649
6.48,0.06885513719595077
6.483333333333333,0.03549908664188402
6.486666666666667,-0.05858702157347519
6.49,-0.020494269900963636
6.493333333333334,-0.0030855317090834854
6.496666666666667,0.007401745160019105
6.5,-0.00754060505428587
6.503333333333334,0.008573761922012518
6.506666666666667,-0.046896196345905014
6.510000000000001,-0.03029178644718081
6.513333333333334,-0.02628797315505771
6.5166666666666675,-0.019318307404631335
6.5200000000000005,-0.026843741041739724
6.523333333333333,-0.013067749290391329
6.526666666666667,0.01993248834004587
6.53,0.005922004516483624
6.533333333333334,-0.041749669890853575
6.536666666666667,-0.00438866430781313
6.54,0.025298041995478304
6.543333333333334,-0.007183216042254399
6.546666666666667,-0.0017921972948538485
6.550000000000001,-0.03585727885241903
6.553333333333334,-0.018403646493884738
6.5566666666666675,0.013383031896502067
6.5600000000000005,-0.013983985530773367
6.5633333333333335,-0.019334338722941304
6.566666666666667,-0.015988544091907475
6.57,0.0003078846211853198
6.573333333333334,0.021027010765888393
6.576666666666667,0.0009682621915300098
6.58,-0.019329663389822883
6.583333333333334,0.0018579031896001803
6.586666666666667,0.0026409429481778907
6.590000000000001,-0.024448406021047885
6.593333333333334,0.022384173140130217
6.596666666666667,0.03392821665848961
6.6000000000000005,-0.009454683905686644
6.6033333333333335,-0.027287086287281413
6.606666666666667,-0.00847020645092971
6.61,-0.037180450413963284
6.613333333333334,-0.013285420697420594
6.616666666666667,0.00390680068134913
6.62,-0.03004311306481902
6.623333333333334,-0.03188547266026025
6.626666666666667,0.003104848703794117
6.630000000000001,0.005081449899283846
6.633333333333334,0.012560181220121997
6.636666666666667,-0.008630638238746137
6.640000000000001,-0.017350423419659807
6.6433333333333335,-0.026958271742497493
6.646666666666667,-0.014801227117772332
6.65,-0.010176421934579908
6.653333333333333,-0.04674102560670801
6.656666666666667,-0.044688841628695034
6.66,-0.05556120944892807
6.663333333333334,-0.057902795158034544
6.666666666666667,-0.025189341050256157
6.670000000000001,-0.07584254462316256
6.673333333333334,-0.06906314504386322
6.676666666666667,-0.07078148708968712
6.680000000000001,-0.06839175760809259
6.683333333333334,-0.06937040764172742
6.686666666666667,-0.0705240484747832
6.69,-0.0794940453129252
6.693333333333333,-0.10948844241017588
6.696666666666667,-0.08223714889728642
6.7,-0.10336556787856485
6.703333333333334,-0.06479122085958969
6.706666666666667,-0.06792255852727673
6.710000000000001,-0.0792834852126472
6.713333333333334,-0.0602368504361138
6.716666666666667,-0.07826777333270639
6.720000000000001,-0.04615319507658281
6.723333333333334,-0.03163782692338107
6.7266666666666675,-0.04010383774661991
6.73,-0.012615763938491075
6.733333333333333,-0.023603327366656338
6.736666666666667,0.010626283333003451
6.74,0.007494100328397601
6.743333333333334,0.0013282097054075096
6.746666666666667,-0.010260539739444942
6.75,-0.029744275832613007
6.753333333333334,-0.06019553721029361
6.756666666666667,-0.02315834879645692
6.760000000000001,-0.014041419718128147
6.763333333333334,0.01438428781772575
6.7666666666666675,0.01202971731372639
6.7700000000000005,-0.011118441841591626
6.773333333333333,0.01705921513575471
6.776666666666667,-0.015670723347872718
6.78,0.05154372664937405
6.783333333333334,0.0163518150883793
6.786666666666667,-0.02460215578880247
6.79,0.021743330886538632
6.793333333333334,0.03694845727778376
6.796666666666667,0.014997775738258515
6.800000000000001,-0.013785527980633663
6.803333333333334,-0.020322345146699554
6.8066666666666675,-0.010701231212642734
6.8100000000000005,0.05625864245226747
6.8133333333333335,0.05868066860264518
6.816666666666667,-0.029777932981094605
6.82,-0.012068342874968392
6.823333333333334,0.017424959048416462
6.826666666666667,0.04171303895825766
6.83,0.07707557502115525
6.833333333333334,0.05018617007532839
6.836666666666667,0.028415146184549815
6.840000000000001,0.10696116674937928
6.843333333333334,0.04596845600318311
6.846666666666667,-0.01422175683413894
6.8500000000000005,-0.12079656506186576
6.8533333333333335,-0.27618164283927543
6.856666666666667,-0.4543303632520662
6.86,-0.6114803987930284
6.863333333333334,-0.8745010530757741
6.866666666666667,-0.950678280872716
6.87,-0.9781917099535351
6.873333333333334,-0.881758899862924
6.876666666666667,-0.6890052480057358
6.880000000000001,-0.44882331421518806
6.883333333333334,-0.261073121645003
6.886666666666667,-0.05816799645522541
6.890000000000001,0.03255312947065753
6.8933333333333335,0.1599344024290009
6.896666666666667,0.20289042987656986
6.9,0.23425900605674324
6.903333333333334,0.11682703186262822
6.906666666666667,0.1256887319285064
6.91,0.10997493979630438
6.913333333333334,0.037684886902506626
6.916666666666667,0.006231293213390835
6.920000000000001,0.017173636991440165
6.923333333333334,-0.015204304898949653
6.926666666666667,0.04745882500743148
6.930000000000001,0.029692469394313963
6.933333333333334,0.008089279934205572
6.936666666666667,0.013116793712658378
6.94,0.0009281272832108188
6.943333333333333,0.0056491816203015546
6.946666666666667,0.03733033051320716
6.95,-0.00732040973532675
6.953333333333334,-0.016073900982559897
6.956666666666667,0.03412793680677029
6.960000000000001,0.0002955723265168457
6.963333333333334,0.057807381366222876
6.966666666666667,-0.0005195162671070667
6.970000000000001,0.015712389568257115
6.973333333333334,0.0017430500084229892
6.9766666666666675,-0.010006693049029715
6.98,0.0602619564639979
6.983333333333333,0.005622654699075701
6.986666666666667,0.03863794990243972
6.99,-0.034459447149027
6.993333333333334,-0.004552198688057927
6.996666666666667,0.07163504286947502
7.000000000000001,-0.021045355007282992
7.003333333333334,-0.054699656006945124
7.006666666666667,-0.0257587388472245
7.010000000000001,-0.031445044621778835
7.013333333333334,0.04741372975053737
7.0166666666666675,-0.020438783684019822
7.0200000000000005,-0.0035117472140165622
7.023333333333333,-0.027958761737287813
7.026666666666667,-0.002306198503975997
7.03,0.018040816820676688
7.033333333333334,0.010959029051340653
7.036666666666667,-0.016419021226836056
7.04,0.005135679388887648
7.043333333333334,-0.07034358355506484
7.046666666666667,-0.027385721394330705
7.050000000000001,-0.017838671153769345
7.053333333333334,-0.07466656143464773
7.0566666666666675,-0.07045557505894891
7.0600000000000005,-0.046301120095907165
7.0633333333333335,-0.028006609690965377
7.066666666666667,-0.12391596767641211
7.07,-0.12349485999679143
7.073333333333334,-0.0596100782447342
7.076666666666667,-0.06227014957441039
7.08,-0.14463738765677728
7.083333333333334,-0.13331720187552368
7.086666666666667,-0.13212584161744942
7.090000000000001,-0.12913162658075644
7.093333333333334,-0.1478157390556986
7.096666666666667,-0.18510378535688457
7.1000000000000005,-0.15662034834678912
7.1033333333333335,-0.1858834256041098
7.106666666666667,-0.20669153071696297
7.11,-0.20955822472081398
7.113333333333334,-0.1580283433749387
7.116666666666667,-0.2029133512054383
7.12,-0.24449061799082777
7.123333333333334,-0.23108026040908056
7.126666666666667,-0.22712897113826305
7.130000000000001,-0.20510450936803887
7.133333333333334,-0.24352987643440988
7.136666666666667,-0.2115879857395758
7.140000000000001,-0.22487116920028852
7.1433333333333335,-0.25046680470752214
7.146666666666667,-0.21847862814173666
7.15,-0.17879996644583898
7.153333333333334,-0.23209533224860512
7.156666666666667,-0.20465219581875177
7.16,-0.1833342761646748
7.163333333333334,-0.19753976204340484
7.166666666666667,-0.16987966263251578
7.170000000000001,-0.13015145341167025
7.173333333333334,-0.1589177365286648
7.176666666666667,-0.11260517224279155
7.180000000000001,-0.05850480904776815
7.183333333333334,-0.03883526747284219
7.186666666666667,-0.06563350796785977
7.19,-0.07294835156442722
7.193333333333333,-0.030902445561177057
7.196666666666667,-0.011025355853078185
7.2,-0.1166304188828153
7.203333333333334,-0.07015989948798129
7.206666666666667,0.018992941269726206
7.210000000000001,0.027831802811346333
7.213333333333334,-0.06904174774903152
7.216666666666667,-1.383938568310511e-05
7.220000000000001,-0.0004463311182354192
7.223333333333334,-0.010135845378912538
7.2266666666666675,-0.023708221945614647
7.23,0.018674183591884795
7.233333333333333,-0.0046705199888073
7.236666666666667,0.02316996914632631
7.24,-0.008856522909577974
7.243333333333334,0.0009077719622743764
7.246666666666667,0.007003102340019631
7.250000000000001,-0.020030186384347774
7.253333333333334,-0.011907111292102602
7.256666666666667,0.0030747541203851557
7.260000000000001,0.012753448140439425
7.263333333333334,-0.005185087526573762
7.2666666666666675,0.017026660680527893
7.2700000000000005,0.006036459807166761
7.273333333333333,-0.005877675912929932
7.276666666666667,-0.003550327298601618
7.28,-0.008196491791060863
7.283333333333334,0.06463644953103381
7.286666666666667,0.05315879771689997
7.29,0.009337396048046832
7.293333333333334,0.05269823892010389
7.296666666666667,0.03276220407991328
7.300000000000001,0.047436120347171346
7.303333333333334,0.016630052036254967
7.3066666666666675,0.006596691117044952
7.3100000000000005,0.043556858638909464
7.3133333333333335,0.058988686427813325
7.316666666666667,0.060888786074943885
7.32,0.01632952036121496
7.323333333333334,0.035920575787435016
7.326666666666667,0.03437721745047354
7.33,0.021353128279328552
7.333333333333334,0.06266508389927403
7.336666666666667,-0.004190197330508589
7.340000000000001,0.030562849070095523
7.343333333333334,0.030861849545286493
7.346666666666668,0.07918121764887576
7.3500000000000005,0.020841967108424717
7.3533333333333335,-0.0038499447654248425
7.356666666666667,0.020038885826147917
7.36,0.0071856491397197485
7.363333333333334,0.02452906339152184
7.366666666666667,0.013437473255107331
7.37,0.01591329862143629
7.373333333333334,0.015484819089103024
7.376666666666667,0.023616134788649955
7.380000000000001,0.04985863201662772
7.383333333333334,0.03531945981418098
7.386666666666667,0.033356198986976206
7.390000000000001,0.00017372193571099648
7.3933333333333335,0.011201140763863825
7.396666666666667,0.055322981532779564
7.4,0.07281569515981937
7.403333333333334,-0.011968802795131107
7.406666666666667,0.054129154892578336
7.41,-0.010453371960143877
7.413333333333334,0.04645513861882611
7.416666666666667,0.03797118077033007
7.420000000000001,0.014420044194674402
7.423333333333334,0.012438440424296008
7.426666666666667,0.017958056504321435
7.430000000000001,0.060972943413220446
7.433333333333334,0.0073638479943452795
7.436666666666667,0.01625369592181875
7.44,0.028375696427714328
7.443333333333334,0.0041809396322270535
7.446666666666667,0.027645010514304378
7.45,0.03092823489358056
7.453333333333334,-0.004296872418185412
7.456666666666667,-0.00014690744592284893
7.460000000000001,0.03159764681075184
7.463333333333334,0.019693528822570895
7.466666666666667,-0.09257927577811675
7.470000000000001,-0.012098902093406605
7.473333333333334,0.019366004036591764
7.4766666666666675,0.033689956234703236
7.48,-0.018885321042427697
7.483333333333333,-0.058679713145994655
7.486666666666667,-0.030127923279364654
7.49,-0.05606747518335403
7.493333333333334,-0.03600285925478545
7.496666666666667,-0.03698533785879086
7.500000000000001,-0.07209903521436349
7.503333333333334,-0.10836527161717151
7.506666666666667,-0.09214518528064777
7.510000000000001,-0.029646666078081092
7.513333333333334,-0.05749372961856951
7.5166666666666675,-0.025507944111736874
7.5200000000000005,-0.07531729969360429
7.523333333333333,-0.011405163958928006
7.526666666666667,-0.014641120489022016
7.53,0.013357735299185297
7.533333333333334,-0.02763312171025889
7.536666666666667,-0.009498993215183195
7.540000000000001,-0.05569424280425758
7.543333333333334,0.03320950846688584
7.546666666666667,-0.005214838137187313
7.550000000000001,0.03515116923095546
7.553333333333334,-0.01350187322208228
7.5566666666666675,0.059668091252744325
7.5600000000000005,0.022928957196737744
7.5633333333333335,0.03358971548997125
7.566666666666667,0.048175472414599456
7.57,0.06662750408240836
7.573333333333334,0.033798062111395744
7.576666666666667,0.02119933408269766
7.58,0.03904119992999236
7.583333333333334,0.020041591792281627
7.586666666666667,0.04729219024942381
7.590000000000001,0.02556987741684888
7.593333333333334,0.04694484148973617
7.596666666666668,0.06780090406422057
7.6000000000000005,0.02645297368215498
7.6033333333333335,0.02504835247451142
7.606666666666667,0.011456796983699353
7.61,0.07153084463199907
7.613333333333334,0.046706223193970345
7.616666666666667,0.042525571431925514
7.62,0.016229298205311198
7.623333333333334,0.0016459989751370294
7.626666666666667,0.00207134570228739
7.630000000000001,0.019159303269679226
7.633333333333334,0.04512538907029586
7.636666666666667,0.022815262105027004
7.640000000000001,0.03062315199596038
7.6433333333333335,0.0993277550176468
7.646666666666667,0.10028634046226367
7.65,0.0908442792154239
7.653333333333334,0.08594200097407506
7.656666666666667,0.06606564135920638
7.66,0.03369713457218154
7.663333333333334,-0.10232607814653241
7.666666666666667,-0.34326117065694856
7.670000000000001,-0.5599586130786834
7.673333333333334,-0.7638522028029762
7.676666666666667,-0.8948405324277071
7.680000000000001,-0.9464111001625966
7.683333333333334,-0.9256043115127934
7.686666666666667,-0.7343241139576336
7.69,-0.5047800894692671
7.693333333333334,-0.30097477194177297
7.696666666666667,-0.07799941103544138
7.7,0.027797486920434482
7.703333333333334,0.16200271855835685
7.706666666666667,0.23813686500597317
7.710000000000001,0.2370533344020247
7.713333333333334,0.2532824341725913
7.716666666666667,0.18807319464711575
7.720000000000001,0.12635524770457862
7.723333333333334,0.09849610770318606
7.7266666666666675,0.07579591138039463
7.73,0.04441478174916798
7.733333333333333,0.06759626691008598
7.736666666666667,0.031051659462106314
7.74,0.002810347517666654
7.743333333333334,0.10200362322337994
7.746666666666667,0.05997503174334674
7.750000000000001,0.04891516946286875
7.753333333333334,0.044040735875967935
7.756666666666667,-0.021917215690059853
7.760000000000001,0.016725349627859404
7.763333333333334,0.027501586353310382
7.7666666666666675,0.031890697035357116
7.7700000000000005,0.02855934145910504
7.773333333333333,0.053977222733248786
7.776666666666667,0.018248985754401984
7.78,0.08974538414902854
7.783333333333334,0.032287137139432084
7.786666666666667,0.03555152033355162
7.790000000000001,0.002509923640969785
7.793333333333334,0.04373183274719521
7.796666666666667,0.07400475920484276
7.800000000000001,0.053893728207542506
7.803333333333334,0.0292077017148141
7.8066666666666675,0.020143276688686297
7.8100000000000005,0.03371176954337869
7.8133333333333335,0.06484331387484249
7.816666666666667,0.007113457094026408
7.82,-0.006799606134643359
7.823333333333334,0.061573035331309006
7.826666666666667,0.044659637506324464
7.83,0.013968248502150268
7.833333333333334,-0.005139594231414659
7.836666666666667,0.03203715393316599
7.840000000000001,0.0009402182423749947
7.843333333333334,0.02765918225940589
7.846666666666668,0.04822197640273793
7.8500000000000005,0.012424476909550007
7.8533333333333335,-0.0448385200733147
7.856666666666667,-0.016108618755470348
7.86,0.053218692512397824
7.863333333333334,-0.05707050327224308
7.866666666666667,-0.06779914734528814
7.87,-0.04049502643613792
7.873333333333334,-0.046171840913881754
7.876666666666667,-0.061362861849406286
7.880000000000001,-0.022949272231286136
7.883333333333334,-0.10251750972226986
7.886666666666668,-0.09396334692269023
7.890000000000001,-0.11149746583460719
7.8933333333333335,-0.09266600832506149
7.896666666666667,-0.11909715333766673
7.9,-0.15038268388667098
7.903333333333334,-0.15126969848930216
7.906666666666667,-0.14987545730887555
7.91,-0.14057313569652544
7.913333333333334,-0.14685978235922406
7.916666666666667,-0.16837280642741612
7.920000000000001,-0.16582013663624195
7.923333333333334,-0.16446507944789096
7.926666666666667,-0.16224423364177556
7.930000000000001,-0.17211072579305056
7.933333333333334,-0.17346134622936807
7.936666666666667,-0.17552036018473388
7.94,-0.19555410253265768
7.943333333333334,-0.19747894306279107
7.946666666666667,-0.22356397350966048
7.95,-0.20386434210543225
7.953333333333334,-0.17932117491299646
7.956666666666667,-0.18554415280818135
7.960000000000001,-0.18223771566219116
7.963333333333334,-0.18006046662768174
7.966666666666667,-0.15013279031155108
7.970000000000001,-0.16127315439238693
7.973333333333334,-0.167157142341081
7.9766666666666675,-0.12460758055666356
7.98,-0.11410634552456297
7.983333333333334,-0.11253001981617848
7.986666666666667,-0.11564246370419287
7.99,-0.11959221423530109
7.993333333333334,-0.06067826223520739
7.996666666666667,-0.02680846506083081
8.0,-0.07395979835004735
8.003333333333334,-0.04620787808287045
8.006666666666668,-0.04486375571379231
8.01,-0.02027783133703915
8.013333333333334,-0.045060318266716165
8.016666666666667,0.02996656783182284
8.020000000000001,-0.011339249939701562
8.023333333333333,-0.03263781205543011
8.026666666666667,-0.0041747613871743455
8.030000000000001,-0.014626555567320152
8.033333333333333,0.0433550074654761
8.036666666666667,0.023335969126785854
8.040000000000001,0.036283731610894925
8.043333333333333,-0.03007361748788784
8.046666666666667,0.033595968216496096
8.05,0.05418613178610235
8.053333333333335,0.0799253909569278
8.056666666666667,0.03230536746362486
8.06,0.03340084775901203
8.063333333333334,0.05762013105418031
8.066666666666666,0.04478816307138935
8.07,0.03179922341364128
8.073333333333334,0.007945350340475898
8.076666666666668,0.07487668378393385
8.08,0.05579004365583644
8.083333333333334,0.03742037180120176
8.086666666666668,0.009781545735377428
8.09,-0.00657016000459798
8.093333333333334,0.03256056183340481
8.096666666666668,0.013023565966009176
8.1,0.014697338239410697
8.103333333333333,0.05854561053409836
8.106666666666667,0.029208729972135538
8.110000000000001,0.07103355696965928
8.113333333333333,0.02272386362550093
8.116666666666667,0.0820437071970763
8.120000000000001,0.08411559957629677
8.123333333333333,0.03065168767311115
8.126666666666667,0.05038039501095716
8.13,0.0875717001393316
8.133333333333335,0.03504745794646265
8.136666666666667,0.05583435048454063
8.14,0.0515712538913272
8.143333333333334,0.02593809347775005
8.146666666666667,0.04302703980109157
8.15,0.02360093714917829
8.153333333333334,0.0427347490277108
8.156666666666668,0.07306787202373413
8.16,-0.01279995879113939
8.163333333333334,0.09008902516780173
8.166666666666668,0.0437232183505903
8.17,-0.0006654740606091558
8.173333333333334,0.028904252473765022
8.176666666666668,0.022957121862607004
8.18,0.06861504211142905
8.183333333333334,0.08585958595486787
8.186666666666667,0.021907072956598873
8.190000000000001,0.039167648664247226
8.193333333333333,0.08425369376327493
8.196666666666667,0.04566441046683605
8.200000000000001,0.0827764020672499
8.203333333333333,0.005933796236427494
8.206666666666667,0.02971073626440885
8.21,0.025132784231535615
8.213333333333335,0.07641026425210301
8.216666666666667,0.019871163889741385
8.22,0.049393105620201466
8.223333333333334,0.039763936252029695
8.226666666666667,0.05276860037316332
8.23,0.044236590516786876
8.233333333333334,0.03025209377429687
8.236666666666666,0.04499814677950062
8.24,0.0030139331805773967
8.243333333333334,0.04150973708850476
8.246666666666668,0.06167851637958875
8.25,0.035847582729920786
8.253333333333334,0.0006212509940191693
8.256666666666668,0.007426368041292316
8.26,0.04142073791467878
8.263333333333334,0.06549928040628314
8.266666666666667,0.05907064473659019
8.270000000000001,0.018924632294711544
8.273333333333333,0.026788626609518827
8.276666666666667,0.003715062041300926
8.280000000000001,0.04022491972066737
8.283333333333333,0.0152925455595883
8.286666666666667,-0.010547655961828991
8.290000000000001,0.028312203273902
8.293333333333333,0.042334473864343414
8.296666666666667,0.067278872958577
8.3,0.02197866802201466
8.303333333333335,-0.029716666983677992
8.306666666666667,0.004580690662664708
8.31,-0.029138110553860338
8.313333333333334,-0.013391353683004993
8.316666666666666,-0.027011628366092607
8.32,-0.000512564409048212
8.323333333333334,-0.03386322746207549
8.326666666666668,-0.07149339926010492
8.33,-0.012913173499652746
8.333333333333334,-0.06453480815215225
8.336666666666668,-0.10702130016841523
8.34,-0.021755270299775704
8.343333333333334,-0.05787100029902445
8.346666666666668,0.0029738708760548085
8.350000000000001,0.001120343751662957
8.353333333333333,-0.0027334923529437685
8.356666666666667,-0.030225801865623177
8.360000000000001,-0.04680028356765402
8.363333333333333,-0.0039021992475752215
8.366666666666667,-0.03344240658649905
8.370000000000001,-0.024588518962569157
8.373333333333333,-0.005122557261503797
8.376666666666667,0.03148722764590633
8.38,0.04930398184289936
8.383333333333335,0.04275713463890164
8.386666666666667,-0.03761685833221287
8.39,0.028882020056640298
8.393333333333334,0.03290657104113867
8.396666666666667,0.06051144744779255
8.4,-0.015681325349893728
8.403333333333334,0.004693127056659304
8.406666666666668,0.026136196528590904
8.41,0.07669599019310828
8.413333333333334,0.05428652395856863
8.416666666666668,0.015987781342795278
8.42,0.025216557335290983
8.423333333333334,0.04657773524920497
8.426666666666668,0.03503774592046204
8.43,0.005567426690786775
8.433333333333334,0.06981433848869566
8.436666666666667,0.04238576606937876
8.440000000000001,0.05212253228598868
8.443333333333333,0.06387812286767962
8.446666666666667,0.01073745358789506
8.450000000000001,0.017610317215447587
8.453333333333333,0.01385069942977855
8.456666666666667,0.023112198324285415
8.46,0.043935082548846344
8.463333333333335,0.014157811115151523
8.466666666666667,-0.023930194550179064
8.47,0.026587408661001437
8.473333333333334,0.024135846444430283
8.476666666666667,0.05379543331315455
8.48,0.09146977242177148
8.483333333333334,0.0845365852291826
8.486666666666666,0.13307816486679575
8.49,0.06878924430771946
8.493333333333334,0.031130839862847124
8.496666666666668,-0.037711072026099905
8.5,-0.16940888503296717
8.503333333333334,-0.3756601813855118
8.506666666666668,-0.5916160651306877
8.51,-0.7956309297200856
8.513333333333334,-0.8975852433371895
8.516666666666667,-0.9568135209636282
8.520000000000001,-0.8561054433500789
8.523333333333333,-0.7530810116017944
8.526666666666667,-0.5276204759979162
8.530000000000001,-0.2801143338305365
8.533333333333333,-0.07430725486442334
8.536666666666667,0.0479262182969172
8.540000000000001,0.14078782770943435
8.543333333333333,0.2430467935040761
8.546666666666667,0.255310632871828
8.55,0.1843938153579039
8.553333333333335,0.10130691076320156
8.556666666666667,0.13596560382604303
8.56,0.08315851755638107
8.563333333333334,0.00840346192914216
8.566666666666666,0.06066059764463689
8.57,0.022842380850546025
8.573333333333334,0.05866118413949424
8.576666666666668,-0.012332976623917448
8.58,0.02477596649966936
8.583333333333334,0.03619815013375263
8.586666666666668,-0.0006804894171622243
8.59,0.0401210245015213
8.593333333333334,-0.015588870605651093
8.596666666666668,0.03923943440075354
8.600000000000001,0.014611668674272237
8.603333333333333,0.019843305240338824
8.606666666666667,-0.004287838531844328
8.610000000000001,0.015773843330779712
8.613333333333333,-0.013295334770779245
8.616666666666667,0.00012528580315082638
8.620000000000001,0.038575167649207966
8.623333333333333,0.05761745730137925
8.626666666666667,0.0551066965319032
8.63,0.06894066915252102
8.633333333333335,-0.01530384545281118
8.636666666666667,0.007418124878980242
8.64,0.042468341463211094
8.643333333333334,0.04318327510488902
8.646666666666667,0.04385079257145942
8.65,-0.006396892345153473
8.653333333333334,0.005314130700234058
8.656666666666668,-0.0024610574314783123
8.66,0.010437175971966096
8.663333333333334,0.004597379367000495
8.666666666666668,-0.03524564770330128
8.67,0.0010696612015198195
8.673333333333334,-0.0010303804444019016
8.676666666666668,0.02446082232915448
8.68,0.02311645725318243
8.683333333333334,-0.03354980796440583
8.686666666666667,-0.010256754804938088
8.690000000000001,-0.0036487501343219764
8.693333333333333,-0.02865248456429196
8.696666666666667,0.023489995661395258
8.700000000000001,-0.013908704771779311
8.703333333333333,-0.04357746162130417
8.706666666666667,-0.07150871839299261
8.71,-0.0808657017649816
8.713333333333335,-0.08944230943512244
8.716666666666667,-0.07545442381536027
8.72,-0.11236045220053958
8.723333333333334,-0.056760847776228224
8.726666666666667,-0.1089437836057189
8.73,-0.13974555592040144
8.733333333333334,-0.11206501268171734
8.736666666666666,-0.1496527019204379
8.74,-0.17086063821850694
8.743333333333334,-0.170834068271398
8.746666666666668,-0.15489325728647257
8.75,-0.19094873351889902
8.753333333333334,-0.16730521236003526
8.756666666666668,-0.15814684525736655
8.76,-0.18747542686059532
8.763333333333334,-0.17552884179324496
8.766666666666667,-0.19572085522734733
8.770000000000001,-0.25504787756072905
8.773333333333333,-0.21350751225337225
8.776666666666667,-0.17998792439772704
8.780000000000001,-0.19013536217481464
8.783333333333333,-0.17456664572502611
8.786666666666667,-0.2537815349386598
8.790000000000001,-0.19712879598484817
8.793333333333335,-0.24805267918056473
8.796666666666667,-0.23577093598681856
8.8,-0.18117567911877885
8.803333333333335,-0.19238343982709294
8.806666666666667,-0.2332229749927874
8.81,-0.1553218029619134
8.813333333333334,-0.14739907316166986
8.816666666666666,-0.1793844156524821
8.82,-0.12142668314574515
8.823333333333334,-0.14193821955620323
8.826666666666668,-0.1062585610163417
8.83,-0.04782680540679864
8.833333333333334,-0.07287856794901737
8.836666666666668,-0.06715509857917502
8.84,-0.10245483090676277
8.843333333333334,-0.06435144921513157
8.846666666666668,-0.07407979515344519
8.850000000000001,-0.01807875868385226
8.853333333333333,-0.07366196428478708
8.856666666666667,-0.03758500595921707
8.860000000000001,-0.03839906726620216
8.863333333333333,-0.04520345168668207
8.866666666666667,-0.013045214868456362
8.870000000000001,-0.05343366107913142
8.873333333333333,-0.038671361467789614
8.876666666666667,-0.04093127976730786
8.88,-0.00064526787195452
8.883333333333335,-0.045524156640596634
8.886666666666667,-0.00768693738473648
8.89,0.0015364208489328434
8.893333333333334,0.0081386687860468
8.896666666666667,-0.002912859108521503
8.9,0.06951961888648718
8.903333333333334,-0.010882582109994557
8.906666666666668,0.004102052571770128
8.91,0.0017461774205434575
8.913333333333334,0.03554425502514453
8.916666666666668,0.015537677894905181
8.92,0.013331429137107427
8.923333333333334,0.04347513990935049
8.926666666666668,0.009454970233525328
8.93,0.01832887486708152
8.933333333333334,0.039917143449183776
8.936666666666667,-0.012091038444180831
8.940000000000001,0.0162232984332713
8.943333333333333,0.017418774085829508
8.946666666666667,0.004466281650093402
8.950000000000001,-0.032318010965473015
8.953333333333333,-0.014474982872239953
8.956666666666667,-0.006442779350469421
8.96,0.041715672864698204
8.963333333333335,0.050019578372078016
8.966666666666667,0.0023914628224711012
8.97,-0.022026140618626303
8.973333333333334,-0.010366644834817506
8.976666666666667,0.04107378988125302
8.98,-0.01212658086203225
8.983333333333334,-0.0076288337405290025
8.986666666666666,0.030515365397348865
8.99,0.00397466404758584
8.993333333333334,-0.006113736805428208
8.996666666666668,0.007645176726153112
9.0,0.02424983473586757
9.003333333333334,-0.03145805641968183
9.006666666666668,-0.013673116131376633
9.01,0.015398516050969077
9.013333333333334,0.014239362731018237
9.016666666666667,-0.07262320610958782
9.020000000000001,-0.04431066630582886
9.023333333333333,-0.019160499694292028
9.026666666666667,0.02037697041796628
9.030000000000001,0.03674542766433043
9.033333333333333,0.005133597990642724
9.036666666666667,0.02745174910977657
9.040000000000001,-0.00849553336012923
9.043333333333335,-0.016767165313372655
9.046666666666667,0.029990413962398953
9.05,0.02628074585550182
9.053333333333335,0.05595123883780129
9.056666666666667,-0.04544713805499432
9.06,0.029260176245782775
9.063333333333334,0.010577678970331997
9.066666666666666,-0.03612823465701668
9.07,-0.011827689783634781
9.073333333333334,-0.022794456600011375
9.076666666666668,0.005634982310648624
9.08,0.01100225292285202
9.083333333333334,-0.013186983490182701
9.086666666666668,0.012524414605039462
9.09,-0.04654333548462268
9.093333333333334,-0.008027278749287617
9.096666666666668,0.03322991065234901
9.100000000000001,0.010449909486447128
9.103333333333333,0.02703002403453411
9.106666666666667,0.019538247520871323
9.110000000000001,0.0412252507338712
9.113333333333333,-0.0028424296458939326
9.116666666666667,-0.04137662823546055
9.120000000000001,0.007123845278111631
9.123333333333333,-0.05908995833449137
9.126666666666667,0.01835488391254652
9.13,0.004464304095937744
9.133333333333335,-0.04009178943248151
9.136666666666667,-0.0034111162655745784
9.14,-0.007081351751093284
9.143333333333334,0.02991784323005741
9.146666666666667,-0.02103202303764676
9.15,-0.03161002654624667
9.153333333333334,0.023074569210792248
9.156666666666668,-0.028791314148234055
9.16,0.02498455170467531
9.163333333333334,0.027308422867939837
9.166666666666668,0.0019465776922051566
9.17,-0.04668255483726329
9.173333333333334,-0.021859090287074206
9.176666666666668,0.0266432994635861
9.18,-0.008721875094086076
9.183333333333334,-0.005812911774110797
9.186666666666667,-0.038152641980165436
9.190000000000001,-0.020541240509613277
9.193333333333333,0.010333694872833381
9.196666666666667,-0.011725741159201206
9.200000000000001,-0.049245997891682804
9.203333333333333,-0.03084627568401519
9.206666666666667,0.03716501632881158
9.21,-0.03983913150481379
9.213333333333335,-0.014431460229833055
9.216666666666667,-0.02828865554935156
9.22,-0.008238708118988827
9.223333333333334,-0.0018503802374049867
9.226666666666667,-0.033143011910145945
9.23,-0.04916715476596448
9.233333333333334,-0.017177618891091137
9.236666666666668,-0.059779599932755126
9.24,-0.08335409245479312
9.243333333333334,-0.0450822820984435
9.246666666666668,-0.03609924568572471
9.25,-0.08222525096407497
9.253333333333334,-0.07775768490791513
9.256666666666668,-0.051318848501652366
9.26,-0.09637812509807647
9.263333333333334,-0.1270075918508729
9.266666666666667,-0.10776447499280636
9.270000000000001,-0.10926902686438146
9.273333333333333,-0.10000227391190558
9.276666666666667,-0.09901866735823667
9.280000000000001,-0.0845512870663413
9.283333333333333,-0.07458316083640551
9.286666666666667,-0.07493523371829315
9.290000000000001,-0.12607672307988663
9.293333333333335,-0.04463701162278426
9.296666666666667,-0.014608508994460683
9.3,-0.03282098472394592
9.303333333333335,-0.08193741813438649
9.306666666666667,-0.05454515145675143
9.31,-0.023770056566820203
9.313333333333334,-0.01288514678815932
9.316666666666666,0.0063985729257453015
9.32,-0.045571819025299776
9.323333333333334,-0.036320450726298394
9.326666666666668,-0.04353519645575005
9.33,0.0008838444146728438
9.333333333333334,-0.04076368624069891
9.336666666666668,-0.004680030344396763
9.34,-0.053432430524769536
9.343333333333334,-0.0818037761222055
9.346666666666668,0.014907700397716767
9.350000000000001,-0.03493072948705972
9.353333333333333,-0.07192290917274186
9.356666666666667,-0.036607015731456916
9.360000000000001,-0.02026764531729877
9.363333333333333,0.011784021687548461
9.366666666666667,0.007920195069941018
9.370000000000001,-0.023799560016493464
9.373333333333333,-0.03503471477574155
9.376666666666667,-0.009937003546386849
9.38,-0.03597989980109036
9.383333333333335,-0.06223831655379983
9.386666666666667,-0.01891242532548594
9.39,0.01217703852753824
9.393333333333334,0.004142478988526212
9.396666666666667,0.004835981966337595
9.4,0.018251097571294055
9.403333333333334,-0.00357259460771096
9.406666666666668,0.0220995458118
9.41,-0.0011117906315278106
9.413333333333334,0.022244540894200988
9.416666666666668,0.07016055089609738
9.42,0.006154096490877808
9.423333333333334,0.019290438137176295
9.426666666666668,-0.013423650588666954
9.430000000000001,-0.14846413978779338
9.433333333333334,-0.3909672335766749
9.436666666666667,-0.5521038056128215
9.440000000000001,-0.7889353059638793
9.443333333333333,-0.9656808617338863
9.446666666666667,-1.0373206444958303
9.450000000000001,-1.0032548852183518
9.453333333333333,-0.8682882955639317
9.456666666666667,-0.6492418697106355
9.46,-0.4006928265667509
9.463333333333335,-0.21162130959211767
9.466666666666667,-0.02116014851960008
9.47,0.06620451351477455
9.473333333333334,0.12301426240351927
9.476666666666667,0.15011818954897738
9.48,0.15212900280048675
9.483333333333334,0.12030445479185485
9.486666666666668,0.05484812606357042
9.49,0.04997557188315199
9.493333333333334,0.03829724224281437
9.496666666666668,0.017772427931856155
9.5,0.011781936225013164
9.503333333333334,-0.048317463766293214
9.506666666666668,-0.0004080740243531701
9.51,0.017514887989383478
9.513333333333334,-0.016077944504822392
9.516666666666667,-0.01955482870026419
9.520000000000001,-0.021112871159415236
9.523333333333333,-0.020103488738407914
9.526666666666667,-0.027499388448964372
9.530000000000001,-0.015676058614737545
9.533333333333333,-0.00496231166331839
9.536666666666667,-0.018087267967059808
9.540000000000001,-0.009017890896518384
9.543333333333335,-0.030571543868308775
9.546666666666667,-0.004845801865879946
9.55,-0.06884261851637061
9.553333333333335,-0.036529567136873754
9.556666666666667,-0.0091566638829352
9.56,-0.040905184658017096
9.563333333333334,-0.04414856771442538
9.566666666666666,-0.06471132778386847
9.57,-0.049115610608990896
9.573333333333334,-0.01822490552686814
9.576666666666668,-0.026282227648848664
9.58,-0.022296239232114056
9.583333333333334,0.02554262577961281
9.586666666666668,-0.07652920970793167
9.59,-0.029764602321364825
9.593333333333334,0.09041970946354003
9.596666666666668,-0.013233087439397266
9.600000000000001,-0.05122177795189577
9.603333333333333,-0.0498010036126657
9.606666666666667,-0.08821366300139968
9.610000000000001,-0.049976027283831416
9.613333333333333,-0.03146413713523735
9.616666666666667,-0.046014278249178635
9.620000000000001,-0.0867178228310551
9.623333333333333,-0.09813433777871589
9.626666666666667,-0.0931547855535315
9.63,-0.06156288379837526
9.633333333333335,-0.04458369585234366
9.636666666666667,-0.08440275350120457
9.64,-0.1338881999373657
9.643333333333334,-0.08616617869569966
9.646666666666667,-0.14286900897648253
9.65,-0.15856910619175482
9.653333333333334,-0.15036881978231334
9.656666666666668,-0.12915190378910318
9.66,-0.20637062048353969
9.663333333333334,-0.15798859787389882
9.666666666666668,-0.21731002882277511
9.67,-0.2108122909384099
9.673333333333334,-0.21881660157404245
9.676666666666668,-0.17406632229990104
9.680000000000001,-0.20695692491818724
9.683333333333334,-0.26949742598089726
9.686666666666667,-0.24373850378285028
9.690000000000001,-0.23999339338060657
9.693333333333333,-0.28949330452756056
9.696666666666667,-0.26254972513671804
9.700000000000001,-0.263372202666467
9.703333333333333,-0.23788391583208926
9.706666666666667,-0.3161532229832035
9.71,-0.2847229517871063
9.713333333333335,-0.2825713942684866
9.716666666666667,-0.2445708091167537
9.72,-0.24533947927236593
9.723333333333334,-0.29684434156655726
9.726666666666667,-0.26311055909264325
9.73,-0.22038630283806862
9.733333333333334,-0.2484154258044907
9.736666666666668,-0.2500114868411105
9.74,-0.2121278307849343
9.743333333333334,-0.21427973382346513
9.746666666666668,-0.1857449860449485
9.75,-0.1975035485443879
9.753333333333334,-0.2042433052895003
9.756666666666668,-0.18649341315263002
9.76,-0.15570726965603315
9.763333333333334,-0.10536490615161832
9.766666666666667,-0.13852387226597732
9.770000000000001,-0.18212289108163934
9.773333333333333,-0.12568020829721277
9.776666666666667,-0.12556936224324186
9.780000000000001,-0.11468673705236926
9.783333333333333,-0.08969705923693065
9.786666666666667,-0.08860485448227093
9.790000000000001,-0.03208633292191026
9.793333333333335,-0.0375359282629042
9.796666666666667,-0.05390581624690898
9.8,-0.0650499565748486
9.803333333333335,-0.08676932466571659
9.806666666666667,-0.11221574862156912
9.81,-0.013791272134240175
9.813333333333334,-0.06724899303394102
9.816666666666666,-0.047813449647497175
9.82,-0.05406368378954011
9.823333333333334,-0.05697564060239628
9.826666666666668,-0.023618574770196958
9.83,-0.003863047952880845
9.833333333333334,-0.012172901097339876
9.836666666666668,-0.04105499452787763
9.84,-0.0777259263836351
9.843333333333334,-0.036479505483641234
9.846666666666668,-0.05958468244725937
9.850000000000001,-0.05448434864363687
9.853333333333333,-0.0813404968997738
9.856666666666667,-0.03402533953792063
9.860000000000001,-0.03219987094311943
9.863333333333333,0.0009778284708962769
9.866666666666667,-0.032844617520590626
9.870000000000001,-0.08959407862176501
9.873333333333335,-0.05086995346214661
9.876666666666667,-0.041255397960854055
9.88,-0.030372556876876514
9.883333333333335,-0.028171867323564824
9.886666666666667,-0.08764736269570193
9.89,-0.030252253373899984
9.893333333333334,-0.03418643623844993
9.896666666666667,-0.016567668183513372
9.9,-0.0717235970265396
9.903333333333334,-0.004529734171950281
9.906666666666668,-0.055615695849625384
9.91,-0.01950927187615924
9.913333333333334,-0.02817190654876959
9.916666666666668,-0.000777978756974794
9.92,-0.07973894763264334
9.923333333333334,-0.05577558048875193
9.926666666666668,-0.028176616095271525
9.930000000000001,-0.02579356738804732
9.933333333333334,-0.01885998440082389
9.936666666666667,-0.12551894174689188
9.940000000000001,-0.08522856399578346
9.943333333333333,-0.04317783704114814
9.946666666666667,0.022175620118477655
9.950000000000001,-0.027001188716004126
9.953333333333333,-0.023532963156622216
9.956666666666667,-0.039050753053074067
9.96,-0.009555853878863225
9.963333333333335,-0.01609653808689906
9.966666666666667,-0.053161638482716794
9.97,-0.007794914423221604
9.973333333333334,-0.019249588785085803
9.976666666666667,-0.03228656001899465
9.98,-0.05875179676817828
9.983333333333334,-0.007581516570337534
9.986666666666668,-0.04892449527393278
9.99,-0.07315608660065243
9.993333333333334,0.015001858257567523
9.996666666666668,-0.038912988118183583
10.0,-0.019636437237465408
10.003333333333334,-0.07505029580242253
10.006666666666668,-0.08592515795042957
10.01,-0.07942083743828207
10.013333333333334,-0.07278901552214667
10.016666666666667,-0.03493542626780588
10.020000000000001,-0.0527025865077279
10.023333333333333,-0.062400083345401744
10.026666666666667,-0.03343863734188297
10.030000000000001,-0.050410307972333784
10.033333333333333,-0.06507847587362678
10.036666666666667,-0.04109850286163097
10.040000000000001,0.01740251363994362
10.043333333333335,-0.05325407221103567
10.046666666666667,-0.0487288907274272
10.05,-0.04546547809723136
10.053333333333335,-0.06317427700182394
10.056666666666667,-0.05963044089574338
10.06,-0.000356642236303481
10.063333333333334,-0.050207579320161205
10.066666666666666,-0.03350316790433308
10.07,-0.050486333461461634
10.073333333333334,-0.027223123556453118
10.076666666666668,-0.051485921401353135
10.08,-0.021302453721544358
10.083333333333334,-0.0102815102197286
10.086666666666668,-0.05822892352567563
10.09,-0.05996664443608795
10.093333333333334,-0.02188615572792125
10.096666666666668,0.010042479239560996
10.100000000000001,-0.04990604912505713
10.103333333333333,-0.0897913523612694
10.106666666666667,-0.024616328256045795
10.110000000000001,-0.045982746921878606
10.113333333333333,-0.060793142066294034
10.116666666666667,-0.05478694558697461
10.120000000000001,-0.055092959053161306
10.123333333333335,-0.08879594611768038
10.126666666666667,-0.1026112630319955
10.13,-0.09822185395792006
10.133333333333335,-0.10739872794051142
10.136666666666667,-0.12755354862735988
10.14,-0.09307960909012326
10.143333333333334,-0.06993188233662923
10.146666666666667,-0.05058326178680074
10.15,-0.1324269884018981
10.153333333333334,-0.09085881712112458
10.156666666666668,-0.09124996303930641
10.16,-0.1255282675421096
10.163333333333334,-0.07368355121045672
10.166666666666668,-0.1221393930007349
10.17,-0.15326681372995074
10.173333333333334,-0.10918707611179905
10.176666666666668,-0.0865225655510883
10.180000000000001,-0.09421679800559896
10.183333333333334,-0.0823217560122683
10.186666666666667,-0.07958644430305518
10.190000000000001,-0.09587475033835564
10.193333333333333,-0.03618762770984878
10.196666666666667,-0.06557396249277417
10.200000000000001,-0.04170367204855335
10.203333333333333,-0.06517859147110629
10.206666666666667,-0.0724561754223771
10.21,-0.028665896765640672
10.213333333333335,-0.0027503864967425157
10.216666666666667,-0.04437970099228642
10.22,-0.06833943831062457
10.223333333333334,-0.06253387826406835
10.226666666666667,-0.03272351703508603
10.23,-0.03565653315058272
10.233333333333334,-4.919191818634344e-05
10.236666666666668,-0.00829659846657118
10.24,-0.05647698196128997
10.243333333333334,-0.027073637840085655
10.246666666666668,-0.044570518316257655
10.25,-0.06169430108833038
10.253333333333334,-0.05070451297949353
10.256666666666668,-0.09094951570681671
10.26,-0.0073691224057117685
10.263333333333334,-0.008377849909088478
10.266666666666667,-0.0037206440334836832
10.270000000000001,-0.05146719933184806
10.273333333333333,-0.050945798382419014
10.276666666666667,-0.049373840141214737
10.280000000000001,-0.05311610970142468
10.283333333333333,-0.03786352739221394
10.286666666666667,-0.06973390756372602
10.290000000000001,-0.030207220027539602
10.293333333333335,0.03393595245329399
10.296666666666667,-0.02419909471381541
10.3,-0.025555596502803674
10.303333333333335,-0.002186414155764857
10.306666666666667,-0.020182856776816686
10.31,-0.0006081036730580178
10.313333333333334,-0.05239945068387262
10.316666666666668,-0.17832407797607594
10.32,-0.40107014497447396
10.323333333333334,-0.5673718815980043
10.326666666666668,-0.7618318542703433
10.33,-0.9679359211273934
10.333333333333334,-1.058847815503738
10.336666666666668,-1.0250199865474734
10.34,-0.8017912599060576
10.343333333333334,-0.7102282505087737
10.346666666666668,-0.40494711361643765
10.350000000000001,-0.1716906589730604
10.353333333333333,-0.08565915178349955
10.356666666666667,0.03943379466632328
10.360000000000001,0.11637012332801623
10.363333333333333,0.14671478207587102
10.366666666666667,0.14171823663768232
10.370000000000001,0.12825070310323014
10.373333333333335,0.060443586823996
10.376666666666667,0.010846642547274726
10.38,0.019690058693119752
10.383333333333335,0.021760633409320714
10.386666666666667,-0.04184428705711263
10.39,-0.08919548133191049
10.393333333333334,-0.011989938505017932
10.396666666666667,-0.030172912482313352
10.4,-0.07242609247091528
10.403333333333334,-0.06365878403276319
10.406666666666668,-0.0797668555027334
10.41,0.0020058405172527424
10.413333333333334,0.0046510629195711875
10.416666666666668,-0.03411308798880297
10.42,-0.058903965214209354
10.423333333333334,-0.0806106674855174
10.426666666666668,-0.05658262380189884
10.430000000000001,-0.00583461274873583
10.433333333333334,-0.028798667406802297
10.436666666666667,-0.03397730918367592
10.440000000000001,-0.08424235631789888
10.443333333333333,-0.05621382886405015
10.446666666666667,0.0130793492269381
10.450000000000001,-0.042257752403065625
10.453333333333333,-0.0590225252564804
10.456666666666667,-0.11334993427014353
10.46,-0.022252304441693176
10.463333333333335,-0.05540799218963435
10.466666666666667,-0.03625965801617421
10.47,-0.07315550325962364
10.473333333333334,-0.06830200979352535
10.476666666666667,-0.0016066613012247766
10.48,-0.00818573606794095
10.483333333333334,-0.021157709632223798
10.486666666666668,-0.041126391640389746
10.49,-0.015811925888723877
10.493333333333334,-0.02567797700900254
10.496666666666668,-0.07190975265136666
10.5,-0.08552589127890593
10.503333333333334,-0.050719488631185555
10.506666666666668,-0.07387055319545419
10.51,-0.05342821566280081
10.513333333333334,-0.10833700396998937
10.516666666666667,-0.10164430865963726
10.520000000000001,-0.15697897212113265
10.523333333333333,-0.07802721644571911
10.526666666666667,-0.12993785484294554
10.530000000000001,-0.09896800414535757
10.533333333333333,-0.1292966947768532
10.536666666666667,-0.16848664502581207
10.540000000000001,-0.17397955856715405
10.543333333333335,-0.1502676446275765
10.546666666666667,-0.17067836653643167
10.55,-0.17867798513909322
10.553333333333335,-0.22843217741354765
10.556666666666667,-0.21933730815282787
10.56,-0.22366419404339027
10.563333333333334,-0.2761173274165473
10.566666666666668,-0.18640557204064057
10.57,-0.297358827893774
10.573333333333334,-0.24844292114384392
10.576666666666668,-0.23897831262755465
10.58,-0.2267650317053745
10.583333333333334,-0.204796206021291
10.586666666666668,-0.32539522038180196
10.59,-0.2364922974330184
10.593333333333334,-0.3198157582725153
10.596666666666668,-0.2461826882169072
10.600000000000001,-0.24946684999296448
10.603333333333333,-0.2602910672749144
10.606666666666667,-0.2887951018143325
10.610000000000001,-0.26911127985539723
10.613333333333333,-0.22973859425833565
10.616666666666667,-0.24498463969669287
10.620000000000001,-0.25323286361843594
10.623333333333335,-0.1939377405291523
10.626666666666667,-0.25168225608249883
10.63,-0.23198351337905923
10.633333333333335,-0.2034220300510781
10.636666666666667,-0.2071832064729362
10.64,-0.20204448148964518
10.643333333333334,-0.13692885955246728
10.646666666666667,-0.16002577816537245
10.65,-0.1473492814316028
10.653333333333334,-0.09697243322257473
10.656666666666668,-0.12642735185164014
10.66,-0.15446906276978653
10.663333333333334,-0.07192617681067766
10.666666666666668,-0.10081077238077207
10.67,-0.08124792228100908
10.673333333333334,-0.0718702020174715
10.676666666666668,-0.10039239013345244
10.680000000000001,-0.09518700497105971
10.683333333333334,-0.0579743303314442
10.686666666666667,-0.0711570530137168
10.690000000000001,-0.06625839539460816
10.693333333333333,-0.03318265157469798
10.696666666666667,-0.0373739892354913
10.700000000000001,-0.048320791847280525
10.703333333333333,-0.06577263874278806
10.706666666666667,-0.04585905488313592
10.71,-0.008549202090182562
10.713333333333335,-0.055215331715140134
10.716666666666667,-0.011785563913667745
10.72,-0.03282178639170627
10.723333333333334,-0.06221532693839224
10.726666666666667,-0.011314176211785657
10.73,-0.022967662773836703
10.733333333333334,-0.014104737545056385
10.736666666666668,-0.005520608136659916
10.74,-0.06554983535704914
10.743333333333334,-0.060897810965220726
10.746666666666668,-0.02301660394326695
10.75,-0.03928084456862198
10.753333333333334,-0.021742122433185077
10.756666666666668,-0.03534318001717934
10.760000000000002,-0.037258878527203804
10.763333333333334,-0.037226080426978586
10.766666666666667,0.007828100878897782
10.770000000000001,-0.024190091490450684
10.773333333333333,-0.007929473534838492
10.776666666666667,0.00036671753115445627
10.780000000000001,0.02077467339769564
10.783333333333333,-0.06109111358589249
10.786666666666667,-0.03289023904540414
10.790000000000001,-0.07593982655836343
10.793333333333335,0.0005270849366217391
10.796666666666667,-0.07016813604708273
10.8,-0.04009199491915717
10.803333333333335,-0.043105210512038784
10.806666666666667,-0.0025750788145287515
10.81,-0.0024548563081191986
10.813333333333334,-0.04600503842579401
10.816666666666668,-0.032762473791343893
10.82,-0.04183004119853957
10.823333333333334,0.0019546475511872732
10.826666666666668,-0.0035710609105115525
10.83,-0.02661989659928638
10.833333333333334,-0.049125165739033076
10.836666666666668,-0.04595276141126524
10.84,-0.0899244867936031
10.843333333333334,-0.011591472989992123
10.846666666666668,0.0011365538642598184
10.850000000000001,-0.07608439574873094
10.853333333333333,-0.04101150380738497
10.856666666666667,-0.005778274790389042
10.860000000000001,0.025529292410304615
10.863333333333333,-0.009677570396650508
10.866666666666667,-0.04680051572300507
10.870000000000001,-0.09448518300163494
10.873333333333335,-0.0013012968428477018
10.876666666666667,-0.03813554159656267
10.88,-0.03036192744140269
10.883333333333335,-0.02913186254898091
10.886666666666667,-0.020537346729807185
10.89,-0.08302328969149839
10.893333333333334,-0.011689047744634237
10.896666666666667,-0.01885002658510684
10.9,-0.05741921414083305
10.903333333333334,-0.046254647708666094
10.906666666666668,-0.03560485626795934
10.91,-0.021648181381339077
10.913333333333334,-0.03588073413567076
10.916666666666668,-0.03513425449291861
10.92,-0.0431223654141092
10.923333333333334,-0.005846427486784444
10.926666666666668,-0.04021153170904064
10.930000000000001,-0.02222599368176422
10.933333333333334,-0.002663128355735976
10.936666666666667,0.0010237518434349294
10.940000000000001,-0.03143119508937986
10.943333333333333,-0.015120482861899959
10.946666666666667,-0.009341566265261898
10.950000000000001,-0.028557325886526964
10.953333333333335,-0.0024289084342664254
10.956666666666667,-0.010084324488097051
10.96,0.015554837485767232
10.963333333333335,-0.04345593259749439
10.966666666666667,-0.0017547707135599604
10.97,-0.010656683651485914
10.973333333333334,-0.03784998291979859
10.976666666666667,-0.00205845973801648
10.98,0.008933463646232601
10.983333333333334,-0.021100124079662143
10.986666666666668,-0.062117264026061283
10.99,-0.04647806468872279
10.993333333333334,-0.047916990730348955
10.996666666666668,-0.011964694030478257
11.0,-0.026342647683980164
11.003333333333334,-0.054741434402319794
11.006666666666668,-0.03471922307291684
11.010000000000002,-0.05334667714306693
11.013333333333334,-0.03731395559011577
11.016666666666667,-0.02280209797938696
11.020000000000001,-0.027756625306242434
11.023333333333333,-0.06957379030138927
11.026666666666667,-0.00962012668714559
11.030000000000001,-0.029016307930707037
11.033333333333333,-0.06859724203662787
11.036666666666667,-0.036685309411997914
11.040000000000001,-0.11511464924659436
11.043333333333335,-0.0487720916541005
11.046666666666667,-0.03910559776669654
11.05,-0.15696209537553862
11.053333333333335,-0.09555956168404955
11.056666666666667,-0.07922339924834844
11.06,-0.05733378719695045
11.063333333333334,-0.08570926559021845
11.066666666666668,-0.1212618785122934
11.07,-0.056478712549803634
11.073333333333334,-0.08170232769842589
11.076666666666668,-0.10679965677091277
11.08,-0.10640532527226378
11.083333333333334,-0.05005935252060796
11.086666666666668,-0.0753194917097966
11.09,-0.050912151217342314
11.093333333333334,-0.10191710229086481
11.096666666666668,-0.061353156070635725
11.100000000000001,-0.0813333759539876
11.103333333333333,-0.02556829655258746
11.106666666666667,-0.04915580850622493
11.110000000000001,-0.07995864607487876
11.113333333333333,-0.042963766341863524
11.116666666666667,-0.016868810545173134
11.120000000000001,-0.032430412730176474
11.123333333333335,-0.0006577801698085875
11.126666666666667,0.030871545035999766
11.13,-0.016772419362330284
11.133333333333335,-0.0184611031760865
11.136666666666667,-0.05979245329380807
11.14,-0.0028339240559521195
11.143333333333334,0.00199864937942024
11.146666666666667,-0.002279803783142155
11.15,-0.015257688720811997
11.153333333333334,-0.030959217904903764
11.156666666666668,-0.038534065657441344
11.16,0.021878886751802547
11.163333333333334,-0.03540094087324466
11.166666666666668,-0.037725396289455364
11.17,-0.029570725043736316
11.173333333333334,0.022608721470691245
11.176666666666668,-0.00778329521666787
11.180000000000001,-0.04282275095008893
11.183333333333334,0.06834058290621456
11.186666666666667,0.0039263644568515894
11.190000000000001,0.04061791800762379
11.193333333333333,0.003968268588915001
11.196666666666667,0.010135787795239125
11.200000000000001,0.04562728931497369
11.203333333333335,0.02920705939966913
11.206666666666667,0.033959924189995896
11.21,-0.01312750823425932
11.213333333333335,0.025062439076235763
11.216666666666667,-0.011098949915824854
11.22,0.03067181759736949
11.223333333333334,0.060898897849963246
11.226666666666667,0.06591392286615552
11.23,0.06588482573783676
11.233333333333334,-0.07590802370210842
11.236666666666668,-0.17942027743145741
11.24,-0.3346183235049702
11.243333333333334,-0.5942884155006536
11.246666666666668,-0.7894660066327436
11.25,-0.9148770613010221
11.253333333333334,-1.0600780848719913
11.256666666666668,-1.0070807895221998
11.260000000000002,-0.786095560871499
11.263333333333334,-0.5696371969819897
11.266666666666667,-0.35732617145608414
11.270000000000001,-0.2153228858180886
11.273333333333333,0.02146251533771623
11.276666666666667,0.0986900545887821
11.280000000000001,0.19200232585052787
11.283333333333333,0.15759887817384216
11.286666666666667,0.13080210297563374
11.290000000000001,0.12830075183194853
11.293333333333335,0.10063292370939292
11.296666666666667,0.0344147859798242
11.3,0.0608833755742329
11.303333333333335,0.004136418274289882
11.306666666666667,-0.014715899008198955
11.31,-0.001252267183505698
11.313333333333334,0.023261279038409594
11.316666666666668,-0.0043565439968020515
11.32,-0.03845431769523845
11.323333333333334,-0.0038736046603958596
11.326666666666668,0.039104579765496236
11.33,-0.030573564341613794
11.333333333333334,-0.01865887779695912
11.336666666666668,-0.015514213664079407
11.34,0.011434623421713625
11.343333333333334,0.014119240722546826
11.346666666666668,0.03275531543595016
11.350000000000001,0.004798484760326874
11.353333333333333,-0.020339269560322126
11.356666666666667,0.028487411474406376
11.360000000000001,-0.025919550055765364
11.363333333333333,-0.01670031365214511
11.366666666666667,-0.052836660759452994
11.370000000000001,-0.006763218050134547
11.373333333333335,-0.007450523112054962
11.376666666666667,0.019265923144524164
11.38,0.039673048046210184
11.383333333333335,-0.01999169732822441
11.386666666666667,-0.042452598593151133
11.39,-0.012869708824364667
11.393333333333334,-0.014680281850099352
11.396666666666668,0.0139618595608213
11.4,-0.040697126136272785
11.403333333333334,0.007812907808681966
11.406666666666668,-0.07865188235081001
11.41,0.004609811402433212
11.413333333333334,-0.0025953900554031815
11.416666666666668,-0.01796539082705591
11.42,-0.017630934145263354
11.423333333333334,-0.05014645807990337
11.426666666666668,-0.04326497074710779
11.430000000000001,-0.03781373873212079
11.433333333333334,-0.08709130473115434
11.436666666666667,-0.08100918735930926
11.440000000000001,-0.05529583102511745
11.443333333333333,-0.08953298438418716
11.446666666666667,-0.07361948909840405
11.450000000000001,-0.10315912767391432
11.453333333333335,-0.12953022545005546
11.456666666666667,-0.11143499751773966
11.46,-0.11210122166949882
11.463333333333335,-0.1148279650547569
11.466666666666667,-0.12203975003971747
11.47,-0.14327805700724866
11.473333333333334,-0.15862281201167555
11.476666666666667,-0.15328663197660516
11.48,-0.22303727845406918
11.483333333333334,-0.20595007731109743
11.486666666666668,-0.21024256705101788
11.49,-0.20908556210540602
11.493333333333334,-0.1978488443286806
11.496666666666668,-0.23475214242343956
11.5,-0.21040283411975585
11.503333333333334,-0.2318601708354378
11.506666666666668,-0.21677579892663643
11.510000000000002,-0.20629462549277802
11.513333333333334,-0.2075699909122416
11.516666666666667,-0.2638166102233877
11.520000000000001,-0.23750233071030968
11.523333333333333,-0.2281929521760206
11.526666666666667,-0.20611639613594834
11.530000000000001,-0.21163705459063564
11.533333333333333,-0.18380984128448907
11.536666666666667,-0.23405376110238932
11.540000000000001,-0.17008611728408057
11.543333333333335,-0.1784654650548042
11.546666666666667,-0.14085181950503048
11.55,-0.14788430829868732
11.553333333333335,-0.19794339997703447
11.556666666666667,-0.13582324924691563
11.56,-0.1379073631371908
11.563333333333334,-0.1472199491924398
11.566666666666668,-0.11010313284554978
11.57,-0.0824320948412001
11.573333333333334,-0.1265241225032172
11.576666666666668,-0.08940612802552508
11.58,-0.07801034516538771
11.583333333333334,-0.04376808830863123
11.586666666666668,-0.045918373000757226
11.59,-0.09688895614506063
11.593333333333334,0.03066092789093068
11.596666666666668,-0.050572449945930964
11.600000000000001,-0.020001044198106648
11.603333333333333,-0.01866209110880042
11.606666666666667,-0.046145143532536306
11.610000000000001,-0.025131620306302397
11.613333333333333,0.049865293168938694
11.616666666666667,-0.008744762918927836
11.620000000000001,-0.004413919974852107
11.623333333333335,-0.040844717989878904
11.626666666666667,0.035454414392312256
11.63,0.006511305685349304
11.633333333333335,0.017100109331158183
11.636666666666667,0.013742070534765812
11.64,0.0408663279535203
11.643333333333334,0.05531037433277584
11.646666666666668,-0.020707047224243342
11.65,-0.0394990791901811
11.653333333333334,-0.04319895672498989
11.656666666666668,-0.012237083286349098
11.66,0.0002721439416122941
11.663333333333334,-0.012845020905698782
11.666666666666668,0.05418047144882869
11.67,0.0076280332195216086
11.673333333333334,0.023900309023837402
11.676666666666668,-0.00892849191322297
11.680000000000001,0.04890350599727701
11.683333333333334,-0.022518134773313978
11.686666666666667,0.025023946603874487
11.690000000000001,0.01078252516838078
11.693333333333333,0.03954369273768218
11.696666666666667,0.020835836739062766
11.700000000000001,-0.022690873576653097
11.703333333333335,0.061011031470366864
11.706666666666667,-0.0036571252170588143
11.71,-0.009523893780407494
11.713333333333335,0.1029543032450417
11.716666666666667,0.02394887136507891
11.72,0.061362746876455224
11.723333333333334,0.017492841513845694
11.726666666666667,0.023973869740015377
11.73,0.02352355589502636
11.733333333333334,0.020612397869661965
11.736666666666668,0.0028370223381751925
11.74,0.02868356250334699
11.743333333333334,0.04999267964934513
11.746666666666668,0.04627565700214459
11.75,0.03073661859723444
11.753333333333334,0.013903234120968097
11.756666666666668,0.06380753514469228
11.760000000000002,0.03407557610601057
11.763333333333334,0.06602024639907444
11.766666666666667,-0.012684527166600151
11.770000000000001,0.07791842179448703
11.773333333333333,0.02545277228121908
11.776666666666667,0.03993839377146546
11.780000000000001,0.04444381275034276
11.783333333333333,0.012173087377970623
11.786666666666667,0.01418556182285928
11.790000000000001,0.02447730473594116
11.793333333333335,0.0401309639850592
11.796666666666667,0.018304451397258732
11.8,0.06600750260337268
11.803333333333335,0.03060882161398521
11.806666666666667,-0.03083461738292891
11.81,0.07990860245954298
11.813333333333334,0.04084073984169992
11.816666666666668,0.05755355420038473
11.82,-0.023439465510668778
11.823333333333334,0.024649906764475604
11.826666666666668,0.022446374371199687
11.83,0.01909625124106444
11.833333333333334,-0.01740319946406795
11.836666666666668,0.03112851545309018
11.840000000000002,-0.018888535883513635
11.843333333333334,0.05786106443702087
11.846666666666668,0.05597355027431858
11.850000000000001,0.0033740176778142943
11.853333333333333,0.023611658387412866
11.856666666666667,0.04016340686735938
11.860000000000001,0.08103674686428822
11.863333333333333,0.04621668923037871
11.866666666666667,-0.02065306554722696
11.870000000000001,0.014235106185450451
11.873333333333335,0.003529873070328638
11.876666666666667,0.03257513053195409
11.88,0.06377325522653537
11.883333333333335,0.03499218050719885
11.886666666666667,0.07122898851996196
11.89,0.04162787148091464
11.893333333333334,0.04005294421594932
11.896666666666668,0.03768172634196337
11.9,0.026601609538797016
11.903333333333334,0.06184984387429801
11.906666666666668,0.0712437723152683
11.91,0.06700939828545488
11.913333333333334,0.06550373601996728
11.916666666666668,0.038893621860246946
11.92,0.07325911506308445
11.923333333333334,0.03258588139201069
11.926666666666668,0.051225885098349196
11.930000000000001,0.020452349268364752
11.933333333333334,0.045000463333995544
11.936666666666667,-0.010589300850986697
11.940000000000001,0.017462568004546736
11.943333333333333,0.046203721391201096
11.946666666666667,0.025481223450636997
11.950000000000001,0.002680293847936565
11.953333333333335,0.04587439507776583
11.956666666666667,-0.025426634679011312
11.96,0.04467676441347884
11.963333333333335,0.012149813700362073
11.966666666666667,0.024331681074438928
11.97,0.027551715021682986
11.973333333333334,0.06427464132894987
11.976666666666667,0.04844554570317011
11.98,-0.014302409387189102
11.983333333333334,0.04384734763313865
11.986666666666668,0.026136927701296123
11.99,-0.0060988867274529325
11.993333333333334,-0.002883219721663721
11.996666666666668,0.04128026828020649
